fname,lname,gender,areacode,phone,city,state,zip,maritalstatus,haschild,salary,rate,singleexemp,marriedexemp,childexemp
Pengyuan,Zendler,F,508,744-9007,SWAMPSCOTT,MA,1907,M,N,90000,5.3,0,7150,0
Nik,Tacic,M,702,517-7658,LAS VEGAS,NV,89140,M,N,90000,0,0,0,0
Hovav,Punter,M,501,304-9763,HASTY,AR,72640,S,N,50000,7,20,0,0
Xiangning,Vanneste,F,862,651-6469,BRIGANTINE,NJ,8203,M,Y,55000,1.9519792,0,2000,1500
Belen,Niccum,F,920,287-1889,FLORENCE,WI,54121,S,Y,85000,5.923290c7,700,0,400
Sudhanshu,Meguro,M,915,996-7794,BROWNSVILLE,TX,78521,S,N,60000,0,0,0,0
Babette,Abawajy,M,202,222-8737,WASHINGTON,DC,20226,S,N,95000,9,1370,0,0
Noury,Deineko,M,785,107-5730,LAWRENCE,KS,66049,S,N,10000,3.5,2250,0,0
Rossella,Chinen,F,202,868-7188,WASHINGTON,DC,20541,S,N,35000,9,1370,0,0
Fadila,Mamelak,F,864,919-2348,SAINT MATTHEWS,SC,29135,M,Y,65000,7,0,6600,3300
Nabuo,Lugli,F,203,800-6915,SOUTHBURY,CT,6488,S,N,90000,5,12750,0,0
Violet,Broeg,F,406,353-7076,BRADY,MT,59416,M,N,70000,6.9,0,3800,0
Elliott,Mawatari,M,206,504-2865,AUBURN,WA,98001,S,Y,85000,0,0,0,0
Gherin,Gori,M,312,722-5794,ROCHELLE,IL,61068,S,N,85000,3,2000,0,0
Thoddi,Obtulowicz,M,503,232-1410,WILLAMINA,OR,97396,M,N,65000,9,0,318,0
Aurora,Nogi,M,360,324-5693,LAKEWOOD,WA,98498,S,Y,30000,0,0,0,0
Irit,Smolensky,F,402,275-3579,SENECA,NE,69161,M,Y,40000,6.84,0,206,103
Tina,Tsotras,M,843,589-8247,GAFFNEY,SC,29340,S,Y,20000,7,3300,0,3300
Howard,Kageura,M,203,243-4810,STAMFORD,CT,6913,S,N,80000,5,12750,0,0
Raven,Prior,F,785,241-2136,BEAUMONT,KS,67012,M,N,65000,6.45,0,4500,0
Weiming,Posthoff,F,918,969-7666,VERA,OK,74082,M,N,45000,6.25,0,2000,0
Sanpei,Sobieski,F,360,921-9097,MILL CREEK,WA,98082,M,Y,20000,0,0,0,0
Lian,Grospietsch,F,216,367-4693,ROBERTSVILLE,OH,44670,S,Y,50000,2.2057693,1300,0,1300
Qianhong,Schmerl,M,304,708-9312,BARTLEY,WV,24813,M,Y,55000,6.1499996,0,4000,2000
Chaisak,Lageweg,M,302,577-3291,NEWARK,DE,19711,M,Y,95000,5.95,0,220,110
Vittorio,Staggers,F,419,552-3265,FORT LORAMIE,OH,45845,S,N,85000,3.36759,1300,0,0
Sigbjorn,Dawson,F,731,171-4165,KNOXVILLE,TN,37916,S,N,25000,0,0,0,0
Gultekin,Laxer,M,435,321-1879,SALT LAKE CITY,UT,84130,S,N,75000,7,2475,0,0
Roya,Gulik,F,479,329-8879,OMAHA,AR,72662,M,N,75000,7,0,40,0
Williaam,Averbukh,M,310,160-3505,MISSION VIEJO,CA,92690,M,N,45000,9.3,0,174,0
Shaodi,Parson,F,662,681-3942,TYLERTOWN,MS,39667,S,N,35000,5,6000,0,0
Jingyuan,Allinson,M,505,458-7270,CONCHAS DAM,NM,88416,M,Y,30000,5.3,0,6600,3300
Allessandro,Herity,M,434,753-8676,RICHMOND,VA,23240,M,Y,80000,5.75,0,1800,900
Heeju,Liberman,M,802,101-6985,EAST WALLINGFORD,VT,5742,S,N,40000,3.800944,3300,0,0
Octavio,Vittorini,F,947,992-1762,CEDAR SPRINGS,MI,49319,S,N,25000,.39,3100,0,0
Jaejin,Shanmugasundaram,F,805,871-8786,SACRAMENTO,CA,94229,M,Y,85000,9.3,0,174,272
Ameet,Bain,F,406,283-7189,MISSOULA,MT,59802,S,N,85000,6.9,1900,0,0
Ondrej,Shiomi,F,808,425-8021,KAHULUI,HI,96732,M,N,15000,3.743421,0,2080,0
Xiaolang,Rodham,F,920,597-7976,GRANTON,WI,54436,S,N,5000,5.4020367,700,0,0
Surjatini,Stellhorn,M,802,915-9500,WATERBURY,VT,5671,M,Y,35000,3.7014668,0,6600,3300
Ilagit,Auinger,F,907,185-6056,ANCHORAGE,AK,99530,M,N,70000,0,0,0,0
Muzhong,Voorhoeve,M,928,885-6378,PHOENIX,AZ,85097,M,Y,85000,4.0325,0,4200,2300
Avelino,English,M,401,795-3153,WESTERLY,RI,2891,M,Y,70000,0,0,0,0
Kuhanandha,Juste,F,620,383-2452,WICHITA,KS,67212,M,Y,80000,6.45,0,4500,2250
Daoud,Koszlajda,F,479,580-2032,OZAN,AR,71855,S,N,20000,4.9682083,20,0,0
Yuyan,Simao,M,603,350-5756,EAST DERRY,NH,3041,M,Y,50000,0,0,0,0
Toshiya,Moshkow,M,609,858-3419,BELLEVILLE,NJ,7109,S,Y,75000,2.267396,1000,0,1500
Gao,Perritt,F,405,149-9161,ENID,OK,73702,S,N,35000,6.25,1000,0,0
Christine,Dewez,F,971,497-8563,BEAVER,OR,97108,S,N,15000,9,159,0,0
Naomi,Jolfaei,F,802,284-1040,BARRE,VT,5641,S,Y,30000,3.6019895,3300,0,3300
Eddi,Dresler,F,406,360-6112,RINGLING,MT,59642,S,N,60000,6.9,1900,0,0
Tricia,Raschke,F,504,365-7356,BONITA,LA,71223,S,N,90000,6,4500,0,0
Rosana,Prabhakar,M,716,742-9434,SCHENECTADY,NY,12308,S,N,20000,4.0695124,0,0,0
Sachiko,Rajkumar,M,505,454-7224,MAGDALENA,NM,87825,S,N,5000,1.7,3300,0,0
Jory,Itzfeldt,F,817,295-2672,NOTREES,TX,79759,M,N,35000,0,0,0,0
Antoni,Bober,F,860,822-3830,EAST WOODSTOCK,CT,6244,S,Y,70000,5,12750,0,0
Kari,Tadic,M,406,496-1588,COOKE CITY,MT,59020,S,Y,65000,6.9,1900,0,1900
Yonit,Tanskanen,F,312,328-9462,SAINTE MARIE,IL,62459,M,N,45000,3,0,4000,0
Jianan,Kaji,M,605,548-2369,BURBANK,SD,57010,M,Y,85000,0,0,0,0
Masadi,Pgunnekkat,F,717,492-9196,NORTH EAST,PA,16428,S,Y,35000,3.07,0,0,0
Tankoano,Stumptner,M,203,717-2198,VERSAILLES,CT,6383,M,Y,5000,3,0,24500,0
Ferdi,Parter,M,612,360-4982,REDLAKE,MN,56671,M,N,35000,6.1232123,0,6600,0
Tunhow,Anastasakis,M,307,901-3497,LANCE CREEK,WY,82222,S,Y,100000,0,0,0,0
Jaeho,Levcopoulos,F,979,893-3703,KERENS,TX,75144,S,N,35000,0,0,0,0
Joost,Krumm,M,580,685-9010,BARTLESVILLE,OK,74004,M,N,70000,6.25,0,2000,0
Montgomery,Odberg,M,802,390-6816,BROWNSVILLE,VT,5037,S,N,60000,4.1988535,3300,0,0
PeiZong,Cardazo,F,856,512-8410,TOMS RIVER,NJ,8755,M,N,45000,1.7942708,0,2000,0
Rogers,Thies,M,615,154-9152,PULASKI,TN,38478,S,Y,85000,0,0,0,0
Teemu,Krybus,M,302,229-8352,CHESWOLD,DE,19936,M,N,15000,2.8818183,0,220,0
Glauco,Pottossine,M,202,785-2906,WASHINGTON,DC,20528,M,N,20000,6.75,0,2740,0
Jide,Carrington,M,928,540-4354,SCOTTSDALE,AZ,85254,M,Y,10000,2.87,0,4200,2300
Mirit,Hanchek,F,603,995-2629,CANAAN,NH,3741,M,Y,70000,0,0,0,0
Nestor,Koutny,F,304,341-7285,KISTLER,WV,25628,M,Y,10000,3,0,4000,2000
Xiaobin,Teruel,F,765,954-2618,LEROY,IN,46355,S,N,15000,3.4,1000,0,0
Zohar,Kwasny,F,217,312-7776,NEWARK,IL,60541,S,N,45000,3,2000,0,0
Talal,Zaiane,M,580,366-3966,SHAWNEE,OK,74801,M,Y,95000,6.25,0,2000,1000
Riverson,Carle,F,775,179-7087,BOULDER CITY,NV,89006,M,N,40000,0,0,0,0
Gudala,Earley,F,203,691-8996,ONECO,CT,6373,M,N,55000,5,0,24500,0
Martyn,Blomberg,F,971,481-2259,BEND,OR,97701,M,Y,85000,9,0,318,159
Genevieve,Jowett,F,708,660-7084,WOOD RIVER,IL,62095,M,N,15000,3,0,4000,0
Heidi,Keum,F,302,657-4843,WILMINGTON,DE,19899,S,Y,75000,5.95,110,0,110
Chandrajit,Seymour,M,864,353-3505,COOSAWHATCHIE,SC,29912,M,Y,100000,7,0,6600,3300
Hiromu,Nobauer,M,401,119-4372,KINGSTON,RI,2881,S,N,75000,0,0,0,0
Gregoria,Plesniewicz,F,302,686-2159,WILMINGTON,DE,19893,S,Y,65000,5.95,110,0,110
Judicael,Higginson,M,405,273-8775,OKLAHOMA CITY,OK,73167,S,Y,5000,3.0555556,1000,0,1000
Debbie,Uramoto,M,505,380-7030,ALBUQUERQUE,NM,87181,M,N,50000,5.3,0,6600,0
Gonzalo,Fujisawa,M,208,668-5892,KOOTENAI,ID,83840,S,Y,15000,5.529042,3300,0,3300
Koki,Warwick,M,702,525-3046,LAS VEGAS,NV,89159,S,N,35000,0,0,0,0
Kersti,Jorissen,M,731,845-1402,LUPTON CITY,TN,37351,S,N,95000,0,0,0,0
Souji,Kouzes,F,432,549-9593,LANCASTER,TX,75134,S,N,55000,0,0,0,0
Dung,Pike,F,774,133-6113,BRIDGEWATER,MA,2325,S,N,55000,5.3,3575,0,0
Tadao,Niland,M,206,812-5292,SEATTLE,WA,98181,M,N,80000,0,0,0,0
Sonu,Merhav,M,603,379-9505,GLEN,NH,3838,M,N,15000,0,0,0,0
Cheong,Kavraki,F,606,286-5145,BROWNSVILLE,KY,42210,S,Y,40000,4.0555553,20,0,20
Scot,Genther,M,606,486-2472,LOUISVILLE,KY,40217,S,N,25000,3.2222223,20,0,0
Edna,Cooper,F,308,412-9410,MILLER,NE,68858,M,N,55000,6.84,0,206,0
Jaihie,Cau,F,302,446-6343,DAGSBORO,DE,19939,M,Y,10000,2.540909,0,220,110
Juanita,Sivarajan,F,603,966-6735,GRAFTON,NH,3240,S,Y,30000,0,0,0,0
Abrajit,Flege,M,601,197-2272,MERIDIAN,MS,39309,S,N,80000,5,6000,0,0
Hirohiko,Mullainathan,M,715,432-1687,APPLETON,WI,54914,S,Y,20000,4.7939067,700,0,400***
Uinam,Hekken,F,339,769-6182,BELMONT,MA,2478,M,Y,35000,5.3,0,7150,1000
Mingsheng,Zaccaria,M,971,575-9742,BORING,OR,97009,S,N,30000,9,159,0,0
Baoquan,Guha,F,339,730-7750,EAST WALPOLE,MA,2032,S,Y,40000,5.3,3575,0,1000
Miron,Aue,F,304,295-7427,MARTINSBURG,WV,25402,S,Y,75000,6.5,2000,0,2000
Solveig,Tierney,F,260,242-7728,FORT WAYNE,IN,46845,M,N,80000,3.4,0,2000,0
Dipen,Compeau,F,402,284-8946,ATKINSON,NE,68713,M,Y,10000,3.9097095,0,206,103
Rosanna,Angster,F,225,159-6120,ERATH,LA,70533,M,Y,55000,6,0,9000,1000
Fiorella,Culpepper,M,515,868-1779,ELKPORT,IA,52044,M,N,10000,1.7078737,0,80,0
Radoslaw,Agarawala,F,224,159-4972,GOLCONDA,IL,62938,S,N,100000,3,2000,0,0
Huayan,Iverson,M,307,771-5474,RAWLINS,WY,82301,M,N,90000,0,0,0,0
Takayuki,Auletta,M,430,510-7810,EL PASO,TX,88519,S,Y,95000,0,0,0,0
Teofilo,Kisielewicz,F,509,808-6639,REDMOND,WA,98052,M,N,5000,0,0,0,0
Heeseok,Sawada,F,319,282-7029,CLEMONS,IA,50051,S,Y,100000,8.98,40,0,40
Kern,Queinnec,F,304,161-7106,PAGETON,WV,24871,M,Y,10000,3,0,4000,2000
Refael,Hasida,F,939,677-3999,LUQUILLO,PR,773,S,Y,30000,0,0,0,0
Saadia,Valtorta,F,304,806-6310,REEDY,WV,25270,S,N,50000,5.8,2000,0,0
Giuseppe,Daigle,M,603,900-7725,MANCHESTER,NH,3104,M,Y,70000,0,0,0,0
Knud,Jenkins,F,423,309-6168,MILLINGTON,TN,38055,M,N,15000,0,0,0,0
Annie,Chu,F,916,104-8012,SALINAS,CA,93912,S,N,30000,6.590543,87,0,0
Hungwen,Terkki,F,719,184-8630,TWO BUTTES,CO,81084,M,N,90000,4.63,0,0,0
Kayo,Haralick,F,339,730-9081,DORCHESTER,fMA,2125,M,Y,40000,5.3,0,7150,1000
Brock,Christianini,F,248,576-4279,COPPER HARBOR,MI,49918,M,Y,55000,3.9,0,6200,3100
Armin,Seung,M,804,693-8245,RICHMOND,VA,23292,S,Y,50000,5.75,900,0,900
Wagner,Phua,F,808,152-1455,KAPOLEI,HI,96707,S,Y,30000,6.447368,1040,0,1040
Ryuzo,Ulich,F,662,484-5807,PORTERVILLE,MS,39352,S,N,100000,5,6000,0,0
Teruji,Dey,F,202,989-1133,WASHINGTON,DC,20431,M,N,10000,4.5,0,2740,0
Francine,Baba,F,276,414-8610,FALLS MILLS,VA,24613,M,N,40000,5.75,0,1800,0
Giap,Bilotta,F,907,894-3705,SAINT MICHAEL,AK,99659,M,Y,15000,0,0,0,0
Pavlin,Gerlach,M,712,806-3298,NORTH WASHINGTON,IA,50661,M,N,70000,8.98,0,80,0
Gerri,Onizuka,M,406,225-5478,POPLAR,MT,59255,S,N,75000,6.9,1900,0,0
Tiziana,Schuster,M,772,727-6137,CORAL SPRINGS,FL,33075,S,N,60000,0,0,0,0
Newton,Liscouet,F,320,656-2220,TAUNTON,MN,56291,M,Y,65000,7.724066,0,6600,3300
Roch,Agi,M,360,751-4146,BOYDS,WA,99107,M,Y,60000,0,0,0,0
Xuemin,Niittylahti,F,801,188-4022,PARAGONAH,UT,84760,S,Y,45000,7,2475,0,2475
Tadeusz,Brinkschulte,M,504,909-7616,HAMMOND,LA,70401,M,N,25000,6,0,9000,0
Chinho,Demmer,F,860,584-9932,EAST HAMPTON,CT,6424,M,N,30000,5,0,24500,0
Seraffin,Zampieri,M,402,183-5964,CAMPBELL,NE,68932,M,Y,75000,6.84,0,206,103
Nicu,Westin,F,262,269-4453,BAILEYS HARBOR,WI,54202,S,N,55000,5.4020367,700,0,0
Mitsuhisa,Papadimitriou,F,207,410-8062,GOULDSBORO,ME,4607,S,Y,60000,8.5,2850,0,2850
Gjalt,Harnpanichpun,F,505,777-2045,ALBUQUERQUE,NM,87121,M,Y,100000,5.3,0,6600,3300
Pranava,Siochi,M,540,851-6497,GAINESVILLE,VA,20156,M,N,60000,5.75,0,1800,0
Gaid,Weisenberg,F,808,229-5260,HILO,HI,96721,S,N,100000,8.25,1040,0,0
Hedwig,Brendel,F,775,288-8288,HALLECK,NV,89824,S,Y,90000,0,0,0,0
Souichi,Wadey,F,802,519-2066,STOWE,VT,5672,S,N,45000,3.9004214,3300,0,0
Budak,Schmaranz,F,218,151-1223,SCHROEDER,MN,55613,M,N,25000,5.5895944,0,6600,0
Jean,Tsujishita,F,202,132-8926,WASHINGTON,DC,20424,S,Y,10000,4.5,1370,0,1370
Nicolau,Lavoie,M,865,969-1114,COKER CREEK,TN,37314,S,N,30000,0,0,0,0
Amos,Gavrilov,M,606,621-7327,LOUISVILLE,KY,40293,M,N,75000,6,0,40,0
Abdel,Kinnen,M,260,635-7798,SULLIVAN,IN,47864,M,N,10000,3.4,0,2000,0
Kish,Cannan,M,563,689-4109,MOUNT VERNON,IA,52314,S,Y,10000,1.7078737,40,0,40
Wes,Cooperband,F,320,296-7818,BOWSTRING,MN,56631,S,N,25000,5.5895944,3300,0,0
Nell,Beretta,M,219,811-9770,DANVILLE,IN,46122,M,N,100000,3.4,0,2000,0
Hezhi,Nishizaki,M,769,413-3763,POPE,MS,38658,S,Y,90000,5,6000,0,1500
John,Sherratt,M,978,184-9558,OCEAN BLUFF,MA,2065,S,N,60000,5.3,3575,0,0
Gianluca,McCormick,F,507,659-1237,KENYON,MN,55946,M,Y,10000,5.35,0,6600,3300
Kelly,Heinke,F,865,863-1774,MOUNT CARMEL,TN,37645,M,Y,55000,0,0,0,0
Grigoris,Lafouge,F,701,498-8818,HARVEY,ND,58341,S,Y,75000,2.6251287,3300,0,3300
Bir,Byron,F,315,750-4795,BEAVER FALLS,NY,13305,M,Y,30000,4.127439,0,0,1000
Yukon,Lepage,F,205,511-2544,HATCHECHUBBEE,AL,36858,S,N,85000,5,1500,0,0
Kuninobu,Decatur,F,713,299-7746,PINEHURST,TX,77362,S,Y,55000,0,0,0,0
Prabhudev,Kodama,F,802,216-5879,ASCUTNEY,VT,5030,M,Y,70000,4.397808,0,6600,3300
Motohide,Angulli,F,574,682-2619,WARSAW,IN,46582,S,N,35000,3.4,1000,0,0
Taylor,Sanada,F,787,500-5910,MOCA,PR,676,M,Y,85000,0,0,0,0
Aspi,McKie,M,907,570-1960,SAINT GEORGE ISLAND,AK,99591,M,N,20000,0,0,0,0
Conal,Lindgreen,F,970,383-4114,ARVADA,CO,80002,M,N,15000,4.63,0,0,0
Junko,Kragelund,F,402,790-1630,GORDON,NE,69343,M,N,25000,6.5736103,0,206,0
Vinay,Haumacher,F,252,140-2584,MOCKSVILLE,NC,27028,S,N,60000,6.9912586,3300,0,0
Jeonghee,Zajac,M,931,138-6557,HICKMAN,TN,38567,S,Y,95000,0,0,0,0
Fen,Feger,F,307,644-9095,TORRINGTON,WY,82240,M,Y,15000,0,0,0,0
Sidhar,Plantinga,F,501,210-6450,HETH,AR,72346,M,Y,90000,7,0,40,20
Felicity,Wohed,F,847,457-2802,GLENCOE,IL,60022,M,Y,45000,3,0,4000,2000
Daphne,Belkhatir,F,202,188-9789,WASHINGTON NAVY YARD,DC,20398,S,Y,25000,7.875,1370,0,1370
Babette,Noga,M,870,754-6944,MORROW,AR,72749,S,Y,40000,7,20,0,20
Hou,Covnot,F,808,768-5139,MOUNTAIN VIEW,HI,96771,M,Y,45000,8.25,0,2080,1040
Uming,Rindone,M,515,532-6731,MAURICE,IA,51036,M,N,70000,8.98,0,80,0
Thao,Noriega,M,631,978-2969,YONKERS,NY,10702,S,N,40000,4.1853657,0,0,0
Radmilo,Koppol,F,417,438-6817,DAVISVILLE,MO,65456,M,Y,30000,6,0,4200,1200
Reiko,Slyke,M,937,713-9585,BEAVERDAM,OH,45808,M,N,5000,0.712,0,2600,0
Long,Comparot,F,814,984-2470,ARCOLA,PA,19420,***,Y,95000,3.07,0,0,0
Elizabeth,Preishuber,F,913,681-1608,SAINT PAUL,KS,66771,S,N,45000,6.45,2250,0,0
Torgrim,Francisci,F,843,410-4438,MYRTLE BEACH,SC,29578,S,N,80000,7,3300,0,0
Ravindran,Magnier,M,715,877-2404,MC NAUGHTON,WI,54543,S,N,45000,5.228285,700,0,0
Mayez,Cusworth,F,760,184-6681,VAN NUYS,CA,91408,S,N,30000,6.590543,87,0,0
Manrique,Fayolle,F,302,938-1929,VIOLA,DE,19979,M,Y,60000,5.95,0,220,110
Sahin,Ruther,M,229,663-6848,POWDER SPRINGS,GA,30127,M,N,20000,6,0,5400,0
Xunwei,Soreide,F,731,646-4720,PINEY FLATS,TN,37699,M,Y,55000,0,0,0,0
Akeel,Socolovsky,M,979,667-7128,DUNCANVILLE,TX,75116,S,N,35000,0,0,0,0
Rudolph,Riguzzi,F,682,360-7264,LITTLE RIVER ACADEMY,TX,76554,M,N,25000,0,0,0,0
Monty,Muchnick,M,302,573-6497,DELMAR,DE,19940,M,N,5000,2.2,0,220,0
Gerti,Wahls,F,731,315-2994,MEMPHIS,TN,38168,S,N,50000,0,0,0,0
Celso,Bekesi,F,210,630-4533,FORSAN,TX,79733,M,N,30000,0,0,0,0
Rondall,Treweek,F,603,108-9496,NORTH STRATFORD,NH,3590,M,Y,10000,0,0,0,0
Cathy,Hirsbrunner,F,605,547-1849,STRANDBURG,SD,57265,S,N,80000,0,0,0,0
Royce,Zumbushc,M,702,792-3104,COYOTE SPRINGS,NV,89037,M,Y,50000,0,0,0,0
Avadis,Benzmuller,M,435,423-3878,GOSHEN,UT,84633,M,Y,90000,7,0,4950,2475
Linda,Gire,F,443,207-8909,BROWNSVILLE,MD,21715,M,Y,95000,4.75,0,4800,2400
Couto,Edmondson,M,308,719-2873,SPRINGFIELD,NE,68059,M,Y,100000,6.84,0,206,103
Nils,Takanami,F,818,941-5069,CANBY,CA,96015,S,Y,5000,1,87,0,272
Venkata,Nitadori,F,509,653-4843,BELLEVUE,WA,98009,M,N,80000,0,0,0,0
Joop,Bashkow,M,301,101-4374,BLADENSBURG,MD,20710,S,Y,100000,4.75,2400,0,2400
Fan,Dingel,M,803,504-9021,FsORT MILL,SC,29707,S,N,20000,7,3300,0,0
Rona,Kambil,F,865,805-6887,NASHVILLE,TN,37220,S,Y,70000,0,0,0,0
Yunming,Litant,F,802,262-8257,GLOVER,VT,5839,S,N,60000,4.1988535,3300,0,0
Surajit,Praeger,F,803,318-2026,GAFFNEY,SC,29341,M,N,45000,7,0,6600,0
Jungyun,Alimohamed,M,605,856-4434,YALE,SD,57386,S,N,50000,0,0,0,0
Ido,Marsden,M,920,214-4022,MILWAUKEE,WI,53259,M,Y,50000,5.3151608,0,1400,400
Suzan,Duclos,F,401,664-5371,PAWTUCKET,RI,2861,S,Y,90000,0,0,0,0
Venkatraman,Tasistro,M,262,385-3083,HAUGEN,WI,54841,M,N,80000,5.836415,0,1400,0
JongMin,Proietti,M,918,660-6728,ENID,OK,73703,M,Y,25000,6.25,0,2000,1000
Cristiano,Loulergue,F,406,909-4181,MILLTOWN,MT,59851,M,Y,50000,6.9,0,3800,1900
Sahar,Willamowski,M,641,440-2812,CARTER LAKE,IA,51510,M,N,95000,8.98,0,80,0
Xiaotie,Tsujishita,F,615,481-4436,MEMPHIS,TN,38190,M,Y,15000,0,0,0,0
Shem,Gerstenkorn,F,270,352-1928,INDEPENDENCE,KY,41051,M,Y,80000,6,0,40,20
Sharad,Degimbe,M,240,753-5928,RIDGELY,MD,21686,M,N,5000,4.75,0,4800,0
Avigdor,Litecky,F,276,679-1475,VIENNA,VA,22184,M,Y,90000,5.75,0,1800,900
Mohammed,Rathi,M,202,781-8242,WASHINGTON,DC,20013,S,Y,95000,9,1370,0,1370
Rajaraman,Cyre,M,971,573-7406,TROUTDALE,OR,97060,S,N,10000,9,159,0,0
Inbal,Suermann,F,208,901-4699,LETHA,ID,83636,S,N,100000,7.8,3300,0,0
Luba,Libkin,M,734,766-9214,WALLED LAKE,MI,48391,M,N,100000,3.9,0,6200,0
Casimir,Marzullo,M,773,540-8234,NORTH CHICAGO,IL,60064,M,Y,85000,3,0,4000,2000
Anthong,Huuskonen,M,939,661-2631,LUQUILLO,PR,773,S,N,15000,0,0,0,0
Yongkyun,Brodsky,M,402,652-5639,LEBANON,NE,69036,M,Y,15000,4.7976766,0,206,103
Ashwini,Schnoebelen,F,301,389-5635,TAKOMA PARK,MD,20913,M,N,100000,4.75,0,4800,0
Djamila,Crepeau,F,603,740-3671,EAST KINGSTON,NH,3827,M,Y,60000,0,0,0,0
Terrill,Preas,M,308,632-3299,FRANKLIN,NE,68939,S,Y,30000,6.84,103,0,103
Hongjing,Kopecky,M,907,722-3067,TWO RIVERS,AK,99716,M,Y,35000,0,0,0,0
Dayanand,Meriem,M,307,703-8484,BIG PINEY,WY,83113,M,Y,30000,0,0,0,0
Helene,Allison,M,678,585-9798,ATLANTA,GA,30326,M,N,5000,4.4,0,5400,0
Eckehard,Schuette,M,662,422-5351,POTTS CAMP,MS,38659,M,N,65000,5,0,12000,0
Elisa,d'Argence,M,208,476-1187,HOPE,ID,83836,M,Y,55000,7.8,0,6600,3300
Ziv,Belanche,F,763,995-9504,BORUP,MN,56519,S,N,100000,7.85,3300,0,0
Stafano,Piette,M,337,733-5123,NEW IBERIA,LA,70562,S,Y,5000,2,4500,0,1000
Otthein,Efe,F,901,780-1326,DAYTON,TN,37321,S,N,40000,0,0,0,0
Shiafun,Cappelli,M,443,240-3353,GALENA,MD,21635,S,N,20000,4.75,2400,0,0
Hyunseung,Fioravanti,F,701,819-3337,GRAND FORKS,ND,58202,S,Y,75000,2.6251287,3300,0,3300
Mamata,Eskilson,M,626,508-9160,SAINT HELENA,CA,94574,M,Y,55000,9.3,0,174,272
LouAnn,Oberhauser,M,775,825-2982,JARBIDGE,NV,89826,S,N,50000,0,0,0,0
Wagar,Bratten,M,702,832-2349,LAS VEGAS,NV,89129,M,N,10000,0,0,0,0
Shoji,Ringeissen,M,432,602-4381,SWEETWATER,TX,79556,M,N,30000,0,0,0,0
Sharat,Wissmann,M,304,946-6781,TEAYS,WV,25569,S,N,70000,6.5,2000,0,0
Surjatini,Kildall,M,406,988-3047,SHERIDAN,MT,59749,M,Y,10000,4.916379,0,3800,1900
Deven,Rayne,F,618,263-7863,GLADSTONE,IL,61437,M,N,20000,3,0,4000,0
Selmer,Sundareshan,M,702,956-3707,LAS VEGAS,NV,89115,M,Y,60000,0,0,0,0
Sonoko,Dam,F,939,206-1159,CABO ROJO,PR,623,S,N,45000,0,0,0,0
Aahok,Chamillard,M,928,763-9265,MESA,AZ,85274,S,N,70000,3.8,2100,0,0
Yaakov,Sione,F,360,626-2579,PUYALLUP,WA,98375,M,N,75000,0,0,0,0
Noach,Kuzuoka,M,662,694-3205,SLATE SPRING,MS,38955,M,Y,90000,5,0,12000,1500
Mandy,Sidou,M,267,606-1367,HESSTON,PA,16647,M,Y,100000,3.07,0,0,0
Oliver,Konikowska,F,307,658-1685,OSAGE,WY,82723,M,N,30000,0,0,0,0
Rade,Spinelli,M,620,287-5006,STAFFORD,KS,67578,M,Y,40000,6.45,0,4500,2250
Graydon,Nojima,F,870,555-2376,CENTERVILLE,AR,72829,S,N,90000,7,20,0,***
Joshua,Batz,M,909,253-4845,DIAMOND BAR,CA,91765,S,N,25000,5.410157,87,0,0
Manavendra,Siemmens,F,602,583-5194,LAVEEN,AZ,85339,M,Y,70000,3.8,0,4200,2300
Isdor,Fosse,F,202,950-4713,WASHINGTON,DC,20472,S,N,35000,9,1370,0,0
Jianghai,Orailoglu,F,812,452-4710,WEST BADEN SPRINGS,IN,47469,M,N,25000,3.4,0,2000,0
Varsha,Ernst,M,484,993-6874,ASHFIELD,PA,18212,S,Y,25000,3.07,0,0,0
Cherri,Wroclawski,M,504,319-9588,OLLA,LA,71465,M,N,20000,4.4,0,9000,0
Chandrasekhara,Mlynski,M,912,791-5354,RICEBORO,GA,31323,S,N,85000,6,2700,0,0
Felicja,Hawryszkiewycz,M,209,939-8636,RIVERSIDE,CA,92507,M,N,95000,9.3,0,174,0
Ramachenga,Gheorghiu,F,865,408-8074,NASHVILLE,TN,37201,S,Y,85000,0,0,0,0
Wafa,Shumilov,F,202,655-6005,WASHINGTON,DC,20425,S,N,30000,9,1370,0,0
Tricia,Cosica,F,207,356-5611,SHAWMUT,ME,4975,M,Y,50000,8.5,0,5700,2850
Paritosh,Fokker,F,406,196-2966,FAIRFIELD,MT,59436,S,Y,60000,6.9,190,0,1900
Tetra,Nadas,M,408,574-1110,CHINO,CA,91710,M,N,45000,9.3,0,174,0
Yohko,Flaus,F,612,370-4696,GOOD THUNDER,MN,56037,M,Y,40000,6.3900213,0,6600,3300
Talia,Machida,F,308,406-6856,ARCADIA,NE,68815,M,N,60000,6.84,0,206,0
Chuen,Bahk,F,602,537-7251,PRESCOTT,AZ,86304,M,N,90000,4.11,0,4200,0
Benson,Rathi,M,907,359-5585,JUNEAU,AK,99812,S,Y,15000,0,0,0,0
Premachandran,Kann,M,719,142-5405,COLORADO SPRINGS,CO,80915,M,Y,90000,4.63,0,0,0
Lunjiang,Hanchek,F,802,278-9141,GRAND ISLE,VT,5458,M,N,40000,3.800944,0,6600,0
Grigori,Detro,F,304,723-1241,JULIAN,WV,25529,M,Y,45000,5.45,0,4000,2000
Geereddy,Hacid,F,208,435-7680,SMELTERVILLE,gID,83868,M,N,75000,7.8,0,6600,0
Vaughan,Hanatani,F,878,638-2204,PITTSBURGH,PA,15215,M,Y,85000,3.07,0,0,0
Vishv,Tzvieli,M,701,858-7215,LITCHVILLE,ND,58461,S,N,80000,2.68309,3300,0,0
Atushi,America,F,402,646-1689,HARRISON,NE,69346,S,Y,85000,6.84,103,0,103
Kun,Tabuchi,F,417,680-4685,LILBOURN,MO,63862,S,Y,50000,6,2100,0,1200
Morganna,Riis,M,608,376-1425,SILVER LAKE,WI,53170,M,N,25000,4.880782,0,1400,0
Wenxue,Ariyawansa,F,208,774-3684,COLBURN,ID,83865,S,Y,15000,5.529042,3300,0,3300
Till,Kotani,F,207,240-8137,EAST BOOTHBAY,ME,4544,S,Y,5000,2.2135036,2850,0,2850
Imari,Kleinjohann,F,401,143-3552,CUMBERLAND,RI,2864,S,Y,30000,0,0,0,0
Gyora,Streich,M,406,374-9243,RED LODGE,MT,59068,M,N,5000,2.3732758,0,3800,0
Bilhanan,Sione,F,774,767-4605,NEEDHAM HEIGHTS,MA,2494,M,N,15000,5.3,0,7150,0
Zeger,Zaimov,F,419,521-3886,BELLEFONTAINE,OH,43311,S,N,40000,1.8738205,1300,0,0
Sumedh,Cartier,M,702,108-9643,SUN VALLEY,NV,89433,S,Y,95000,0,0,0,0
Lizy,Suorsa,F,717,743-1281,SCRANTON,PA,18505,M,N,75000,3.07,0,0,0
Ioanis,Lupu,F,724,116-3246,BENEZETT,PA,15821,M,N,45000,3.07,0,0,0
Grigoris,Gentile,F,603,961-8799,NASHUA,NH,3060,M,N,45000,0,0,0,0
Erica,Trehan,M,734,306-8600,BIG BAY,MI,49808,S,Y,30000,3.9,3100,0,3100
Rinie,Jonckers,M,401,910-7985,JOHNSTON,RI,2919,M,Y,35000,0,0,0,0
Jovanna,Fosse,F,202,411-7553,WASHINGTON,DC,20208,M,Y,75000,9,0,2740,1370
Ian,Lupu,M,505,180-2794,LA MADERA,NM,87539,S,Y,5000,1.7,3300,0,3300
Vojtech,Monkewich,F,479,205-5860,GRANNIS,AR,71944,S,N,40000,7,20,0,0
Firoz,Heydon,M,443,375-8726,DRAYDEN,MD,20630,M,Y,30000,4.75,0,4800,2400
Xiannong,Pinzani,M,339,361-4214,SOUTH DARTMOUTH,MA,2748,S,N,30000,5.3,3575,0,0
Gady,Deacon,M,203,823-1927,HARTFORD,CT,6102,M,Y,45000,5,0,24500,0
Rubens,Bruns,F,702,442-7354,RENO,NV,89599,S,Y,90000,0,0,0,0
Humphrey,Ramamoorthy,F,401,466-2957,CLAYVILLE,RI,2815,M,N,90000,0,0,0,0
Sethu,Haasis,M,802,330-7388,LONDONDERRY,VT,5148,S,Y,85000,4.69624,3300,0,3300
Polly,Litant,F,614,445-6070,CYNTHIANA,OH,45624,M,N,75000,3.0356412,0,2600,0
Giampaolo,Rege,M,256,421-6525,NEW BROCKTON,AL,36351,S,N,10000,5,1500,0,0
Jong,Milojicic,F,208,550-9016,BASALT,ID,83218,S,N,85000,7.8,3300,0,0
Guenter,Sigal,M,401,707-8008,PROVIDENCE,RI,2908,S,N,10000,0,0,0,0
Gunnvald,Lieflander,M,917,747-7431,AMITYVILLE,NY,11701,S,N,65000,4.330183,0,0,0
Masao,Kingdon,M,406,374-8411,DAGMAR,MT,59219,S,Y,35000,6.9,1900,0,1900
Muzhong,Derthick,M,859,501-8665,ATHOL,KY,41307,S,Y,95000,6,20,0,20
Hidetosi,Maquelin,F,256,788-7459,NORTHPORT,AL,35473,M,N,45000,5,0,3000,0
Prithviraj,Neighbors,M,307,338-8244,BOULDER,WY,82923,S,N,25000,0,0,0,0
Lyman,Castellani,,361,141-5833,CRANDALL,TX,75114,M,N,25000,0,0,0,0
Ljiljana,Smeets,F,508,693-9220,AGAWAM,MA,1001,M,Y,45000,5.3,0,7150,1000
Eisuke,Fasel,M,414,996-3797,SHEBOYGAN,WI,53083,M,N,10000,4.620155,0,1400,0
Richa,Bouaricha,F,734,777-3473,GRAND RAPIDS,MI,49518,S,Y,25000,3.9,3100,0,3100
Hiroko,Cambanis,F,662,797-4304,JONESTOWN,MS,38639,M,Y,60000,5,0,12000,1500
Rein,akagami,M,302,675-7612,YORKLYN,DE,19736,M,N,100000,5.95,0,220,0
Othmar,Okuhata,F,608,229-6090,ROSHOLT,WI,54473,S,N,45000,5.228285,700,0,0
Stella,Sokoler,F,828,550-4061,TUCKASEGEE,NC,28783,S,Y,40000,6.571678,3300,0,3300
Kazuyasu,Krogh,F,706,537-9961,WARNER ROBINS,GA,31095,S,Y,60000,6,2700,0,3000
Ariel,Eisinger,F,651,986-5748,KERKHOVEN,MN,56252,S,Y,70000,7.85,3300,0,3300
Elad,Augusteijn,M,214,611-3689,EL PASO,TX,88568,M,Y,55000,0,0,0,0
Andrei,Nagaya,M,319,892-4612,BRYANT,A,52727,M,N,10000,1.7078737,0,80,0
Peikun,Ranst,F,443,970-3796,HAGERSTOWN,MD,21746,M,Y,70000,4.75,0,4800,2400
Clemens,Nastar,F,407,828-8212,VENICE,FL,34285,M,N,55000,0,0,0,0
Bikram,Monnard,M,312,654-7737,CHjICAGO,IL,60637,M,Y,70000,3,0,4000,2000
Manoli,Umaschi,***,302,556-6474,WILMINGTON,DE,19898,S,Y,20000,3.2227273,110,0,110
Gonzalo,Suwanda,M,605,202-8598,LANE,SD,57358,M,N,45000,0,0,0,0
Aicha,Nador,F,225,633-7024,GUEYDAN,LA,70542,S,N,100000,6,4500,0,0
Kieron,Munro,F,980,500-8318,CHARLOTTE,NC,28242,M,N,35000,6.466783,0,6600,0
Jixin,Markosian,F,803,148-3702,JOHNS ISLAND,SC,29455,S,N,50000,7,3300,0,0
Kunyung,Kessler,F,425,795-7476,SEDRO WOOLLEY,WA,98284,S,Y,5000,0,0,0,0
Venkatavasu,Antoy,M,910,211-1498,LEXINGTON,NC,27293,S,N,55000,6.8863635,330,0,0
Martyne,Naggar,F,724,821-3010,PARKER FORD,PA,19457,M,N,35000,3.07,0,0,0
Salim,Ashman,F,620,824-2741,HORTON,KS,66439,M,N,90000,6.45,0,4500,0
Narayan,Macrosson,F,580,819-5289,NORTH MIAMI,OK,74358,S,Y,10000,6.25,1000,0,1000
Gyungho,Ravi,M,907,545-2519,SKWENTNA,AK,99667,M,N,85000,0,0,0,0
Raya,Bartell,F,208,440-7723,IDAHO FALLS,ID,83401,S,Y,20000,6.948391,3300,0,3300
Alin,Mandell,M,410,552-8074,BALTIMORE,MD,21280,M,Y,75000,4.75,0,4800,2400
Yezdi,Gloess,F,406,583-7688,LOTHAIR,MT,59461,M,Y,70000,6.9,0,3800,1900
Shabbir,Dharanipragada,M,908,696-4412,BRANCHVILLE,NJ,7890,S,Y,95000,2.5828125,1000,0,1500
Jacopo,Schach,M,479,289-3005,SARATOGA,AR,71859,M,Y,65000,7,0,40,20
Biju,Pietrzykowski,M,337,183-4636,PLAQUEMINE,LA,70764,S,Y,40000,6,4500,0,1000
Vinot,Formenti,F,828,137-3701,PINETOWN,NC,27865,M,N,60000,6.9912586,0,6600,0
Balas,Skurczynski,F,907,610-5722,KETCHIKAN,AK,99901,S,Y,25000,0,0,0,0
Yanbing,Gecsei,M,570,288-8387,BRUSH VALLEY,PA,15720,S,N,50000,3.07,0,0,0
Piera,Ahn,F,701,543-1687,BERLIN,ND,58415,M,Y,45000,2.2773614,0,6600,3300
Aduri,Rudmann,M,530,560-4516,LYNWOOD,CA,90262,M,Y,35000,7.7709284,0,174,272
Hesham,Koblitz,F,985,278-9364,LAFAYETTE,LA,70508,S,Y,85000,6,4500,0,1000
Hussein,Linville,F,213,827-8975,VISALIA,CA,93278,S,Y,65000,9.3,87,0,272
Nick,Gelosh,M,207,257-6382,SALSBURY COVE,ME,4672,S,Y,35000,8.5,2850,0,2850
Ran,Sabelli,F,860,110-1437,GREENWICH,CT,6830,S,N,80000,5,12750,0,0
Aziz,Reim,M,608,423-1448,TAYLOR,WI,54659,M,Y,50000,5.3151608,0,1400,400
Xiaola,Xianchang,F,269,287-4082,TAWAS CITY,MI,48763,S,N,20000,3.9,3100,0,0
Sorana,Guttman,M,971,191-5670,O BRIEN,OR,97534,M,Y,75000,9,0,318,159
Selwyn,Lehtovxaara,M,530,407-2385,JAMUL,CA,91935,M,N,50000,9.3,0,174,0
Dany,Rowen,M,256,491-3155,EVA,AL,35621,M,N,95000,5,0,3000,0
Nitsan,Ertl,M,351,912-9267,WEST WARREN,MA,1092,S,Y,75000,5.3,3575,0,1000
Vanio,Schulmeyer,F,859,733-8676,SALVISA,KY,40372,S,Y,50000,4.611111,20,0,20
Liren,Bischoff,F,843,444-9564,PENDLETON,SC,29670,M,N,95000,7,0,6600,0
Brennan,Wongsaroje,F,202,633-6149,WASHINGTON,DC,20203,M,N,60000,9,0,2740,0
Ludwik,Hamburg,M,978,529-7308,ASHFIELD,MA,1330,M,Y,5000,5.3,0,7150,1000
Raimo,Fontet,M,918,550-7989,MILL CREEK,OK,74856,S,Y,85000,6.25,1000,0,1000
Ward,Cicchetti,F,603,219-3160,MARLOW,NH,3456,M,Y,15000,0,0,0,0
Kalluri,Ash,F,620,285-5044,ABILENE,KS,67410,M,N,10000,3.5,0,4500,0
Tero,Bern,M,715,581-6850,SPENCER,WI,54479,S,N,10000,4.620155,700,0,0
Sterling,Ural,F,970,725-1102,HUGO,CO,80821,S,Y,30000,4.63,0,0,0
Juhnyoung,Perelgut,M,907,523-7079,STERLING,AK,99672,M,N,55000,0,0,0,0
Kwun,Hollenbach,F,630,336-3283,CHICAGO,IL,60674,M,Y,40000,3,0,4000,2000
Brindell,Wray,M,815,364-7638,SPRINGFIELD,IL,62766,S,N,75000,3,2000,0,0
Dogan,Caelen,F,608,101-9736,MOUNT CALVARY,WI,53057,M,N,50000,5.3151608,0,1400,0
Tooru,Miara,M,603,846-2406,GLENCLIFF,NH,3238,S,N,30000,0,0,0,0
Guangyi,Goff,M,580,184-4549,OAKHURST,OK,74050,M,N,20000,6.25,0,2000,0
Herwig,Massalin,M,302,240-3897,WILMINGTON,DE,19890,M,N,60000,5.95,0,220,0
Paulette,Pell,F,605,380-3248,COLUMBIA,SD,57433,S,Y,25000,0,0,0,0
Corinne,Henriksson,F,772,709-5513,ZEPHYRHILLS,FL,33540,M,Y,10000,0,0,0,0
Dante,Wiggers,M,651,932-4319,MINNEAPOLIS,MN,55430,***,Y,10000,5.35,3300,0,3300
Lein,Ang,F,857,188-6322,HOLYOKE,MA,1041,S,Y,90000,5.3,3575,0,1000
Deene,Clark,F,215,800-6906,PHILADELPHIA,PA,19139,S,Y,30000,3.07,0,0,0
Markos,Palmore,M,406,828-6573,MONARCH,MT,59463,S,N,40000,6.9,1900,0,0
Zhixue,Pollacia,F,808,413-5099,HILO,HI,96721,M,Y,70000,8.25,0,2080,1040
Mandayam,Degtyarev,F,915,449-8698,SAN ANTONIO,TX,78215,M,Y,100000,0,0,0,0
Furio,Bail,F,702,988-4677,LAS VEGAS,NV,89155,S,N,10000,0,0,0,0
Gustave,Shnaider,F,231,807-6159,NEW TROY,MI,49119,S,N,5000,3.9,3100,0,0
Yukari,Malkhi,F,843,225-8848,LONGS,SC,29568,S,N,5000,3.563716,3300,0,0
Arvola,Masamoto,F,772,182-9136,LEE,FL,32059,S,Y,35000,0,0,0,0
Rashi,Anguilar,M,205,703-8570,JACKSON,AL,36501,S,Y,80000,5,1500,0,300
Tuncer,Milewski,M,505,898-5214,LOS OJOS,NM,87551,M,N,70000,5.3,0,6600,0
Younggeun,Subhlok,F,859,157-3453,SYMSONIA,KY,42082,S,Y,90000,6,20,0,20
Ernesto,Gerasch,F,406,686-3568,WISDOM,MT,59761,M,Y,20000,6.9,0,3800,1900
Fernand,Panagopoulou,F,508,205-7989,CHICOPEE,MA,1013,M,Y,90000,5.3,0,7150,1000
Mihaly,Cranor,M,270,829-7922,CUSTER,KY,40115,M,Y,80000,6,0,40,20
Koh,Torasso,F,256,733-8532,PETERMAN,AL,36471,M,N,100000,5,0,3000,0
Bodh,Chute,F,808,540-5465,HONOLULU,HI,96840,M,Y,75000,8.25,0,2080,1040
Kazuyoshi,Waymire,M,314,821-4983,BELL CITY,MO,63735,S,N,75000,6,2100,0,0
Phillippe,Schoder,M,985,818-7778,CARVILLE,LA,70721,S,N,80000,6,4500,0,0
Siegbert,Disney,M,775,370-5997,HENDERSON,NV,89053,S,N,95000,0,0,0,0
Lan,Nawawi,F,813,989-4537,DAYTONA BEACH,FL,32124,M,Y,60000,0,0,0,0
Tsunehiro,Kakuma,M,702,399-9445,LOVELOCK,NV,89419,M,N,95000,0,0,0,0
Helmuth,Chottin,M,256,117-3491,BYNUM,AL,36253,S,Y,20000,5,1500,0,300
Haitao,Thibeault,F,304,158-6906,BEREA,WV,26327,S,Y,20000,3.7,2000,0,2000
Camino,Rieu,M,865,402-4993,OLD HICKORY,TN,37138,M,Y,50000,0,0,0,0
Naeem,Radzik,F,610,770-8043,MCKEESPORT,PA,15132,M,Y,85000,3.07,0,0,0
Yongdong,Nagase,M,908,328-4760,NEWPORT,NJ,8345,S,N,65000,2.1096876,1000,0,0
Henk,Klawonn,M,410,268-6712,SILVER SPRING,MD,20916,S,N,70000,4.75,2400,0,0
Antony,Monderer,M,802,854-5962,NORTH FERRISBURGH,VT,5473,S,N,65000,4.298331,3300,0,0
Fathi,Raver,F,559,756-7703,BIG CREEK,CA,93605,M,N,40000,8.951314,0,174,0
Henryk,Brendel,M,907,759-5669,ANCHORAGE,AK,99513,S,N,40000,0,0,0,0
Polen,Beretta,F,480,577-2861,KINGMAN,AZ,86401,S,Y,5000,2.87,2100,0,2300
Katsuma,Miczo,F,775,619-6577,CARSON CITY,NV,89711,M,N,5000,0,0,0,0
Michinori,Waligora,M,402,248-9730,RIVERTON,NE,68972,M,Y,80000,6.84,0,206,103
Laurian,Beierle,M,410,615-5232,FAIRPLAY,MD,21733,M,Y,75000,4.75,0,4800,2400
Manfred,Meniel,M,501,792-7437,DODDRIDGE,AR,71834,S,N,65000,7,20,0,0
Hee,Craddock,M,985,402-8136,KAPLAN,LA,70548,M,N,75000***,6,0,9000,0
Mohd,Lavie,M,207,720-6245,EAGLE LAKE,ME,4739,S,Y,85000,8.5,2850,0,2850
Heidar,Jumpertz,M,630,329-2285,OAKDALE,IL,62268,M,Y,10000,3,0,4000,2000
Sukoya,Sanabria,F,903,613-4904,PADUCAH,TX,79248,S,N,65000,0,0,0,0
Niki,Ratnaker,M,502,109-8331,FLAT LICK,KY,40935,M,N,20000,2.9444444,0,40,0
Magnus,Teniente,F,217,435-5298,OHIO,IL,61349,M,N,90000,3,0,4000,0
Fazli,Kowalchuk,F,302,882-6872,TOWNSEND,DE,19734,M,Y,75000,5.95,0,220,110
Mitsue,Hinsberger,F,901,256-2588,MURFREESBORO,TN,37128,S,Y,5000,0,0,0,0
Shinji,Zagrouba,F,208,282-7256,COEUR D ALENE,ID,83814,S,N,50000,7.8,3300,0,0
Pau,Validov,F,505,946-6420,LOCO HILLS,NM,88255,S,Y,40000,5.3,3300,0,3300
Mansur,Kabra,F,321,425-9153,ORLANDO,FL,32886,M,Y,5000,0,0,0,0
Susannne,Kameny,F,253,147-4992,SEATTLE,WA,98108,M,N,60000,0,0,0,0
Avadis,Dattasharma,M,508,449-5112,ACCORD,MA,2018,S,Y,85000,5.3,3575,0,1000
Couto,XueDong,M,207,505-5650,NORTH ANSON,ME,4958,S,Y,60000,8.5,2850,0,2850
Almira,Farrahi,M,803,775-6764,WALTERBORO,SC,29488,M,N,35000,7,0,6600,0
LaRoy,Lachiche,F,303,845-9742,EAGLE,CO,81631,S,Y,50000,4.63,0,0,0
Woei,Gurzi,M,302,272-4994,WILMINGTON,DE,19801,M,Y,5000,2.2,0,220,110
Sankaran,Nisonger,M,260,885-6580,CLARKS HILL,IN,47930,S,Y,35000,3.4,1000,0,1000
Dongdai,Berqvist,F,701,661-6195,HARWOOD,ND,58042,M,N,50000,2.3353226,0,6600,0
Nabanita,Hackl,M,304,482-7192,DELBARTON,WV,25670,S,Y,25000,4.05,2000,0,2000
Ziqiang,Murer,M,770,694-8289,LITHONIA,GA,30058,M,Y,85000,6,0,5400,3000
Toshifumi,Leguy,F,939,334-4361,CANOVANAS,PR,729,M,Y,45000,0,0,0,0
Zhongxiu,Tait,M,561,828-7379,ORANGE CITY,FL,32774,S,Y,35000,0,0,0,0
Houssem,Sewry,M,401,266-7110,HARRISVILLE,RI,2830,S,N,55000,0,0,0,0
Saydean,Banare,M,508,137-3292,EAST WEYMOUTH,MA,2189,S,Y,5000,5.3,3575,0,1000
Lora,Rosch,M,570,299-3852,CHAMBERSBURG,PA,17201,S,N,55000,3.07,0,0,0
Zahira,Bentaleb,F,515,287-1695,SAINT DONATUS,IA,52071,S,N,5000,0.935984,40,0,0
Mauno,Eckstein,M,563,941-9209,WILLIAMSBURG,IA,52361,M,N,15000,2.479763,0,80,0
Papa,Wolfson,F,505,244-1780,LUNA,NM,87824,M,Y,30000,5.3,0,6600,3300
Kazumasa,Biederman,F,206,255-6234,INCHELIUM,WA,99138,M,N,25000,0,0,0,0
Akmal,Jahnichen,F,603,303-2843,SALEM,NH,3079,M,Y,15000,0,0,0,0
Xinglin,Leonhardt,M,980,246-5999,FAIRVIEW,NC,28730,S,N,50000,6.7814684,3300,0,0
Asat,Stevenson,M,202,196-4036,WASHINGTON,DC,20395,S,Y,65000,9,1370,0,1370
Frederic,Machiels,F,203,720-4264,STAFFORDVILLE,CT,6077,M,Y,60000,5,0,24500,0
Weikang,Kipper,F,435,941-3612,GLENDALE,UT,84729,M,Y,75000,7,0,4950,2475
Leonarda,Dopazo,M,985,657-9451,LAKE CHARLES,LA,70607,S,N,35000,6,4500,0,0
Jingwen,Tuchel,M,443,163-8697,GLENELG,MD,21737,M,N,100000,4.75,0,4800,0
Rashi,Noonan,M,405,924-8302,TULSA,OK,74112,M,N,50000,6.25,***,2000,0
Viera,Aba,M,406,781-5886,AVON,MT,59713,M,Y,60000,6.9,0,3800,1900
Joaquin,Renegar,M,860,520-9731,NORWICH,CT,6360,S,Y,70000,5,12750,0,0
Toramatsu,Broca,F,503,640-7781,DEXTER,OR,97431,M,Y,90000,9,0,318,159
Byeong,Hadfield,F,631,932-8771,NEW YORK,NY,10018,S,Y,45000,4.2143292,0,0,1000
Olivera,Bian,M,860,519-2673,WEST HAVEN,CT,6516,M,Y,90000,5,0,24500,0
Adriano,DosSantos,F,662,252-1571,WAYSIDE,MS,38780,M,Y,20000,5,0,12000,1500
Chengdian,Falvo,F,212,344-6114,WOODSTOCK,NY,12498,S,N,50000,4.243293,0,0,0
Ira,Hajnal,M,631,420-5486,WESTBROOKVILLE,NY,12785,S,N,45000,4.2143292,0,0,0
Rengarajan,Alt,F,712,272-9805,PERSIA,IA,51563,M,N,60000,8.98,0,80,0
Luigi,Peternell,M,702,351-6704,RUBY VALLEY,NV,89833,M,Y,25000,0,0,0,0
Yuuichi,Assche,M,704,325-2600,KINSTON,NC,28502,S,Y,55000,6.8863635,3300,0,3300
Yutai,Verdillon,M,229,110-6071,ALAPAHA,GA,31622,S,N,40000,6,2700,0,0
Huizhu,Pezzoli,F,308,624-4345,ATLANTA,NE,68923,M,Y,5000,3.0217428,0,206,103
Hidenori,Suppi,M,803,965-7567,CHARLESTON,SC,29423,M,N,60000,7,0,6600,0
Jamshed,Imam,M,308,589-7084,INMAN,NE,68742,M,Y,40000,6.84,0,206,103
Feixiong,Smagt,M,701,206-8932,MUNICH,ND,58352,M,Y,70000,2.5671675,0,6600,3300
Harald,Eichhorn,M,201,260-4653,NEW GRETNA,NJ,8224,M,N,25000,1.4788542,0,2000,
Tina,Dietz,M,312,759-1220,HILLSDALE,IL,61257,M,N,80000,3,0,4000,0
Abdelillah,Asuru,M,614,528-4750,EAST LIBERTY,OH,43319,M,N,45000,2.039795,0,2600,0
Kellogg,Chander,F,202,207-7256,WASHINGTON,DC,20585,S,N,55000,9,1370,0,0
Ramaswamy,McCluskey,M,848,173-9544,NETCONG,NJ,7857,S,N,90000,2.5039582,1000,0,0
Oddvar,Wolfson,M,260,490-2673,GREENS FORK,IN,47345,S,Y,40000,3.4,1000,0,1000
Tetsuo,Roskies,F,907,170-8709,ANCHORAGE,AK,99521,M,N,85000,0,0,0,0
Kazuko,Leishman,F,724,540-8466,GORDONVILLE,PA,17529,M,N,80000,3.07,0,0,0
Viresh,Gierl,M,603,660-9974,HAMPTON,NH,3842,S,N,40000,0,0,0,0
Huatian,Orlado,M,601,166-7120,JACKSON,MS,39215,S,Y,25000,5,6000,0,1500
Masao,Wind,M,440,845-7069,DOVER,OH,44622,S,Y,25000,1.3758974,1300,0,1300
Tereza,Huijsmans,F,804,835-2965,RICHMOND,VA,23225,S,Y,85000,5.75,900,0,900
Mingzeng,Gerlich,F,701,616-6532,BEACH,ND,58621,M,Y,25000,2.1,0,6600,3300
Kolar,Ege,M,731,194-8510,KNOXVILLE,TN,37924,S,Y,5000,0,0,0,0
Jarallah,Sadowski,F,803,827-1678,YEMASSEE,SC,29945,S,Y,80000,7,3300,0,3300
Breck,MacLean,M,267,181-8055,CLARION,PA,16214,M,Y,80000,3.07,0,0,0
Xiaotao,Claire,F,718,774-1245,NEW HYDE PARK,NY,11043,M,Y,90000,4.475,0,0,1000
Bowen,Rubinfield,F,607,621-9879,WOODGjATE,NY,13494,S,N,65000,4.330183,0,0,0
Anwar,Leivent,F,701,193-6579,KRAMER,ND,58748,S,Y,10000,2.1,3300,0,3300
Yeheskel,Tucker,F,808,181-8302,MILILANI,HI,96789,M,Y,35000,7.3486843,0,2080,1040
Ferenc,Lyon,F,916,331-2647,LOS GATOS,CA,95031,S,N,65000,9.3,87,0,0
Elvia,Bergen,F,860,436-2928,HARTFORD,CT,6114,S,N,90000,5,12750,0,0
Marwan,Schefe,M,406,182-6651,OILMONT,MT,59466,M,N,90000,6.9,0,3800,0
Staphane,Spitz,F,774,393-2358,STOW,MA,1775,M,N,50000,5.3,0,7150,0
Rodrigo,Stomenovic,F,731,258-4572,MURFREESBORO,TN,37128,S,Y,35000,0,0,0,0
Raja,Hermanns,M,702,623-2097,RENO,NV,89599,M,Y,40000,0,0,0,0
Farid,Guyer,M,302,632-2748,WILMINGTON,DE,19891,M,N,10000,2.540909,0,220,0
Boi,Bassino,F,941,553-5210,MIAMI,FL,33106,S,N,35000,0,0,0,0
Krisda,Braschler,F,973,704-3168,TRENTON,NJ,8604,M,Y,35000,1.6365625,0,2000,1500
Shoujie,Welinder,F,907,539-8222,ANCHORAGE,AK,99524,S,N,50000,0,0,0,0
Reem,Desmedt,M,913,130-3006,SAINT JOHN,KS,67576,M,N,100000,6.45,0,4500,0
Dayun,Reck,F,804,274-4237,STANLEY,VA,22851,S,N,35000,5.75,900,0,0
Hongwei,Clo,M,413,475-1491,EAST FALMOUTH,MA,2536,M,Y,80000,5.3,0,7150,1000
Fethi,Robson,F,605,468-6344,BRADLEY,SD,57217,M,Y,10000,0,0,0,0
Geraldo,Lazensky,M,207,269-7129,SOUTHWEST HARBOR,ME,4679,M,Y,60000,8.5,0,5700,2850
Benton,Feller,F,360,751-1529,FRIDAY HARBOR,WA,98250,M,Y,10000,0,0,0,0
Giora,Macias,M,609,220-2344,HELMETTA,NJ,8828,S,N,45000,1.7942708,1000,0,0
Yehia,Siniolakis,F,406,577-4885,DECKER,MT,59025,M,N,20000,6.9,0,3800,0
Dewayne,Zockler,F,712,438-9320,MELCHER-DALLAS,IA,50163,M,Y,95000,8.98,0,80,40
Paramsothy,Orgass,F,774,823-8510,MILL RIVER,MA,1244,M,Y,10000,5.3,0,7150,1000
Chilukuri,Razek,M,847,927-3584,BLUFF SPRINGS,IL,62622,M,N,80000,3,0,4000,0
Toshihiro,Gerla,F,351,318-2767,BOSTON,MA,2284,S,Y,20000,5.3,3575,0,1000
Yeogirl,Radecki,M,715,909-1112,MARINETTE,WI,54143,M,Y,10000,4.620155,0,1400,400
Florimond,Backes,M,919,554-5192,WARNE,NC,28909,S,N,65000,7.0961537,3300,0,0
Vlatka,Tekampe,M,252,365-5372,GRANITE QUARRY,NC,28072,S,N,35000,6.466783,3300,0,0
Nand,Abbas,F,623,594-9266,FOREST LAKES,yAZ,85931,S,Y,20000,3.0249999,2100,0,2300
Yuguang,Barthou,M,609,405-2933,BAYVILLE,NJ,8721,M,N,60000,2.0308332,0,2000,0
Mitch,Nuth,F,603,369-6445,HAVERHILL,NH,3765,S,Y,85000,0,0,0,0
Mantis,Lakshminarasimhan,F,605,274-7486,ERWIN,SD,57233,S,N,90000,0,0,0,0
Hyoseob,Jezek,F,440,885-8913,HOCKINGPORT,OH,45739,S,N,70000,2.8696666,1300,0,0
Diamantino,Angot,M,706,167-1672,DOUGLASVILLE,GA,30135,M,N,95000,6,0,5400,0
Katsuo,Peac,M,707,176-8775,SAN DIEGO,CA,92169,S,Y,10000,1.869,87,0,272
Radia,Wish,F,410,469-6804,HAGERSTOWN,MD,21741,M,Y,20000,4.75,0,4800,2400
Pal,Whiteleather,M,574,904-9988,LAFAYETTE,IN,47909,M,N,15000,3.4,0,2000,0
Yiorgos,Junker,zM,334,789-8100,WAGARVILLE,jAL,36585,M,Y,55000,5,0,3000,300
Jacco,Lennartson,M,207,533-2237,FREEPORT,ME,4034,M,N,15000,6.9580293,0,5700,0
Aleksey,Flank,M,505,726-9410,ALBUQUERQUE,NM,87119,S,N,55000,5.3,3300,0,0
Pozung,Booker,M,804,525-7912,HAMPTON,VA,23663,S,Y,60000,5.75,900,0,900
Mirion,Gryl,M,754,264-1269,NORTH MIAMI BEACH,FL,33160,M,N,70000,0,0,0,0
Meinhard,Krischer,M,308,233-3698,VERDIGRE,NE,68783,M,Y,25000,6.5736103,0,206,103
Christoph,Zizka,M,801,667-2368,MENDON,UT,84325,M,Y,90000,7,0,4950,2475
Daeweon,Schwartzburd,F,402,875-8341,HAZARD,NE,68844,M,Y,30000,6.84,0,206,103
Monique,Mikelsons,F,405,107-7472,STILLWATER,OK,74078,M,N,35000,6.25,0,2000,0
Yanxiang,Biermann,M,630,263-6347,WASHINGTON,IL,61571,S,N,80000,3,2000,0,0
Jifeng,Goldsman,M,760,528-2839,CORNING,CA,96021,M,N,30000,6.590543,0,174,0
Pascale,Scherbyna,F,563,585-9518,GRAY,IA,50110,S,Y,35000,5.567322,40,0,40
Zia,Nemytykh,M,618,159-3548,BEARDSTOWN,L,62618,M,Y,10000,3,0,4000,2000
Krystian,Scherbyna,M,262,119-5015,PORTAGE,WI,53901,S,Y,55000,5.4020367,700,0,400
Bryony,Haack,M,207,417-3289,OQUOSSOC,ME,4964,S,N,100000,8.5,2850,0,0
Kendall,DeFouw,F,970,527-4962,PUEBLO,CO,81007,M,N,95000,4.63,0,0,0
Xumin,Hakonen,F,218,603-9989,PLUMMER,MN,56748,M,Y,35000,6.1232123,0,6600,3300
Binghuan,Dur,M,252,436-9028,CULLOWHEE,NC,28723,M,Y,10000,6,0,6600,3300
Watts,Din,M,520,537-9379,CORNVILLE,AZ,86325,S,N,20000,3.0249999,2100,0,0
Peta,Hajnal,F,843,735-4407,ORANGEBURG,SC,29118,S,Y,55000,7,3300,0,3300
Girolamo,Jacopini,F,937,492-8286,NEW RUMLEY,OH,43984,S,Y,45000,2.039795,1300,0,1300
Marlin,Statz,M,828,289-4026,ATLANTIC,NC,28511,S,N,15000,6.0472026,3300,0,0
Miodrag,Picco,M,605,483-1402,SIOUX FALLS,SD,57196,S,N,90000,0,0,0,0
Dushyanth,Mavronicolas,F,208,883-2110,HAMMETT,ID,83627,M,N,60000,7.8,0,6600,0
Denise,Verplaetse,F,714,361-8507,HATHAWAY PINES,CA,95233,S,Y,25000,5.410157,87,0,272
Bohdan,Winzen,F,423,800-3169,MULBERRY,TN,37359,S,Y,45000,0,0,0,0
Herbert,Crivelli,M,502,647-8229,WHITLEY CITY,KY,42653,M,Y,50000,4.611111,0,40,20
Wanda,Dobmann,M,310,164-6697,BOULEVARD,CA,91905,M,Y,100000,9.3,0,174,272
Wenju,Scheffler,F,605,515-5417,BURKE,SD,57523,S,N,65000,0,0,0,0
Mukkai,Druffel,M,605,478-1011,KENNEBEC,SD,57544,S,Y,100000,0,0,0,0
Lilin,Slaman,M,218,900-1169,ZUMBRO FALLS,MN,55991,S,Y,30000,5.8564034,3300,0,3300
Avigdor,Esik,F,252,338-7552,SIMPSON,NC,27879,M,Y,40000,6.571678,0,6600,3300
Gennaro,Trumbly,M,787,595-5613,COTO LAUREL,PR,780,S,Y,15000,0,0,0,0
Viresh,Niehren,M,321,516-1306,LAKE CITY,FL,32055,M,Y,80000,0,0,0,0
Joseba,Risk,F,406,989-5191,POWER,MT,59468,M,N,100000,6.9,0,3800,0
Kristin,Haraldson,F,909,754-1019,WALNUT,CA,91788,S,N,20000,4.2297716,87,0,0
Cesar,Mittasch,M,307,518-6079,HORSE CREEK,WY,82061,M,Y,40000,0,0,0,0
Joylyn,Hoepman,M,406,943-2902,GREAT FALLS,MT,59404,S,N,80000,6.9,1900,0,0
Helder,Schueller,M,304,233-9642,BUCKEYE,WV,24924,M,Y,25000,4.05,0,4000,2000
Berl,Philbin,F,989,528-4604,WESTON,MI,49289,M,Y,80000,3.9,0,6200,3100
Heungsoon,Kropatsch,F,360,547-3275,SNOHOMISH,WA,98291,S,N,50000,0,0,0,0
Rogelio,Kate,M,907,652-7399,ANCHORAGE,AK,99517,M,N,70000,0,0,0,0
Fei,Zisman,M,760,752-2226,BURBANK,CA,91522,M,N,20000,4.2297716,0,174,0
Akis,Tavares,M,605,598-2900,BOX ELDER,SD,57719,M,Y,40000,0,0,0,0
Ernestine,Catto,M,518,882-6609,RED CREEK,NY,13143,S,N,70000,4.359146,0,0,0
Suryanarayana,Abbey,F,801,346-6118,SALT LAKE CITY,UT,84171,M,Y,25000,7,0,4950,2475
Catalina,Weghorst,F,954,695-1136,ALVA,FL,33920,M,N,10000,0,0,0,0
Dongmo,Nerima,F,419,950-2518,HAMILTON,OH,45015,M,Y,20000,1.2099231,0,2600,1300
Carson,Pepe,F,303,855-5193,GRAND JUNCTION,CO,81502,M,Y,15000,4.63,0,0,0
Chuan,Hertzberg,M,571,751-9543,PATRICK SPRINGS,VA,24133,M,N,15000,5.214286,0,1800,0
Janette,Manabe,F,203,287-2488,STAMFORD,CT,6911,S,Y,45000,5,12750,0,0
Object,Sittig,M,302,270-1200,CHESWOLD,DE,19936,S,N,65000,5.95,110,0,0
Taewoong,Wolovich,F,505,457-6215,LAS CRUCES,NM,88013,S,N,20000,5.3,3300,0,0
Smaragda,Kruschinski,F,304,900-7833,GLEN WHITE,WV,25849,S,Y,50000,5.8,2000,0,2000
Arunabha,Nord,F,859,304-9314,KEVIL,KY,42053,S,Y,80000,6,20,0,20
Denis,Leitner,F,802,206-2485,EAST SAINT JOHNSBURY,VT,5838,M,N,95000,4.8951945,0,6600,0
Koji,Prodrodmidis,F,505,363-6164,MALAGA,NM,88263,M,Y,35000,5.3,0,6600,3300
Bedabrata,Iwanuma,M,803,145-2366,STARTEX,SC,29377,M,Y,35000,7,0,6600,3300
Steffen,Bertelsen,F,620,194-3815,OVERLAND PARK,KS,66221,S,N,70000,6.45,2250,0,0
Domine,Dolinsky,M,443,815-3646,RIDERWOOD,MD,21139,S,N,80000,4.75,2400,0,0
Mel,Kiesler,M,787,296-3383,BOQUERON,PR,622,S,Y,100000,0,0,0,0
Lucas,Kroenke,M,304,686-3256,MONTANA MINES,WV,26586,M,N,40000,5.1000004,0,4000,0
Gaylin,Lapidot,F,208,591-8723,POST FALLS,ID,83877,S,N,90000,7.8,3300,0,0
Canming,Konio,M,334,528-8743,SUNFLOWER,AL,36581,S,Y,60000,5,1500,0,300
Hein,Lavin,F,503,977-4836,IMBLER,OR,97841,M,N,45000,9,0,318,0
Zachary,Moudgil,F,302,597-5590,NEWARK,DE,19716,M,Y,85000,5.95,0,220,110
Cathryn,Melton,F,401,486-2392,ADAMSVILLE,RI,2801,M,Y,90000,0,0,0,0
Jeff,Peek,M,775,248-6987,CARSON CITY,NV,89714,S,Y,15000,0,0,0,0
Raffaele,Rioboo,F,662,899-5595,HATTIESBURG,MS,39403,M,N,75000,5,0,12000,0
Francoise,Rahmstorf,F,410,535-5957,SAINT INIGOES,MD,20684,M,Y,85000,4.75,0,4800,2400
Naoaki,Mutch,M,805,157-2550,LAGUNITAS,CA,94938,S,Y,55000,9.3,87,0,272
Lichun,Poursepanj,F,717,581-8000,JOHNSTOWN,PA,15909,S,N,90000,3.07,0,0,0
Montserrat,Codenie,F,304,235-1883,POINTS,WV,25437,S,Y,65000,6.5,2000,0,2000
Helko,Vijaykrishnan,F,609,631-1900,MILMAY,NJ,8340,S,Y,55000,1.9519792,1000,0,1500
Maia,Morrill,M,712,894-1099,ATLANTIC,IA,50022,M,N,50000,7.8829904,0,80,0
Anshu,Clamen,F,913,884-7724,GALENA,KS,66739,S,N,20000,4.483333,2250,0,0
Jocelyne,Highnam,M,931,963-9324,SHELBYVILLE,TN,37160,S,Y,35000,0,0,0,0
Messaoud,Uppaluri,M,971,114-5488,JORDAN VALLEY,OR,97910,S,Y,100v00,9,159,0,159
Bjarte,Meeinke,F,410,894-3766,FREDERICK,MD,21701,M,Y,10000,4.75,0,4800,2400
Siau,Toussaint,M,401,643-5396,PROVIDENCE,RI,2902,M,Y,10000,0,0,0,0
Aya,Wechsung,M,909,932-1216,MOUNTAIN VIEW,CA,94042,S,N,95000,9.3,87,0,0
Atsushi,Blusteirn,F,701,785-8438,GRAND FORKS,ND,58202,S,Y,55000,2.3932838,3300,0,3300
Soumitra,Wetprasit,F,207,176-1377,THOMASTON,ME,4861,M,N,70000,8.5,0,5700,0
Catherine,Kamp,F,308,975-8765,OMAHA,NE,68179,S,Y,30000,6.84,103,0,103
Yoshide,Xiaoshan,M,801,763-5254,ESCALANTE,UT,84726,S,Y,65000,7,2475,0,2475
Vaclav,Fadous,M,402,109-3162,HOMER,NE,68030,S,Y,20000,5.685643,103,0,103
Francisco,Broos,M,202,945-5350,PARCEL RETURN SERVICE,DC,56965,S,N,20000,6.75,1370,0,0
Mana,Yeom,F,281,564-5834,NEW BADEN,TX,77870,M,N,60000,0,0,0,0
Anant,Nagamachi,M,917,674-9698,BRONX,NY,10462,M,Y,5000,4,0,0,1000
Mendel,Lambe,F,603,211-6318,LANCASTER,NH,3584,S,Y,70000,0,0,0,0
Biswanath,Valette,F,651,180-4043,YOUNG AMERICA,MN,55557,S,N,70000,7.85,3300,0,0
Dexter,Jutla,M,715,464-1076,NEOPIT,WI,54150,M,Y,80000,5.836415,0,1400,400
Tomaoo,Guerrieri,F,307,393-6987,TIE SIDING,WY,82084,M,N,5000,0,0,0,0
Yossi,Bannelier,M,907,819-3785,ADAK,AK,99546,M,Y,5000,0,0,0,0
Polly,Redys,F,316,146-3752,CLAY CENTER,KS,67432,S,N,25000,5.4666667,2250,0,0
Mien,Lavoie,F,559,387-8578,FRESNO,CA,93755,S,Y,80000,9.3,87,0,272
Moon,Broek,F,910,468-1369,ASHEVILLE,NC,28805,M,N,40000,6.571678,0,6600,0
Minghui,Kubota,M,508,612-5997,CHARLTON DEPOT,MA,1509,M,Y,80000,5.3,0,7150,1000
Wonjun,Reece,F,215,824-9790,ONO,PA,17077,S,Y,35000,3.07,0,0,0
Shao,Reece,M,508,565-6451,BOSTON,MA,2118,M,Y,5000,5.3,0,7150,1000
Kut,Heiner,F,281,372-5582,ECTOR,TX,75439,S,Y,95000,0,0,0,0
Kwangjo,Meilijson,M,615,990-1078,CHATTANOOGA,TN,37424,M,N,75000,0,0,0,
Kermit,Niedderreiter,F,973,907-1720,PORT MONMOUTH,NJ,7758,S,Y,10000,1.4,1000,0,1500
Chongkye,Brunt,F,713,316-5101,AZLE,TX,76098,M,N,20000,0,0,0,0
Nevin,Frolund,F,505,219-1338,SANTA FE,NM,87505,S,N,45000,5.3,3300,0,0
Ayakannu,Zyryanov,F,410,750-3591,DUNDALK,MD,21222,S,N,60000,4.75,2400,0,0
Sarnath,Kurien,M,480,259-8828,PHOENIX,AZ,85065,M,Y,100000,4.265,0,4200,2300
Malee,Gold,M,603,289-7431,CONCORD,NH,3305,M,N,15000,0,0,0,0
Sylvian,Hinnebusch,M,939,925-8319,ADJUNTAS,PR,601,S,Y,45000,0,0,0,0
Loan,Gist,M,603,617-4373,PORTSMOUTH,NH,3801,S,N,65000,0,0,0,0
Hamad,Fleischanderl,F,907,968-8870,MARSHALL,AK,99585,M,N,50000,0,0,0,0
Ulises,Janardhan,M,941,979-6166,ORLANDO,FL,32832,M,Y,25000,0,0,0,0
Mariemma,Chmielinska,M,585,631-6958,PURLING,NY,12470,S,N,45000,4.2143292,0,0,0
Pascalin,Gartshore,F,410,776-1197,NEAVITT,MD,21652,M,N,65000,4.75,0,4800,0
Leslie,Corey,F,701,512-8369,FORBES,ND,58439,S,Y,80000,2.68309,3300,0,3300
Gultekin,Khamsi,M,878,369-1063,TIOGA,PA,16946,S,N,45000,3.07,0,0,0
Naeem,Waldschmidt,F,402,179-9102,ABIE,NE,68001,S,N,50000,6.84,103,0,0
Chabane,Halpin,M,270,108-6402,STRUNK,KY,42649,M,Y,45000,4.333333,0,40,20
Aelmut,Apperley,M,605,365-1514,FAITH,SD,57626,M,Y,15000,0,0,0,0
Noritaka,Justo,F,386,556-2132,TAMPA,FL,33604,S,N,15000,0,0,0,0
Jeong,Szepesvari,M,864,797-5711,SALTERS,SC,29590,M,Y,85000,,0,6600,3300
Georgij,Schwertel,M,202,608-8576,WASHINGTON,DC,20507,M,Y,10000,4.5,0,2740,1370
Elben,Schewe,F,303,494-1071,COLORADO SPRINGS,CO,80913,M,N,80000,4.63,0,0,0
Hardeep,Regier,M,712,780-4815,WAPELLO,IA,52653,S,N,40000,6.339211,40,0,0
Premsyl,Trung,M,605,455-5272,FAITH,SD,57626,M,Y,70000,0,0,0,0
Tsutomu,Brutlag,F,763,630-5159,JASPER,MN,56144,S,N,85000,7.85,3300,0,0
Werther,Ritondale,M,251,777-3467,DECATUR,AL,35609,M,N,25000,5,0,3000,0
Nelson,Vijaykrishnan,M,503,138-5671,SALEM,OR,97305,M,***,45000,9,0,318,0
Besma,Christinaz,F,915,315-1131,DALLAS,TX,75367,M,Y,85000,0,0,0,0
Rastislav,Brock,F,571,135-9523,BARHAMSVILLE,VA,23011,M,N,40000,5.75,0,1800,0
Zarka,Kruse,M,920,162-5789,MILWAUKEE,WI,53233,S,Y,45000,5.228285,700,0,400
Christophe,Schuller,F,860,594-2013,SOUTH BRITAIN,CT,6487,S,N,60000,5,12750,0,0
Samudra,Ruthven,F,207,113-3380,HOWLAND,ME,4448,M,N,65000,8.5,0,5700,0
Ernst,Nonnengart,F,907,869-9859,NINILCHIK,AK,99639,M,Y,35000,0,0,0,0
Ard,Lindmark,F,603,777-1001,RUMNEY,NH,3266,M,N,10000,0,0,0,0
Gina,Rahavendra,M,740,872-1434,CONTINENTAL,OH,45831,S,N,15000,1.0439488,1300,0,0
Markku,Whitley,M,443,850-6499,BETHESDA,MD,20824,S,Y,75000,4.75,2400,0,2400
Annalina,Heyers,M,208,634-9658,FORT HALL,ID,83203,M,Y,5000,2.6903439,0,6600,3300
Ove,Lycett,F,630,303-1717,CORTLAND,IL,60112,M,N,85000,3,0,4000,0
Micheline,Rubsam,F,203,382-9572,CANAAN,CT,6018,M,Y,55000,5,0,24500,0
Hannah,Scheifler,F,304,160-4660,LOGAN,WV,25601,S,N,25000,4.05,2000,0,0
Meenakshy,Belo,F,701,715-4825,WIMBLEDON,ND,58492,S,Y,70000,2.5671675,3300,0,3300
Liv,Demmel,F,708,532-7352,GREENVIEW,IL,62642,M,Y,50000,3,0,4000,2000
Dugki,Philbin,F,913,497-1109,EUREKA,KS,67045,M,Y,45000,6.45,0,4500,2250
Melven,Rifa,M,423,332-6261,ELLENDALE,TN,38029,M,Y,70000,0,0,0,0
Normand,Dieng,M,910,412-7521,WINSTON SALEM,NC,27114,M,N,45000,6.6765733,0,6600,0
Laurence,Wolff,M,435,793-7780,CORINNE,UT,84307,S,N,15000,7,2475,0,0
Natalia,Strauss,M,402,538-4332,PHILLIPS,NE,68865,M,Y,45000,6.84,0,206,103
Haim,Furedi,F,773,165-9749,ANDALUSIA,IL,61232,S,N,5000,3,2000,0,0
Geraud,Krevner,F,769,155-5656,GULFPORT,MS,39503,S,N,60000,5,6000,0,0
Xipeng,Prunet,M,336,351-3901,ASHEVILLE,NC,28804,M,N,80000,7.410839,0,6600,0
Akida,Stanley,F,660,281-5197,LAMPE,MO,65681,S,N,5000,3.75,2100,0,0
Zhuopeng,Hadfield,F,503,124-4364,PORT ORFORD,OR,97465,M,N,70000,9,0,318,0
Husni,Busenberg,F,505,357-8332,TRUCHAS,NM,87578,M,N,30000,5.3,0,6600,0
Landon,Whiteleather,M,913,754-2100,PAWNEE ROCK,KS,67567,M,N,100000,6.45,0,4500,0
Bette,Szymczak,M,781,777-2635,BOSTON,MA,2114,S,Y,20000,5.3,3575,0,1000
Knuth,Gabbrieli,F,907,816-5308,ANCHORAGE,AK,99501,M,N,60000,0,0,0,0
Takaaki,Holager,F,301,204-3333,ROCKVILLE,MD,20852,S,N,95000,4.75,2400,0,0
Kirsty,Kubiatowicz,F,706,561-3383,BRUNSWICK,GA,31520,M,N,85000,6,0,5400,0
Xiaofa,Hellinck,M,307,601-1285,MEETEETSE,WY,82433,S,Y,80000,0,0,0,0
Kirsteen,Rohall,F,574,751-4344,LAPEL,IN,46051,S,Y,90000,3.4,1000,0,1000
Tomofumi,Kunieda,F,541,215-5544,SHERIDAN,OR,97378,S,N,40000,9,159,0,0
Giancarlo,Weinreich,M,860,811-1281,ESSEX,CT,6426,S,N,15000,5,12750,0,0
Fanya,Wavrik,F,914,113-9007,HICKSVILLE,NY,11802,M,N,20000,4.0695124,0,0,0
Fosca,Kandlur,M,202,766-3360,WASHINGTON,DC,20023,M,Y,20000,6.75,0,2740,1370
Avis,Matveev,M,701,497-2714,SYKESTON,ND,58486,M,Y,45000,2.2773614,0,6600,3300
Karon,Pelayo,M,606,396-1957,BANDANA,KY,42022,M,Y,95000,6,0,40,20
Darwyn,Seegmuller,M,774,223-3659,NORTH ATTLEBORO,MA,2760,M,Y,95000,5.3,0,7150,1000
Santi,Papadourakis,M,262,989-7253,PIGEON FALLS,WI,54760,S,N,15000,4.707031,700,0,0
Xua,Lauwereins,M,859,258-7088,EARLINGTON,KY,42410,S,N,40000,4.0555553,20,0,0
Baiju,Palomar,M,408,349-5080,BORON,CA,93596,S,Y,70000,9.3,87,0,272
Farooq,Sekino,M,802,275-4925,GRAFTON,VT,5146,S,N,100000,4.994672,3300,0,0
Magnus,Biran,F,361,144-9795,MURCHISON,TX,75778,S,Y,65000,0,0,0,0
Ingar,Noakes,M,203,108-7125,WEST HARTFORD,CT,6117,S,Y,60000,5,12750,0,0
Sheila,Providence,F,618,402-1759,FARMERSVILLE,IL,62533,S,Y,65000,3,2000,0,2000
Ingrid,Hagimont,M,207,696-4590,SEARSMONT,ME,4973,M,N,65000,8.5,0,5700,0
Pieter,Kakuta,F,317,950-9410,MIDLAND,IN,47445,S,N,35000,3.4,1000,0,0
Donko,Reiterman,M,865,205-6385,NEW JOHNSONVILLE,TN,37134,M,Y,90000,0,0,0,0
Kaizheng,Mahapatra,M,801,101-9077,SUMMIT,UT,84772,M,N,60000,7,0,4950,0
Dipanwita,Calmet,M,605,530-7548,SIOUX FALLS,SD,57107,S,Y,90000,0,0,0,0
Hollie,Brockman,M,580,872-7284,KENTON,OK,73946,M,N,65000,6.25,0,2000,0
Murthy,Burgess,M,802,616-6409,NORTH HERO,VT,5474,S,N,20000,3.6,3300,0,0
Giridharan,Coradeschi,M,515,188-6326,WINTHROP,IA,50682,M,Y,90000,8.98,0,80,40
Agenor,Glymour,F,808,924-9499,MILILANI,HI,96789,M,Y,75000,8.25,0,2080,1040
Erzsebet,Wavish,F,980,842-1098,ADVANCE,NC,27006,M,Y,50000,6.7814684,0,6600,3300
Glenna,Lucks,F,816,463-5282,SAINT JOSEPH,MO,64504,M,Y,80000,6,0,4200,1200
Sangho,Molyneaux,M,256,328-2743,GOSHEN,AL,36035,S,N,70000,5,1500,0,0
Hagit,Wyrostek,M,775,795-4696,LAS VEGAS,NV,89144,M,N,35000,0,0,0,0
Heeju,Halgason,M,218,732-4872,CEDAR,MN,55011,S,Y,70000,7.85,3300,0,3300
Inderpal,Seiwald,F,618,210-9526,ELLIS GROVE,IL,62241,S,N,95000,3,2000,0,0
Chane,Pinheiro,F,769,879-1584,GULFPORT,MS,39503,M,N,35000,5,0,12000,0
Hariolf,Hakonen,F,808,379-5216,PRINCEVILLE,HI,96722,S,Y,15000,3.743421,1040,0,1040
Dusanka,Struble,M,563,360-5581,CORWITH,IA,50430,M,Y,90000,8.98,0,80,40
Masayasu,Nouali,F,719,735-4054,RYE,CO,81069,S,N,95000,4.63,0,0,0
Taylor,Kappner,F,701,946-4082,FARGO,ND,58122,M,N,45000,2.2773614,0,6600,0
Gunilla,Rault,F,701,345-9256,SOURIS,ND,58783,S,N,15000,2.1,3300,0,0
Rain,Luef,F,301,708-4444,CHESAPEAKE BEACH,MD,20732,S,N,50000,4.75,2400,0,0
Mouloud,Knottenbelt,M,406,666-7166,WILLARD,MT,59354,S,Y,40000,6.9,1900,0,1900
Inhan,Lafont,F,769,261-2155,PONTOTOC,MS,38863,M,Y,15000,5,0,12000,1500
Lantzos,Merks,M,701,119-6176,LAKOTA,ND,58344,S,N,90000,2.7990127,3300,0,0
Charley,Koiso,M,979,616-7489,TULIA,TX,79088,S,Y,60000,0,0,0,0
Silvia,Gore,F,702,807-6265,LAS VEGAS,NV,89104,S,N,15000,0,0,0,0
Anu,Cosica,M,509,394-6463,PUYALLUP,WA,98373,M,N,25000,0,0,0,0
Aristotle,Temoshenko,M,843,987-8922,HANAHAN,SC,29410,M,N,55000,7,0,6600,0
Asmus,Gyimothy,M,281,574-3106,TULETA,TX,78162,M,Y,65000,0,0,0,0
Takashige,Goos,M,707,409-9961,SACRAMENTO,CA,94236,M,Y,20000,4.2297716,0,174,272
Joanthan,Spirn,F,907,301-4207,ANCHORAGE,AK,99510,S,N,25000,0,0,0,0
Kerryn,Karnin,M,304,836-5008,WEIRTON,WV,26062,M,Y,35000,4.75,0,4000,2000
Mitsuo,Syrotiuk,M,205,993-4104,WINFIELD,AL,35594,M,N,60000,5,0,3000,0
Ravin,Getta,F,205,978-1445,LEESBURG,AL,35983,M,N,50000,5,0,3000,0
Monvef,Vigna,M,307,726-2284,MERIDEN,WY,82081,M,N,35000,0,0,0,0
Annette,Perly,F,207,195-3777,BUSTINS ISLAND,ME,4013,S,N,10000,4.5857663,2850,0,0
Vinton,Karg,M,219,347-5766,LA CROSSE,IN,46348,M,Y,60000,3.4,0,2000,1000
Chaitanya,Ungar,M,303,436-4737,ARRIBA,CO,80804,M,N,40000,4.63,0,0,0
Naim,Samarati,F,562,892-9432,SACRAMENTO,CA,95816,M,N,15000,3.0493855,0,174,0
Xubo,Laubscher,M,805,516-5963,SAN DIEGO,CA,92129,S,N,75000,9.3,87,0,0
Belle,Hillebrand,M,228,145-1717,THOMASTOWN,MS,39171,M,Y,10000,5,0,12000,1500***
Kanonluk,Csaba,F,205,379-1166,CLANTON,AL,35045,M,N,40000,5,0,3000,0
Danco,Flasterstein,F,928,494-2179,TUCSON,AZ,85757,M,Y,100000,4.265,0,4200,2300
Thimothy,Heutetr,M,480,116-9608,SANDERS,AZ,86512,M,Y,60000,3.645,0,4200,2300
Masakatu,Hatakka,M,907,542-3378,NUNAM IQUA,AK,99666,S,N,60000,0,0,0,0
Egil,Rajamony,M,203,595-2698,MOOSUP,CT,6354,S,Y,90000,5,12750,0,0
Cathleen,Miczo,F,516,967-1601,NEW PALTZ,NY,12561,M,N,50000,4.243293,0,0,0
Les,Kermode,F,202,367-2219,WASHINGTON,DC,20201,M,Y,85000,9,0,2740,1370
Niel,Khalil,F,208,998-8145,MURRAY,ID,83874,M,Y,75000,7.8,0,6600,3300
Giang,Ustimenko,M,608,803-2555,SHEBOYGAN,WI,53081,S,Y,20000,4.7939067,700,0,400
Devin,Barriga,M,228,354-9854,MANTACHIE,MS,38855,S,N,75000,5,6000,0,0
Hira,Reiprich,M,573,430-5154,BEAUFORT,MO,63013,M,Y,35000,6,0,4200,1200
Rajkumar,Flich,F,770,190-7874,HADDOCK,GA,31033,M,N,5000,6,0,5400,0
Lenhart,Birch,M,413,257-5349,SANDWICH,MA,2563,S,N,50000,5.3,3575,0,0
Nathan,Nations,F,240,253-4529,CUMBERLAND,MD,21503,S,N,5000,4.75,2400,0,0
Vecheslav,Grohoski,M,206,159-9587,ETHEL,WA,98542,S,Y,15000,0,0,0,0
Dannie,Langtangen,F,318,941-1463,MORA,LA,71455,S,Y,80000,6,4500,0,1000
Subhodev,Robertson,F,207,495-1496,MILBRIDGE,ME,4658,S,Y,75000,8.5,2850,0,2850
Eduardo,Apostopopoulos,F,478,763-7599,ADRIAN,GA,31002,S,N,85000,6,2700,0,0
Pierto,Yahalom,M,202,375-8920,WASHINGTON,DC,20424,M,Y,70000,9,0,2740,1370
Zhigen,Cagley,M,775,693-8342,COYOTE SPRINGS,NV,89067,M,Y,50000,0,0,0,0
Parosh,Takaki,M,781,792-2993,SOUTH EGREMONT,MA,1258,M,N,95000,5.3,0,7150,0
Thyagarajan,Ingalls,F,802,725-5842,SOUTH BURLINGTON,VT,5403,S,Y,30000,3.6019895,3300,0,3300
Orin,Woit,M,402,333-6561,CROOKSTON,NE,69212,M,N,15000,4.7976766,0,206,0
Arthur,Melville,M,270,657-7480,LILY,KY,40740,S,N,20000,2.9444444,20,0,0
Vangelis,Bett,M,517,810-4753,NADEAU,MI,49863,M,N,30000,3.9,0,6200,0
Douadi,Grue,F,870,166-1211,PERRYVILLE,AR,72126,M,N,15000,3.773037,0,40,0
Fortune,Rowan,F,973,994-5612,GLEN GARDNER,NJ,8826,S,Y,5000,1.4,1000,0,1500
Shalesh,Hogan,M,317,270-6596,BOWLING GREEhN,IN,47833,M,Y,40000,3.4,0,2000,1000
Roldolf,Crabtree,M,605,573-1136,WENTWORTH,SD,57075,M,N,15000,0,0,0,0
Demetrios,Peot,F,769,470-9635,RICHTON,MS,39476,S,N,65000,5,6000,0,0
Xiaoyu,Fayyad,F,337,461-8328,METAIRIE,LA,70006,S,Y,5000,2,4500,0,1000
Alf,Sterren,M,562,852-1606,SAN LEANDRO,CA,94579,S,Y,20000,4.2297716,87,0,272
Lidong,Milicic,M,252,108-5297,SALEMBURG,NC,28385,M,Y,35000,6.466783,0,6600,3300
Herhard,Driscoll,F,801,716-4177,MAGNA,UT,84044,M,N,75000,7,0,4950,0
Soheil,Aluja,F,939,903-6883,QUEBRADILLAS,PR,678,M,N,15000,0,0,0,0
Namhee,Kompanek,M,860,325-4565,EAST WINDSOR,CT,6088,S,Y,35000,5,12750,0,0
Bashar,Drewnowski,F,702,270-9771,LAMOILLE,NV,89828,M,Y,65000,0,0,0,0
Alois,Debuse,M,302,417-7268,DOVER,DE,19904,M,Y,60000,5.95,0,220,110
Jar,Goffman,F,252,323-4401,CHARLOTTE,NC,28234,S,N,40000,6.571678,3300,0,0
Fumino,McCallien,M,219,996-6858,SOUTH BEND,IN,46613,S,N,90000,3.4,1000,0,0
Mechtild,Bodagala,F,580,625-3840,SEMINOLE,OK,74818,S,N,50000,6.25,1000,0,0
Sangjyu,Bai,F,636,931-7744,BRUNSWICK,MO,65236,S,Y,10000,6,2100,0,1200
Vasanth,Calvo,M,602,924-2128,HUACHUCA CITY,AZ,85616,S,N,80000,3.955,2100,0,0
Randy,Ponceleon,M,501,169-5455,ROVER,AR,72860,M,Y,60000,7,0,40,20
Leland,Protzen,M,207,911-1427,GEORGETOWN,ME,4548,S,N,70000,8.5,2850,0,0
Hideo,Horspool,F,660,159-6420,KENNETT,MO,63857,S,N,60000,6,2100,0,0
Lunjiang,Mozdzynski,F,606,879-6543,COVINGTON,KY,41011,S,Y,35000,3.7777777,0,0,20
Philippa,Huchard,F,769,357-8020,BROOKHAVEN,MS,39601,M,N,80000,5,0,12000,0
Juhana,Skeel,F,603,754-8486,BERLIN,NH,3570,M,N,20000,0,0,0,0
Shuo,Ciardo,M,308,467-8376,MORSE BLUFF,NE,68648,S,N,85000,6.84,103,0,0
Bent,Wooldridge,M,302,423-4076,KENTON,DE,19955,M,Y,95000,5.95,0,220,110
Sixto,Woof,M,315,866-1037,SYRACUSE,NY,13219,S,N,25000,4.0984755,0,0,0
Sophie,Guttag,F,260,520-7847,MECCA,IN,47860,M,N,45000,3.4,0,2000,0
Mateo,Lauck,F,808,215-3406,KEAAU,HI,96749,M,Y,25000,5.546053,0,2080,1040
Gregg,Razaz,F,270,176-4815,PARK CITY,KY,42160,S,N,50000,4.611111,20,0,0
Stabislas,Bruma,F,435,366-1323,CACHE JUNCTION,UT,84304,S,Y,45000,7,2475,0,2475
Toralf,Kalp,F,434,304-5575,LYNCH STATION,VA,24571,S,N,25000,5.75,900,0,0
Maroin,Knightly,F,202,157-7250,WASHINGTON,DC,20307,S,N,60000,9,1370,0,
Alselm,Raugh,F,860,534-7972,DANBURY,CT,6810,M,N,75000,5,0,24500,0
Mayford,Bhagavan,F,939,996-9079,SAN JUAN,PR,917,***,Y,30000,0,0,0,0
Courtland,Reps,F,989,216-5157,PERRONVILLE,MI,49873,S,Y,25000,3.9,3100,0,3100
Cormac,Olagunju,F,859,804-1755,OLMSTEAD,KY,42265,S,Y,25000,3.2222223,20,0,20
Foued,Canon,F,308,217-5143,NORTH LOUP,NE,68859,M,Y,35000,6.84,0,206,103
Naotaka,Denecker,M,501,784-3899,LITTLE ROCK,AR,72204,S,N,75000,7,20,0,0
Izumi,Hogstedt,F,863,129-5578,FORT LAUDERDALE,FL,33324,S,N,90000,0,0,0,0
Ravindranath,Deffuant,F,720,803-8848,LOMA,CO,81524,S,N,10000,4.63,0,0,0
DAIDA,Murtaugh,F,808,911-1052,HONOLULU,HI,96827,M,N,80000,8.25,0,2080,0
Ilaria,Pelecq,M,623,890-7169,CASHION,AZ,85329,S,Y,75000,3.8775,2100,0,2300
Verlynda,Pluym,M,620,959-5405,SIMPSON,KS,67478,S,Y,10000,3.5,2250,0,2250
Ria,Beshers,M,207,561-6616,NORTH BRIDGTON,ME,4057,M,N,40000,8.5,0,5700,0
Shelli,Mancey,M,906,215-4373,ELMIRA,MI,49730,S,N,15000,3.9,3100,0,0
Dietrich,Feinberg,F,802,403-5554,NEWFANE,VT,5345,S,N,10000,3.6,3300,0,0
Ala,Ehrhart,M,802,142-8778,SOUTH STRAFFORD,VT,5070,M,Y,60000,4.1988535,0,6600,3300
Xiaoqiang,Schlegel,M,563,848-3559,GARDEN GROVE,IA,50103,S,N,50000,7.8829904,40,0,0
Vivekananda,Zemerly,M,601,504-5101,MYRTLE,MS,38650,M,Y,70000,5,0,12000,1500
Sajid,Daga,F,505,889-105d4,LAS CRUCES,NM,88006,M,Y,10000,3.2428572,0,6600,3300
Amalia,Leishman,F,630,536-210,BARTLETT,IL,60103,S,N,45000,3,2000,0,0
Fanlun,Burgert,M,228,558-2869,ROBINSONVILLE,MS,38664,M,Y,50000,5,0,12000,1500
Eyeun,Nadji,F,479,498-1809,EUDORA,AR,71640,M,Y,70000,7,0,40,20
Yiftach,Winters,M,505,202-6954,ALGODONES,NM,87001,M,N,5000,1.7,0,6600,0
Miriam,Spira,M,240,551-8293,HOLLYWOOD,MD,20636,M,Y,100000,4.75,0,4800,2400
Erin,Busillo,F,623,208-9868,CIBOLA,AZ,85328,M,N,30000,3.1799998,0,4200,0
Gerhard,Mouzakis,F,801,648-9169,TRIDELL,UT,84076,M,N,95000,7,0,4950,0
Tammy,Hohberg,F,787,336-2031,AGUADILLA,PR,603,S,N,75000,0,0,0,0
Brendon,Falck,F,843,655-2858,COLUMBIA,SC,29202,S,Y,10000,5.752432,3300,0,3300
Bartolome,Lueth,F,803,300-5060,CHARLESTON,SC,29401,M,N,55000,7,0,6600,0
Honghai,Praeger,M,808,773-1700,HONOLULU,HI,96830,M,N,95000,8.25,0,2080,0
Manjunath,Womack,F,803,214-3596,LURAY,SC,29932,M,Y,65000,7,0,6600,3300
Yulan,Truscott,M,919,836-6558,CHARLOTTE,NC,28217,S,Y,55000,6.8863635,3300,0,3300
Niranjani,Irshid,M,304,675-3910,OMAR,WV,25638,S,N,75000,6.5,2000,0,0
Yasushi,Selenyi,M,719,129-6735,DENVER,CO,80236,S,Y,25000,4.63,0,0,0
Jun'ichi,Kurita,M,860,159-4658,BALTIC,CT,6330,S,N,75000,5,12750,0,0
Nader,Raum,F,253,401-4339,LILLIWAUP,WA,98555,M,N,100000,0,0,0,0
Berend,Hodas,F,939,261-9512,SAN JUAN,PR,930,M,N,15000,0,0,0,0
Ziyad,Lanzl,M,802,943-6449,STARKSBORO,VT,5487,S,N,25000,3.6,3300,0,0
Stasys,Gimarc,M,281,114-5485,EL PASO,TX,79929,S,Y,40000,0,0,0,0
Lenka,Peak,M,225,961-3757,LYDIA,LA,70569,S,N,15000,2.8,4500,0,0
Assaf,Natrajan,M,920,926-2700,IRON BELT,WI,54536,S,Y,40000,5.1414094,700,0,400
Jordanka,Prinz,M,803,172-9300,GREENVILLE,SC,29601,M,Y,60000,7,0,6600,3300
Hisham,Capon,M,980,373-4694,HIGH POINT,NC,27261,S,N,20000,6.1520977,3300,0,0
Miyoki,Mackaness,F,314,897-9825,EXCELSIOR SPRINGS,MO,64024,S,Y,60000,6,2100,0,1200
Willy,Oates,M,413,145-2185,LAKEVILLE,MA,2347,M,Y,60000,5.3,0,7150,1000
Dallan,Alton,F,307,758-5753,ALCOVA,WY,82620,S,N,50000,0,0,0,0
Dieter,Delaigle,M,937,114-7909,CLYDE,OH,43410,S,N,30000,1.5418718,1300,0,0
Tomyyuki,Claire,F,225,452-4390,MORROW,LA,71356,S,Y,50000,6,4500,0,1000
Zixiang,Ruohonen,F,763,863-7086,BURTRUM,MN,56318,S,Y,40000,6.3900213,3300,0,3300
Mazin,Kaio,M,773,924-9376,SMITHFIELD,IL,61477,M,N,45000,3,0,4000,0
Onkar,Lurvey,F,605,473-7207,LOWER BRULE,SD,57548,S,N,75000,0,0,0,0
Deepika,Adolphson,M,859,519-2719,CRESTWOOD,KY,40014,S,Y,35000,3.7777777,20,0,20
Kumiyo,Sitver,M,406,393-4875,GREAT FALLS,MT,59404,M,Y,50000,6.9,0,3800,1900
Qun,Watson,M,605,186-8621,STOCKHOLM,SD,57264,M,N,25000,0,0,0,0
Erik,Seipel,F,215,826-9563,HARRISON CITY,PA,15636,S,Y,75000,3.07,0,0,0
Berni,Hettich,M,901,409-1165,PORTLAND,TN,37148,S,N,70000,0,0,0,0
Steen,Diekema,M,661,709-3037,EL SOBRANTE,CA,94803,M,Y,40000,8.951314,0,174,272
Eliahu,Seguin,F,660,730-1605,WEST ALTON,MO,63386,S,N,35000,6,2100,0,0
Jun,Galesi,M,843,154-6571,GREENWOOD,SC,29646,S,Y,25000,7,3300,0,3300
Giora,Saslan,M,870,619-9461,HEBER SPRINGS,AR,72545,M,N,10000,2.5778654,0,40,0
Jasper,Sevcikova,F,434,990-9240,ATKINS,VA,24311,S,N,25000,5.75,900,0,0
Radharamanan,Reeve,F,713,369-3896,WEESATCHE,TX,77993,S,N,5000,0,0,0,0
Lenka,Rouchaleau,M,808,902-6462,KAAAWA,HI,96730,S,N,85000,8.25,1040,0,0
Byunggyu,Pillow,M,603,681-8832,WOLFEBORO FALLS,NH,3896,S,N,90000,0,0,0,0
Dhritiman,Cleve,M,207,142-8846,FRENCHVILLE,ME,4745,S,Y,80000,8.5,2850,0,2850
Balaram,Amagasa,F,423,662-5952,KNOXVILLE,TN,37914,S,N,90000,0,0,0,0
Akinori,Daskalova,M,806,778-6066,BANGS,TX,76823,S,Y,85000,0,0,0,0
Melissa,Fargier,F,808,581-9677,WAIANAE,HI,96792,S,N,45000,8.25,1040,0,0
Aristotle,Esparza,M,907,147-7967,ANCHORAGE,AK,99503,S,Y,10000,0,0,0,0
Sajid,Deokar,F,203,283-5980,WESTPORT,CT,6889,M,Y,25000,5,0,24500,0
Terry,Butner,F,912,905-7549,ODUM,GA,31555,M,N,60000,6,0,5400,0
Wayne,Videira,M,406,411-9680,BILLINGS,MT,59101,M,N,50000,6.9,0,3800,0
Wilco,Maderna,F,208,239-7955,BLISS,ID,83314,S,Y,75000,7.8,3300,0,3300
Mysore,Samtaney,F,808,277-4827,WAHIAWA,HI,96786,M,N,50000,8.25,0,2080,0
Nipun,Cartier,M,202,669-8047,WASHINGTON,DC,20310,S,N,90000,9,1370,0,0
Geraud,Grams,F,308,674-6349,FILLEY,NE,68357,S,Y,5000,3.0217428,103,0,103
Lionel,Beylin,F,334,140-2438,BIRMINGHAM,AL,35204,S,N,55000,5,1500,0,0
Rosalyn,Brody,F,801,904-6115,PROVO,UT,84601,M,N,100000,7,0,4950,0
Gookhai,Schwandt,M,734,535-3642,WHITE CLOUD,MI,49349,M,N,5000,3.9,0,6200,0
Dragutin,Ruthven,M,304,538-2086,SOPHIA,WV,25921,S,Y,20000,3.7,2000,0,2000
Birgitta,Mittra,F,402,221-5232,LINCOLN,NE,68532,,N,15000,4.7976766,103,0,0
Joanthan,Chickermane,F,503,699-9648,SUMMERVILLE,OR,97876,M,N,65000,9,0,318,0
Jine,Rettelbach,M,207,815-3971,HALLOWELL,ME,4347,M,N,15000,6.9580293,0,5700,0
Conn,Ozturk,M,304,240-9762,LOOKOUT,WV,25868,M,Y,65000,6.5,0,4000,2000
Soufiane,Tryon,F,787,212-3685,JUNCOS,PR,777,S,Y,70000,0,0,0,0
Shaowei,Creasy,,615,874-7673,MEMPHIS,TN,38147,S,Y,5000,0,0,0,0
Siwoo,Daelemans,F,505,922-3599,PIE TOWN,NM,87827,M,Y,30000,5.3,0,6600,3300
Vassos,Huffman,M,206,205-5480,TEKOA,WA,99033,S,N,85000,0,0,0,0
Shaz,Brazile,F,334,598-1577,TRUSSVILLE,AL,35173,M,N,30000,5,0,3000,0
Haigeng,Faradzev,M,208,594-2595,EAGLE,ID,83616,M,N,95000,7.8,0,6600,0
Glauco,Belanche,M,508,791-9297,GREEN HARBOR,MA,2041,M,Y,100000,5.3,0,7150,1000
Maryann,Emmes,F,731,945-9853,ARTHUR,TN,37707,S,N,20000,0,0,0,0
Lior,Heijenga,F,770,199-5827,ATLANTA,GA,30392,M,N,60000,6,0,5400,0
Giap,Mookken,F,309,806-5381,AURORA,IL,60504,S,N,100000,3,2000,0,0
Anzhelika,Schollmeyer,M,513,887-1773,MIAMISBURG,OH,45342,S,N,50000,2.2057693,1300,0,0
Kay,Heidenreich,F,786,618-4412,GOLDENROD,FL,32733,S,N,60000,0,0,0,0
Bredan,Koiso,M,304,785-7911,CHARLESTON,WV,25301,S,N,75000,6.5,2000,0,0
Elvira,Skandalis,F,908,482-6893,HIGHLAND PARK,NJ,8904,M,Y,40000,1.7154167,0,2000,1500
Jarrellann,Macmillan,F,503,130-8892,IDLEYLD PARK,OR,97447,M,N,30000,9,0,318,0
Meliu,Erie,M,208,424-1317,KELLOGG,ID,83837,M,Y,80000,7.8,0,6600,3300
Kali,Fraenkel,M,630,264-2927,EDWARDS,IL,61528,M,N,75000,3,0,4000,0
Ronit,Camarinopoulos,M,417,144-6095,KANSAS CITY,MO,64156,M,Y,15000,6,0,4200,1200
Uchang,Marrakchi,F,202,85-6201,WASHINGTON,DC,20060,S,Y,80000,9,1370,0,1370
Heungsoon,Sweldens,F,515,973-6294,STOCKPORT,IA,52651,M,N,85000,8.98,0,80,0
Nageshwara,Scheer,F,802,820-7826,SAINT ALBANS,VT,5478,M,N,50000,3.9998987,0,6600,0
Felicita,Karzanov,M,907,513-5954,COLD BAY,AK,99571,M,N,55000,0,0,0,0
Jamshed,Sureshchandran,M,207,700-9232,GEORGETOWN,ME,4548,S,Y,70000,8.5,2850,0,285s0
Carl,Iciki,M,302,683-2159,LAUREL,DE,19956,S,N,90000,5.95,110,0,0
Gitta,Schedl,F,208,886-5698,HAILEY,ID,83333,M,Y,65000,7.8,0,6600,3300
Jackson,Wolpe,M,918,908-2225,DURHAM,OK,73642,M,N,10000,6.25,0,2000,0
Milorad,Giani,M,228,898-8923,MC NEILL,MS,39457,S,N,85000,5,6000,0,0
Saharon,Stanfill,F,541,178-8148,LAKE OSWEGO,OR,97035,M,Y,50000,9,0,318,159
Nax,Varsek,M,701,130-2083,MERCER,ND,58559,M,N,50000,2.3353226,0,6600,0
Ubeda,Roehmer,M,503,569-2503,IONE,OR,97843,M,Y,65000,9,0,318,159
Lindmila,Marshall,F,210,545-1276,CONROE,TX,77302,S,N,40000,0,0,0,0
Yurdaer,Ghattas,F,913,599-7756,HAYS,KS,67601,S,Y,15000,3.5,2250,0,2250
Willa,Karuno,F,615,617-5004,BRADYVILLE,TN,37026,M,N,65000,0,0,0,0
Maitham,Smeets,F,208,544-5161,ATHOL,ID,83801,S,N,5000,2.6903439,3300,0,0
Mehdi,Mahafzah,F,251,941-6230,HEADLAND,AL,36345,M,Y,25000,5,0,3000,300
Madeline,Eyal,F,352,414-8946,MIAMI,FL,33159,S,Y,85000,0,0,0,0
Iabelle,Stessman,M,276,951-8452,RICHMOND,VA,23241,S,N,75000,5.75,900,0,0
Moredachi,Bergen,F,814,640-1051,INDIANA,PA,15705,M,N,75000,3.07,0,0,0
Horst,Ceccarelli,F,928,783-3727,PRESCOTT VALLEY,AZ,86315,M,N,95000,4.1875,0,4200,0
Muralidhar,Bachenko,F,405,930-2090,DOUGLAS,OK,73733,S,N,10000,6.25,1000,0,0
Shujian,Halici,F,256,628-9499,SATSUMA,AL,36572,M,Y,5000,5,0,3000,300
Ashoke,Ratz,M,623,221-6272,CASA GRANDE,ZA,85122,S,N,10000,2.87,2100,0,0
Chengchang,Wigg,M,563,693-4688,CHURDAN,IA,50050,S,N,20000,3.2516527,40,0,0
Erdogan,Shepherdson,F,857,384-5820,MARSTONS MILLS,MA,2648,M,Y,100000,5.3,0,7150,1000
Lucia,Skatulla,F,859,759-3248,LOUISVILLE,KY,40255,M,Y,40000,4.0555553,0,40,20
Shari,Perkowski,M,229,148-3637,FORT OGLETHORPE,GA,30742,S,Y,80000,6,2700,0,3000
Tomohito,Glew,M,601,263-6657,ELLISVILLE,MS,39437,M,Y,65000,5,0,12000,1500
Madanpal,Michailidis,M,802,420-9056,WAITSFIELD,VT,5673,M,N,95000,4.8951945,0,6600,0
Alfredo,Timkovsky,F,207,610-5335,FARMINGTON,ME,4938,M,***,30000,8.5,0,5700,0
Quifan,Akselsen,F,313,883-9981,WHITE CLOUD,MI,49349,S,Y,55000,3.9,3100,0,3100
Sidhar,Fetvedt,F,304,687-6115,ALKOL,WV,25501,S,N,55000,6.1499996,2000,0,0
Lorrin,Iglesia,F,808,746-2710,HONOLULU,HI,96839,M,Y,90000,8.25,0,2080,1040
Wiktor,Ridoux,F,402,250-2436,KENESAW,NE,68956,S,N,95000,6.84,103,0,0
Toine,Skuppin,M,605,288-9941,CLAIRE CITY,SD,57224,S,Y,20000,0,0,0,0
Raed,Schweizer,M,605,313-7615,RUTLAND,SD,57057,S,Y,90000,0,0,0,0
Cis,Tuthill,M,276,727-5499,QUINBY,VA,23423,S,Y,70000,5.75,900,0,900
Younggeun,Chalamaiah,F,803,913-5537,BLUFFTON,SC,29910,S,Y,85000,7,3300,0,3300
Begona,Giunchiglia,M,802,993-8577,POWNAL,VT,5261,S,Y,40000,3.800944,3300,0,3300
Jaeseok,Skurczynski,M,301,810-4917,PERRYVILLE,MD,21903,S,N,45000,4.75,2400,0,0
Shyamal,Fujisawa,M,605,247-4323,BALTIC,SD,57003,M,Y,70000,0,0,0,0
Youshou,Iwadare,F,208,378-3120,NORDMAN,ID,83848,S,N,20000,6.948391,3300,0,0
Baldeo,Lefas,F,870,489-9419,BATESVILLE,AR,72503,S,N,80000,7,20,0,0
Jari,Lecoutre,F,517,788-7656,MECOSTA,MI,49332,M,Y,20000,3.9,0,6200,3100
Karina,Cardiff,F,480,664-7670,CIBOLA,AZ,85328,S,N,25000,3.1025,2100,0,0
Swamy,Suchak,M,540,141-6023,SUFFOLK,VA,23435,M,N,90000,5.75,0,1800,0
Miche,Gillo,M,308,521-8289,UNION,NE,68455,M,N,40000,6.84,0,206,0
Paul,Ying,M,939,493-8231,PONCE,PR,730,S,Y,60000,0,0,0,0
Gaisi,Verhoosel,F,405,669-6604,GLENPOOL,OK,74033,M,Y,40000,6.25,0,2000,1000
Gustovo,Toinard,F,808,766-5999,WAIKOLOA,HI,96738,M,Y,10000,2.8421054,0,2080,1040
Jaehyung,D'Amiano,M,609,309-3633,SAYREVILLE,NJ,8872,S,N,10000,1.4,1000,0,0
Spyridon,Alberti,F,831,391-4502,WRIGHTWOOD,CA,92397,M,Y,50000,9.3,0,174,272
Gherin,Raja,M,413,925-1387,WORCESTER,MA,1653,M,Y,95000,5.3,0,7150,1000
Hannu,Armando,M,307,219-2045,POINT OF ROCKS,WY,82942,M,Y,100000,0,0,0,0
Kiichi,Schild,M,603,913-7860,NORTH STRATFORD,NH,3590,S,N,70000,0,0,0,0
Klaudia,Scarborough,F,304,132-7609,ASHFORD,WV,25009,S,N,20000,3.7,2000,0,0
Meinhard,Wesley,M,843,335-4784,ENOREE,SC,29335,S,Y,30000,7,3300,0,3300
Mybrid,Biryukov,F,339,793-3760,BOYLSTON,MA,1505,S,N,20000,5.3,3575,0,0
Yung,Lomanto,M,870,753-9173,LITTLE ROCK,AR,72227,M,Y,100000,7,0,40,20
Zeenat,Raje,F,212,387-3140,ITHACA,NY,14850,M,Y,50000,4.243293,0,0,1000
Lei,Bein,F,401,649-9045,PROVIDENCE,RI,2909,M,Y,35000,0,0,0,0
Juho,Leguy,F,719,754-5177,THORNTON,CO,80241,S,N,30000,4.63,0,0,0
Frits,Parrow,M,406,266-7060,HELENA,MT,59620,S,N,40000,6.9,1900,0,0
Naveen,Cavedoni,M,970,566-4665,WESTCLIFFE,CO,81252,S,N,90000,4.63,0,0,0
Evert,Linnainmaa,M,801,864-2575,HERRIMAN,UT,84096,M,Y,40000,7,0,4950,2475
Souji,Piel,F,414,843-3572,JANESVILLE,WI,53545,M,Y,5000,4.6,0,1400,400
Muhammad,Merani,F,225,648-9745,HOMER,LA,71040,M,Y,100000,6,0,9000,1000
Georgios,Olkin,F,479,502-8618,PARAGOULD,AR,72450,S,N,5000,1.3826939,20,0,0
Salil,Adi,M,479,851-8686,GAMALIEL,AR,72537,M,N,60000,7,0,40,0
Yousri,Burgess,M,918,927-3709,WARNER,OK,74469,M,N,80000,6.25,0,2000,0
Conrado,Herlea,F,707,339-9256,ALHAMBRA,CA,91802,S,***,30000,6.590543,87,0,0
Kanwar,Pinnu,F,302,624-7492,WILMINGTON,DE,19880,S,Y,90000,5.95,110,0,110
Devindra,Ramsey,F,316,262-9605,CONWAY SPRINGS,KS,67031,M,N,30000,6.45,0,4500,0
Yihong,Achugbue,F,512,955-2972,FRESNO,TX,77545,S,Y,5000,0,0,0,0
Yih,Mikkilineni,F,678,650-9716,MUSELLA,GA,31066,M,Y,70000,6,0,5400,3000
Marialuisa,Remington,M,478,306-2747,ROCKY FORD,GA,30455,S,N,75000,6,2700,0,0
Tinku,Minemura,M,917,359-2282,BRONX,NY,10472,S,N,60000,4.3012195,0,0,0
Qin,Piens,F,401,109-5996,WARWICK,RI,2887,M,N,55000,0,0,0,0
Brig,Obtulowicz,F,939,291-3171,SAN JUAN,PR,902,M,N,45000,0,0,0,0
Adeline,Stamp,F,208,224-3740,POLLOCK,ID,83547,M,Y,30000,7.8,0,6600,3300
Fumino,Lovas,M,920,624-7154,GRANTSBURG,WI,54840,M,Y,35000,5.0545335,0,1400,400
Xiaolan,Chuan,M,571,723-5562,BRISTOL,VA,24205,M,Y,10000,3.875,0,1800,900
Hayri,Kajihara,F,615,543-4163,ALLRED,TN,38542,M,Y,15000,0,0,0,0
Thang,Sever,M,617,134-5111,LYNN,MA,1910,M,Y,45000,5.3,0,7150,1000
Felicidad,Zingaretti,F,425,724-8331,FOX ISLAND,WA,98333,S,N,85000,0,0,0,0
Dario,Sylor,F,303,160-4536,YUMA,CO,80759,M,Y,85000,4.63,0,0,0
Wafa,Seress,F,505,765-1331,TRUTH OR CONSEQUENCES,NM,87901,M,Y,15000,4.957143,0,6600,3300
Seungyup,Lafora,M,334,656-5040,BAILEYTON,AL,35019,M,Y,10000,5,0,3000,300
Iwaro,Cromarty,M,202,174-7259,WASHINGTON,DC,20427,M,Y,5000,4.5,0,2740,1370
Saied,Tzruya,F,248,356-2017,HOLLAND,MI,49423,M,Y,65000,3.9,0,6200,3100
Jusung,Muchinsky,M,410,463-7253,CUMBERLAND,MD,21503,M,N,15000,4.75,0,4800,0
Waseem,Partee,M,719,853-9647,LITTLETON,CO,80165,M,Y,20000,4.63,0,0,0
Sudipto,Basnet,M,440,146-1016,CINCINNATI,OH,45250,S,N,5000,0.712,1300,0,0
Gaby,Heinle,M,406,565-2343,FORT BENTON,MT,59442,S,Y,70000,6.9,1900,0,1900
Azer,Miara,F,907,529-4666,SLEETMUTE,AK,99668,M,Y,55000,0,0,0,0
Mirta,Batliner,M,202,602-7382,WASHINGTON,DC,20538,M,N,90000,9,0,2740,0
Annegret,Falco,F,507,345-1461,IRON,MN,55751,M,N,5000,5.35,0,6600,0
Junjie,Bednarek,M,334,197-9964,GARDEN CITY,AL,35070,M,N,10000,5,0,3000,0
Edin,Spicer,M,805,306-6235,PORTOLA,CA,96122,M,N,30000,6.590543,0,174,0
Naohisa,Reisfelder,M,302,903-2073,KENTON,DE,19955,S,Y,60000,5.95,110,0,110
Vimal,Mattison,F,207,121-5001,SEBAGO LAKE,ME,4075,M,Y,60000,8.5,0,5700,2850
Linlin,Nedela,M,318,701-9278,CHURCH POINT,LA,70525,M,Y,20000,4.4,***,9000,1000
Sajoong,Roura,F,304,777-9787,GANDEEVILLE,WV,25243,M,N,100000,6.5,0,4000,0
Stellan,Usher,M,971,173-6968,GATES,OR,97346,S,N,30000,9,159,0,0
Amarnath,Bal,M,228,462-5677,PANTHER BURN,MS,38765,S,N,15000,5,6000,0,0
Gordan,Eigler,M,919,452-1351,FRANKLIN,NC,28744,S,Y,25000,6.256993,3300,0,3300
