index,attribute,dirty_value,clean_value
413,surname,empty,Wolin
4770,surname,Sitttig,Sittig
6660,surname,Hoaqre,Hoare
6742,surname,empty,Balboni
8735,surname,Knaulff,Knauff
13102,surname,oHare,Hoare
15971,surname,Lichnewskzy,Lichnewsky
29121,surname,alboni,Balboni
33907,surname,Ghezarl,Ghezal
34303,surname,empty,Wolin
35031,surname,empty,Hoare
38614,surname,Ghzeal,Ghezal
41005,surname,empty,Wolin
48061,surname,empty,Hoare
54197,surname,Tischenorf,Tischendorf
61588,surname,Lalrab,Larab
70827,surname,Sneator,Senator
84612,surname,Woin,Wolin
91464,surname,Weeenr,Weener
92364,surname,Wlin,Wolin
93715,surname,Woliin,Wolin
101164,surname,empty,Wolin
108422,surname,Wxolin,Wolin
111908,surname,empty,Rouchaleau
112297,surname,Roucahleau,Rouchaleau
114348,surname,empty,Wolin
122922,surname,empty,Weener
129104,surname,nWolin,Wolin
130345,surname,sKnauff,Knauff
133359,surname,Womlin,Wolin
141042,surname,Lchnewsky,Lichnewsky
153611,surname,empty,Hoare
153951,surname,oWlin,Wolin
154498,surname,empty,Wolin
157976,surname,empty,Lichnewsky
160281,surname,oWlin,Wolin
178214,surname,Sitig,Sittig
187900,surname,empty,Weener
187994,surname,empty,Rouchaleau
190789,surname,Rouchleau,Rouchaleau
194942,surname,empty,Wolin
195327,surname,Woiln,Wolin
196027,surname,empty,Weener
197910,surname,Hoaree,Hoare
9341,birthyear,empty,1994
9831,birthyear,1949,1994
10792,birthyear,182,1982
15051,birthyear,1928,1982
15206,birthyear,1d982,1982
15366,birthyear,198m2,1982
15393,birthyear,1892,1982
15639,birthyear,182,1982
15914,birthyear,1892,1982
16007,birthyear,9182,1982
16197,birthyear,9182,1982
16202,birthyear,c1982,1982
16425,birthyear,182,1982
16723,birthyear,1928,1982
17367,birthyear,192,1982
17586,birthyear,9182,1982
17597,birthyear,192,1982
17649,birthyear,j1982,1982
17796,birthyear,982,1982
18339,birthyear,192,1982
18652,birthyear,982,1982
18722,birthyear,1b982,1982
18868,birthyear,19d82,1982
19280,birthyear,1n982,1982
19561,birthyear,9182,1982
19897,birthyear,9182,1982
19911,birthyear,9195,1995
19927,birthyear,9182,1982
20215,birthyear,b1982,1982
20636,birthyear,1892,1982
20712,birthyear,1892,1982
20748,birthyear,982,1982
20941,birthyear,1928,1982
21503,birthyear,198z2,1982
22003,birthyear,19y82,1982
22263,birthyear,192,1982
22303,birthyear,982,1982
22328,birthyear,182,1982
22456,birthyear,182,1982
22984,birthyear,19r82,1982
22998,birthyear,192,1982
23124,birthyear,182,1982
23170,birthyear,982,1982
23355,birthyear,v1982,1982
23424,birthyear,1928,1982
23951,birthyear,x1982,1982
24177,birthyear,982,1982
24459,birthyear,1928,1982
24538,birthyear,192,1982
24647,birthyear,182,1982
24793,birthyear,982,1982
24891,birthyear,1892,1982
24960,birthyear,p1982,1982
25348,birthyear,1c982,1982
25355,birthyear,19g82,1982
25568,birthyear,982,1982
25736,birthyear,1892,1982
25811,birthyear,empty,1995
25890,birthyear,198c2,1982
25948,birthyear,1a982,1982
26078,birthyear,982,1982
26171,birthyear,1928,1982
26664,birthyear,194,1994
26750,birthyear,1l982,1982
26849,birthyear,1x982,1982
27025,birthyear,982,1982
27145,birthyear,x1982,1982
27567,birthyear,982,1982
27740,birthyear,982,1982
27772,birthyear,1928,1982
27861,birthyear,1892,1982
28161,birthyear,198b2,1982
28374,birthyear,982,1982
28400,birthyear,982,1982
28541,birthyear,982,1982
28584,birthyear,198q2,1982
28631,birthyear,19t82,1982
28737,birthyear,z1982,1982
28763,birthyear,1928,1982
28867,birthyear,9182,1982
29597,birthyear,1l982,1982
29709,birthyear,192,1982
29803,birthyear,182,1982
29857,birthyear,n1982,1982
29963,birthyear,1892,1982
30247,birthyear,982,1982
30328,birthyear,1892,1982
30354,birthyear,1928,1982
30937,birthyear,982,1982
31024,birthyear,1928,1982
31685,birthyear,b1982,1982
32008,birthyear,1928,1982
32376,birthyear,q1982,1982
32649,birthyear,9182,1982
32666,birthyear,982,1982
32702,birthyear,982,1982
32786,birthyear,9182,1982
32791,birthyear,982,1982
33160,birthyear,d1982,1982
33366,birthyear,190000000000000009897258013955994781676400150667466959103142177112972444219071266816,1982
33393,birthyear,182,1982
33857,birthyear,19p82,1982
33907,birthyear,177,1977
33977,birthyear,1928,1982
34000,birthyear,empty,1992
34074,birthyear,1o982,1982
34187,birthyear,1l982,1982
34814,birthyear,982,1982
34815,birthyear,192,1982
35031,birthyear,1928,1982
35046,birthyear,182,1982
35070,birthyear,982,1982
35264,birthyear,198h2,1982
35479,birthyear,982,1982
35654,birthyear,182,1982
35656,birthyear,182,1982
35763,birthyear,192,1982
35976,birthyear,982,1982
36043,birthyear,1r982,1982
36136,birthyear,982,1982
36292,birthyear,19v82,1982
36339,birthyear,1892,1982
36341,birthyear,1v982,1982
36555,birthyear,982,1982
36745,birthyear,1899999999999999829373113468053549870093850636478362854659977545723999631154610176,1980
37390,birthyear,1892,1982
37589,birthyear,198j2,1982
37797,birthyear,192,1982
37975,birthyear,192,1982
37982,birthyear,19s82,1982
38351,birthyear,1c982,1982
38909,birthyear,1892,1982
39053,birthyear,982,1982
39138,birthyear,1928,1982
39220,birthyear,198n2,1982
39363,birthyear,9182,1982
39569,birthyear,9182,1982
39854,birthyear,1892,1982
39901,birthyear,182,1982
40008,birthyear,1928,1982
40553,birthyear,982,1982
40758,birthyear,1988***,1988
41653,birthyear,9182,1982
41779,birthyear,1892,1982
41888,birthyear,1928,1982
42006,birthyear,182,1982
42063,birthyear,198c2,1982
42683,birthyear,1928,1982
43060,birthyear,192,1982
43145,birthyear,1892,1982
43163,birthyear,u1982,1982
43252,birthyear,1928,1982
43653,birthyear,1928,1982
43960,birthyear,z1982,1982
44074,birthyear,1928,1982
44226,birthyear,1d982,1982
44585,birthyear,199z7,1997
44902,birthyear,192,1982
45448,birthyear,1y982,1982
45613,birthyear,o1982,1982
46084,birthyear,1928,1982
46119,birthyear,982,1982
46396,birthyear,1928,1982
46666,birthyear,192,1982
46721,birthyear,198l2,1982
46782,birthyear,982,1982
47482,birthyear,9182,1982
47581,birthyear,1928,1982
47655,birthyear,1m982,1982
47713,birthyear,1892,1982
48004,birthyear,x1982,1982
48061,birthyear,1928,1982
48089,birthyear,192,1982
48815,birthyear,982,1982
49568,birthyear,995,1995
49600,birthyear,1928,1982
49740,birthyear,9182,1982
49743,birthyear,empty,1990
50195,birthyear,1928,1982
50997,birthyear,1928,1982
51084,birthyear,198z2,1982
51446,birthyear,1z982,1982
51589,birthyear,empty,1980
51633,birthyear,t1982,1982
51786,birthyear,1892,1982
52446,birthyear,1928,1982
52503,birthyear,1928,1982
52825,birthyear,x1982,1982
53475,birthyear,19m82,1982
53479,birthyear,198t2,1982
53494,birthyear,982,1982
53527,birthyear,182,1982
53611,birthyear,198r2,1982
53640,birthyear,1928,1982
53821,birthyear,1928,1982
53965,birthyear,1f982,1982
54151,birthyear,1928,1982
54259,birthyear,198x2,1982
54287,birthyear,9182,1982
54660,birthyear,z1982,1982
55127,birthyear,9182,1982
55478,birthyear,1892,1982
56191,birthyear,1892,1982
56445,birthyear,1z995,1995
56610,birthyear,982,1982
56785,birthyear,e1982,1982
56864,birthyear,1892,1982
56892,birthyear,1928,1982
57006,birthyear,19o82,1982
57115,birthyear,182,1982
57449,birthyear,p1982,1982
57502,birthyear,19i82,1982
57580,birthyear,x1982,1982
57717,birthyear,1928,1982
58426,birthyear,982,1982
58753,birthyear,1928,1982
59553,birthyear,982,1982
59657,birthyear,182,1982
59687,birthyear,9182,1982
59964,birthyear,1892,1982
60137,birthyear,982,1982
60169,birthyear,1892,1982
60235,birthyear,982,1982
60287,birthyear,182,1982
60394,birthyear,inf,1982
60463,birthyear,192,1982
60467,birthyear,182,1982
60575,birthyear,982,1982
60622,birthyear,182,1982
61012,birthyear,982,1982
61057,birthyear,198k2,1982
61062,birthyear,9182,1982
61101,birthyear,1928,1982
61127,birthyear,1892,1982
61159,birthyear,982,1982
61526,birthyear,1928,1982
61751,birthyear,19m82,1982
61869,birthyear,1928,1982
61937,birthyear,982,1982
62210,birthyear,19m82,1982
62337,birthyear,180,1980
62384,birthyear,s1982,1982
62889,birthyear,182,1982
63096,birthyear,1928,1982
63124,birthyear,192,1982
63139,birthyear,19o82,1982
63409,birthyear,1c982,1982
63597,birthyear,192,1982
63813,birthyear,empty,1982
63988,birthyear,1928,1982
64270,birthyear,1928,1982
64612,birthyear,c1982,1982
64654,birthyear,982,1982
64662,birthyear,982,1982
64842,birthyear,v1982,1982
64855,birthyear,m1982,1982
64970,birthyear,1o982,1982
65435,birthyear,192,1982
65779,birthyear,m1982,1982
66114,birthyear,1892,1982
66120,birthyear,182,1982
66135,birthyear,19t82,1982
66462,birthyear,9182,1982
66942,birthyear,1892,1982
67567,birthyear,1h982,1982
67642,birthyear,182,1982
67793,birthyear,9182,1982
68041,birthyear,19y82,1982
68728,birthyear,182,1982
68778,birthyear,o1982,1982
68925,birthyear,1w982,1982
69658,birthyear,198d2,1982
70206,birthyear,1928,1982
70421,birthyear,982,1982
70437,birthyear,192,1982
70630,birthyear,9182,1982
70820,birthyear,l1982,1982
70869,birthyear,1928,1982
71137,birthyear,1h982,1982
71347,birthyear,1928,1982
71716,birthyear,1928,1982
71782,birthyear,9182,1982
71823,birthyear,z1982,1982
71836,birthyear,198j2,1982
72162,birthyear,982,1982
72190,birthyear,z1982,1982
72200,birthyear,182,1982
72747,birthyear,empty,1997
72901,birthyear,982,1982
72971,birthyear,1a982,1982
73135,birthyear,19t82,1982
73306,birthyear,1928,1982
73397,birthyear,19p82,1982
73560,birthyear,empty,1978
73788,birthyear,1928,1982
73844,birthyear,192,1982
73922,birthyear,182,1982
74124,birthyear,1928,1982
74184,birthyear,empty,1997
74305,birthyear,182,1982
74521,birthyear,1w982,1982
74600,birthyear,l1982,1982
74953,birthyear,982,1982
74979,birthyear,198y2,1982
74996,birthyear,9182,1982
75066,birthyear,19o82,1982
75193,birthyear,192,1982
75204,birthyear,e1982,1982
75218,birthyear,982,1982
75335,birthyear,982,1982
75569,birthyear,9182,1982
75580,birthyear,192,1982
75833,birthyear,1928,1982
76244,birthyear,1d982,1982
76398,birthyear,192,1982
76455,birthyear,982,1982
76574,birthyear,1928,1982
76650,birthyear,1892,1982
76662,birthyear,1928,1982
76701,birthyear,1892,1982
76737,birthyear,1928,1982
77026,birthyear,1z982,1982
77107,birthyear,9182,1982
77108,birthyear,b1982,1982
77214,birthyear,1a982,1982
77387,birthyear,1i982,1982
77420,birthyear,1f982,1982
77474,birthyear,982,1982
77754,birthyear,198s2,1982
77885,birthyear,1928,1982
77900,birthyear,1928,1982
78164,birthyear,1928,1982
78686,birthyear,1k982,1982
78820,birthyear,982,1982
78923,birthyear,982,1982
79081,birthyear,1892,1982
79463,birthyear,empty,1977
79530,birthyear,1928,1982
79982,birthyear,192,1982
80015,birthyear,192,1982
80182,birthyear,182,1982
80194,birthyear,1892,1982
80606,birthyear,1892,1982
80840,birthyear,192,1982
81174,birthyear,1892,1982
81336,birthyear,182,1982
81477,birthyear,o1982,1982
81658,birthyear,982,1982
82178,birthyear,982,1982
82566,birthyear,192,1982
82572,birthyear,192,1982
82636,birthyear,z1982,1982
82856,birthyear,982,1982
82968,birthyear,9182,1982
82970,birthyear,192,1982
83021,birthyear,192,1982
83108,birthyear,1928,1982
83255,birthyear,19n82,1982
83322,birthyear,192,1982
83376,birthyear,198c2,1982
83574,birthyear,1928,1982
83629,birthyear,1928,1982
83928,birthyear,empty,1982
84150,birthyear,192,1982
84155,birthyear,982,1982
84685,birthyear,1892,1982
84725,birthyear,982,1982
84750,birthyear,1928,1982
84759,birthyear,192,1982
85237,birthyear,192,1982
85325,birthyear,1892,1982
85534,birthyear,1892,1982
85572,birthyear,r1982,1982
85795,birthyear,982,1982
86192,birthyear,a1982,1982
86400,birthyear,1928,1982
86763,birthyear,198p2,1982
86767,birthyear,1892,1982
86921,birthyear,182,1982
86995,birthyear,empty,1980
87467,birthyear,m1982,1982
87850,birthyear,192,1982
87893,birthyear,192,1982
88008,birthyear,r1982,1982
88244,birthyear,182,1982
88322,birthyear,19q80,1980
88584,birthyear,182,1982
88796,birthyear,982,1982
88811,birthyear,982,1982
89566,birthyear,1928,1982
89568,birthyear,1928,1982
89913,birthyear,198r2,1982
90411,birthyear,1928,1982
90672,birthyear,1928,1982
90952,birthyear,empty,1982
91147,birthyear,1928,1982
91348,birthyear,1928,1982
91360,birthyear,982,1982
91449,birthyear,h1982,1982
91530,birthyear,182,1982
91592,birthyear,1p982,1982
91731,birthyear,1u982,1982
91899,birthyear,t1982,1982
91986,birthyear,1892,1982
92327,birthyear,19w82,1982
92340,birthyear,982,1982
92453,birthyear,1892,1982
92498,birthyear,1h982,1982
92503,birthyear,19n82,1982
92516,birthyear,982,1982
92745,birthyear,19n82,1982
92755,birthyear,19l82,1982
93151,birthyear,178,1978
93167,birthyear,198n2,1982
93313,birthyear,9182,1982
93830,birthyear,1928,1982
94003,birthyear,9182,1982
94224,birthyear,1892,1982
94746,birthyear,182,1982
94844,birthyear,19h82,1982
95060,birthyear,s1982,1982
95106,birthyear,192,1982
95973,birthyear,982,1982
96152,birthyear,982,1982
96474,birthyear,982,1982
96507,birthyear,1928,1982
96972,birthyear,982,1982
96991,birthyear,192,1982
97358,birthyear,empty,1980
97703,birthyear,1892,1982
97910,birthyear,1928,1982
98141,birthyear,1892,1982
98321,birthyear,198j2,1982
98343,birthyear,198j2,1982
98387,birthyear,982,1982
99088,birthyear,1892,1982
99464,birthyear,182,1982
99622,birthyear,9182,1982
99685,birthyear,o1982,1982
99693,birthyear,1892,1982
99740,birthyear,192,1982
100031,birthyear,982,1982
100122,birthyear,198g2,1982
100256,birthyear,198k2,1982
100397,birthyear,1928,1982
100587,birthyear,a1982,1982
100636,birthyear,978,1978
100720,birthyear,1928,1982
100906,birthyear,19w82,1982
101137,birthyear,182,1982
101205,birthyear,182,1982
101287,birthyear,19g82,1982
101430,birthyear,1928,1982
102326,birthyear,982,1982
102459,birthyear,9182,1982
102535,birthyear,9182,1982
102646,birthyear,1928,1982
103167,birthyear,192,1982
103268,birthyear,o1982,1982
103737,birthyear,19v82,1982
103968,birthyear,9182,1982
104044,birthyear,19q82,1982
104211,birthyear,1928,1982
104359,birthyear,y1982,1982
104432,birthyear,1928,1982
104577,birthyear,1m982,1982
104590,birthyear,1l982,1982
104802,birthyear,182,1982
104943,birthyear,empty,1988
104981,birthyear,a1982,1982
105188,birthyear,1i982,1982
105196,birthyear,9182,1982
105384,birthyear,9182,1982
105527,birthyear,192,1982
105620,birthyear,198z2,1982
105634,birthyear,192,1982
105715,birthyear,192,1982
106074,birthyear,19w82,1982
106222,birthyear,9182,1982
106651,birthyear,198m2,1982
106660,birthyear,982,1982
106681,birthyear,1928,1982
106706,birthyear,19h82,1982
106913,birthyear,s1982,1982
107168,birthyear,982,1982
107429,birthyear,982,1982
107932,birthyear,198p2,1982
107951,birthyear,19w82,1982
108129,birthyear,1928,1982
108244,birthyear,177,1977
108489,birthyear,9182,1982
108595,birthyear,198q2,1982
108654,birthyear,190000000000000009897258013955994781676400150667466959103142177112972444219071266816,1982
108851,birthyear,1892,1982
108925,birthyear,19y82,1982
108988,birthyear,9182,1982
109413,birthyear,1928,1982
109624,birthyear,1928,1982
109730,birthyear,182,1982
109893,birthyear,982,1982
110090,birthyear,9182,1982
110365,birthyear,19b82,1982
110620,birthyear,198p2,1982
110678,birthyear,19b82,1982
110792,birthyear,19i82,1982
110911,birthyear,192,1982
111105,birthyear,1f982,1982
111130,birthyear,1928,1982
111376,birthyear,d1982,1982
112121,birthyear,1928,1982
112399,birthyear,198i2,1982
112688,birthyear,192,1982
112930,birthyear,1928,1982
113098,birthyear,1928,1982
113100,birthyear,198q2,1982
113102,birthyear,9182,1982
113160,birthyear,1892,1982
113163,birthyear,982,1982
113353,birthyear,982,1982
113575,birthyear,198n2,1982
113838,birthyear,982,1982
114212,birthyear,19f82,1982
114605,birthyear,982,1982
114663,birthyear,982,1982
114781,birthyear,1928,1982
115051,birthyear,19h82,1982
115206,birthyear,982,1982
117256,birthyear,991,1991
121319,birthyear,197a7,1977
123124,birthyear,empty,1982
127567,birthyear,empty,1982
129104,birthyear,19c80,1980
137812,birthyear,1949,1994
138848,birthyear,empty,1980
139363,birthyear,empty,1982
140704,birthyear,empty,1980
150997,birthyear,empty,1982
151204,birthyear,empty,1977
151446,birthyear,192,1982
157150,birthyear,empty,1994
159290,birthyear,199q0,1990
160488,birthyear,empty,1980
163863,birthyear,empty,1978
168035,birthyear,990,1990
174969,birthyear,978,1978
175943,birthyear,1957,1975
181697,birthyear,empty,1995
182970,birthyear,empty,1982
188126,birthyear,empty,1992
189644,birthyear,empty,1995
195811,birthyear,1908,1980
156,birthplace,Keiv,Kiev
9308,birthplace,empty,Istanbul
9593,birthplace,empty,El
10757,birthplace,Istadnbul,Istanbul
19596,birthplace,empty,Chicago
21813,birthplace,empty,Kiev
23170,birthplace,ulfport,Gulfport
33671,birthplace,empty,Wilmington
36043,birthplace,Gulfpotr,Gulfport
36136,birthplace,Gulfpotr,Gulfport
36292,birthplace,Gulpfort,Gulfport
36339,birthplace,Gutlfport,Gulfport
36341,birthplace,Gufport,Gulfport
36555,birthplace,Gulfoprt,Gulfport
37390,birthplace,Gulfporht,Gulfport
37589,birthplace,Glfport,Gulfport
37797,birthplace,eGulfport,Gulfport
37975,birthplace,Gulzfport,Gulfport
37982,birthplace,ulfport,Gulfport
38351,birthplace,Gulfporgt,Gulfport
38909,birthplace,Guclfport,Gulfport
39053,birthplace,Gulfpotr,Gulfport
39138,birthplace,Gulfprt,Gulfport
39220,birthplace,Gulfpot,Gulfport
39363,birthplace,Gulfprot,Gulfport
39569,birthplace,Glufport,Gulfport
39854,birthplace,Guolfport,Gulfport
39901,birthplace,Gulfporot,Gulfport
40008,birthplace,Guilfport,Gulfport
40553,birthplace,Gulfwport,Gulfport
41653,birthplace,Gulfpotr,Gulfport
41779,birthplace,Gulfoprt,Gulfport
41888,birthplace,Gufport,Gulfport
42006,birthplace,Gulfpot,Gulfport
42063,birthplace,ulfport,Gulfport
42683,birthplace,Gulpfort,Gulfport
43060,birthplace,Gulport,Gulfport
43145,birthplace,Gulpfort,Gulfport
43163,birthplace,Gulport,Gulfport
43252,birthplace,Gutlfport,Gulfport
43653,birthplace,bGulfport,Gulfport
43960,birthplace,Gulfprot,Gulfport
44074,birthplace,Gulfpot,Gulfport
44226,birthplace,bGulfport,Gulfport
44902,birthplace,ulfport,Gulfport
45448,birthplace,Glfport,Gulfport
45613,birthplace,Gulpfort,Gulfport
46084,birthplace,Gulfpourt,Gulfport
46119,birthplace,hGulfport,Gulfport
46396,birthplace,Gulfpot,Gulfport
46666,birthplace,Gulfprt,Gulfport
46721,birthplace,Gulfort,Gulfport
46782,birthplace,Guilfport,Gulfport
47482,birthplace,Gufport,Gulfport
47581,birthplace,ulfport,Gulfport
47655,birthplace,Gulfmport,Gulfport
47713,birthplace,Gulfpot,Gulfport
48004,birthplace,Gulfpotr,Gulfport
48061,birthplace,zGulfport,Gulfport
48089,birthplace,uGlfport,Gulfport
48815,birthplace,Gulfporvt,Gulfport
49600,birthplace,Gulfprot,Gulfport
49740,birthplace,Gulfpot,Gulfport
50195,birthplace,Gulfpordt,Gulfport
50370,birthplace,rague,Prague
50997,birthplace,Guflport,Gulfport
51084,birthplace,Gulfpotr,Gulfport
51446,birthplace,Gulfort,Gulfport
51633,birthplace,Glufport,Gulfport
51786,birthplace,Gulfpmort,Gulfport
52446,birthplace,Gulfpot,Gulfport
52503,birthplace,Gulfpot,Gulfport
52825,birthplace,Glfport,Gulfport
53475,birthplace,Gunlfport,Gulfport
53479,birthplace,Gulfpodrt,Gulfport
53494,birthplace,Gulfpot,Gulfport
53527,birthplace,Gulfpxort,Gulfport
53611,birthplace,Guclfport,Gulfport
53640,birthplace,Gulfprt,Gulfport
53821,birthplace,Gulcfport,Gulfport
53965,birthplace,ulfport,Gulfport
54151,birthplace,Gulpfort,Gulfport
54259,birthplace,Guflport,Gulfport
54287,birthplace,Glufport,Gulfport
54660,birthplace,Gulfpiort,Gulfport
55127,birthplace,Gulfprt,Gulfport
55478,birthplace,Gulport,Gulfport
56191,birthplace,Gulfpotr,Gulfport
56610,birthplace,Gulfpotr,Gulfport
56785,birthplace,Gulpfort,Gulfport
56864,birthplace,Gulfpiort,Gulfport
56892,birthplace,Gulfort,Gulfport
57006,birthplace,Glfport,Gulfport
57115,birthplace,uGlfport,Gulfport
57123,birthplace,empty,Istanbul
57449,birthplace,Gulfpotr,Gulfport
57502,birthplace,Gulfprot,Gulfport
57580,birthplace,Gulfpot,Gulfport
57717,birthplace,Gulport,Gulfport
57718,birthplace,empty,Istanbul
58426,birthplace,Gulfprt,Gulfport
58651,birthplace,l,El
58753,birthplace,Gulfprot,Gulfport
59553,birthplace,Gulfprt,Gulfport
59657,birthplace,Gulpfort,Gulfport
59687,birthplace,Gulfcport,Gulfport
59964,birthplace,Gulfpotr,Gulfport
60137,birthplace,qGulfport,Gulfport
60169,birthplace,Gulfort,Gulfport
60235,birthplace,Guflport,Gulfport
60287,birthplace,Gulfporxt,Gulfport
60394,birthplace,Gulfprt,Gulfport
60463,birthplace,Gulport,Gulfport
60467,birthplace,Gulfpoxrt,Gulfport
60488,birthplace,empty,Istanbul
60575,birthplace,Gulfpot,Gulfport
60622,birthplace,Gulrfport,Gulfport
61012,birthplace,Guflport,Gulfport
61057,birthplace,Gulfprot,Gulfport
61062,birthplace,Gculfport,Gulfport
61101,birthplace,Gulfpot,Gulfport
61127,birthplace,uGlfport,Gulfport
61159,birthplace,Gulfpotr,Gulfport
61526,birthplace,uGlfport,Gulfport
61751,birthplace,Glufport,Gulfport
61869,birthplace,uGlfport,Gulfport
61937,birthplace,ulfport,Gulfport
62210,birthplace,uGlfport,Gulfport
62384,birthplace,Glfport,Gulfport
62889,birthplace,Gulfprt,Gulfport
63096,birthplace,Glfport,Gulfport
63124,birthplace,Gulfpot,Gulfport
63139,birthplace,ulfport,Gulfport
63409,birthplace,Glufport,Gulfport
63597,birthplace,Gulcfport,Gulfport
63813,birthplace,oGulfport,Gulfport
63988,birthplace,Gufport,Gulfport
64063,birthplace,Istnbul,Istanbul
64270,birthplace,Gulfprot,Gulfport
64612,birthplace,Gufport,Gulfport
64654,birthplace,Gulfpot,Gulfport
64662,birthplace,Gulfporht,Gulfport
64842,birthplace,Gulfpport,Gulfport
64855,birthplace,Gulfpoprt,Gulfport
64970,birthplace,Gulpfort,Gulfport
65435,birthplace,Gulfpotr,Gulfport
65779,birthplace,Gulfpot,Gulfport
66114,birthplace,Gulfpotr,Gulfport
66120,birthplace,Gulfpotr,Gulfport
66135,birthplace,Gulffport,Gulfport
66462,birthplace,Gurlfport,Gulfport
66942,birthplace,eGulfport,Gulfport
67567,birthplace,Gulfprt,Gulfport
67642,birthplace,uGlfport,Gulfport
67793,birthplace,Gulfprot,Gulfport
67998,birthplace,empty,Orlando
68041,birthplace,tGulfport,Gulfport
68728,birthplace,Gulfoprt,Gulfport
68778,birthplace,Gulfprt,Gulfport
68925,birthplace,yGulfport,Gulfport
69658,birthplace,Gulftport,Gulfport
70206,birthplace,Gulfpormt,Gulfport
70421,birthplace,Gulfort,Gulfport
70437,birthplace,Gvulfport,Gulfport
70630,birthplace,Gulftport,Gulfport
70820,birthplace,Gufport,Gulfport
70869,birthplace,Gulfprot,Gulfport
71137,birthplace,Guflport,Gulfport
71347,birthplace,Gulwfport,Gulfport
71444,birthplace,empty,El
71716,birthplace,Gulfort,Gulfport
71782,birthplace,Guflport,Gulfport
71823,birthplace,Glufport,Gulfport
71836,birthplace,ulfport,Gulfport
72162,birthplace,Gulfpornt,Gulfport
72190,birthplace,ulfport,Gulfport
72200,birthplace,Gurlfport,Gulfport
72901,birthplace,Gulfpot,Gulfport
72971,birthplace,Gulfpotr,Gulfport
73135,birthplace,Gulfpotr,Gulfport
73306,birthplace,Guhlfport,Gulfport
73397,birthplace,Glfport,Gulfport
73788,birthplace,Gulfort,Gulfport
73844,birthplace,Gulpfort,Gulfport
73922,birthplace,Glfport,Gulfport
74124,birthplace,Gulfpqort,Gulfport
74305,birthplace,Gutlfport,Gulfport
74521,birthplace,Gufport,Gulfport
74600,birthplace,Glufport,Gulfport
74766,birthplace,empty,Orlando
74953,birthplace,Gulfpolrt,Gulfport
74979,birthplace,Gulfpohrt,Gulfport
74996,birthplace,Glfport,Gulfport
75066,birthplace,Gulfort,Gulfport
75193,birthplace,Gulffport,Gulfport
75204,birthplace,Gulpfort,Gulfport
75218,birthplace,Gulfpnort,Gulfport
75335,birthplace,Guljfport,Gulfport
75569,birthplace,Gulfort,Gulfport
75580,birthplace,Gulpfort,Gulfport
75833,birthplace,ulfport,Gulfport
76244,birthplace,Glfport,Gulfport
76398,birthplace,Gulfpnort,Gulfport
76455,birthplace,Gulfpotr,Gulfport
76574,birthplace,Gulyfport,Gulfport
76650,birthplace,Glfport,Gulfport
76662,birthplace,Gwulfport,Gulfport
76701,birthplace,Guylfport,Gulfport
76737,birthplace,ulfport,Gulfport
77026,birthplace,Gulfpot,Gulfport
77107,birthplace,empty,Gulfport
77108,birthplace,Gulfpkort,Gulfport
77214,birthplace,Gaulfport,Gulfport
77387,birthplace,Gulfprot,Gulfport
77420,birthplace,Gulfpport,Gulfport
77474,birthplace,Gulpfort,Gulfport
77754,birthplace,Guglfport,Gulfport
77885,birthplace,Gulfporat,Gulfport
77900,birthplace,ulfport,Gulfport
78164,birthplace,Guolfport,Gulfport
78686,birthplace,Gulfort,Gulfport
78820,birthplace,Gulfpotr,Gulfport
78884,birthplace,Isitanbul,Istanbul
78923,birthplace,Gulfvport,Gulfport
79081,birthplace,Gulfprot,Gulfport
79530,birthplace,Glufport,Gulfport
79982,birthplace,Gulfort,Gulfport
80015,birthplace,Gulpfport,Gulfport
80182,birthplace,Gulfxport,Gulfport
80194,birthplace,Gufport,Gulfport
80252,birthplace,empty,Wilmington
80606,birthplace,Glfport,Gulfport
80840,birthplace,Gulfpotr,Gulfport
81174,birthplace,Gulfpotr,Gulfport
81336,birthplace,Gulfprt,Gulfport
81477,birthplace,Guflport,Gulfport
81658,birthplace,ulfport,Gulfport
82178,birthplace,Gulfpcort,Gulfport
82566,birthplace,Gulfporat,Gulfport
82572,birthplace,uGlfport,Gulfport
82636,birthplace,Gulpfort,Gulfport
82856,birthplace,Gulfoprt,Gulfport
82968,birthplace,ulfport,Gulfport
82970,birthplace,Gulfpotr,Gulfport
83021,birthplace,Gulfpotr,Gulfport
83108,birthplace,Gulfprt,Gulfport
83255,birthplace,ulfport,Gulfport
83267,birthplace,empty,Ontario
83322,birthplace,Gulfprt,Gulfport
83376,birthplace,Gulfpiort,Gulfport
83574,birthplace,Gulport,Gulfport
83629,birthplace,Glufport,Gulfport
83928,birthplace,Gulffport,Gulfport
84150,birthplace,Gulfpokrt,Gulfport
84155,birthplace,Glufport,Gulfport
84685,birthplace,Gulifport,Gulfport
84725,birthplace,Gulfpowrt,Gulfport
84750,birthplace,Gullfport,Gulfport
84759,birthplace,Gulfoprt,Gulfport
85237,birthplace,Glfport,Gulfport
85325,birthplace,Grulfport,Gulfport
85534,birthplace,Gulport,Gulfport
85572,birthplace,Gulfprt,Gulfport
85795,birthplace,ulfport,Gulfport
86192,birthplace,Gulfprot,Gulfport
86400,birthplace,Gulfpofrt,Gulfport
86763,birthplace,eGulfport,Gulfport
86767,birthplace,Gulfprot,Gulfport
86921,birthplace,Glfport,Gulfport
87467,birthplace,ulfport,Gulfport
87850,birthplace,Gulport,Gulfport
87893,birthplace,Gulport,Gulfport
88008,birthplace,Gulfwport,Gulfport
88244,birthplace,Gufport,Gulfport
88584,birthplace,Gbulfport,Gulfport
88796,birthplace,ulfport,Gulfport
88811,birthplace,Guilfport,Gulfport
89566,birthplace,Gulfpot,Gulfport
89568,birthplace,Guylfport,Gulfport
89840,birthplace,rague,Prague
89913,birthplace,Glufport,Gulfport
90411,birthplace,Gulfpot,Gulfport
90672,birthplace,Guljfport,Gulfport
90952,birthplace,Gulfort,Gulfport
91147,birthplace,Glfport,Gulfport
91348,birthplace,Gulfpotr,Gulfport
91360,birthplace,Gurlfport,Gulfport
91449,birthplace,Gulfpqort,Gulfport
91530,birthplace,Gulport,Gulfport
91592,birthplace,uGlfport,Gulfport
91731,birthplace,ulfport,Gulfport
91899,birthplace,Guflport,Gulfport
91986,birthplace,yGulfport,Gulfport
92327,birthplace,Gufport,Gulfport
92340,birthplace,uGlfport,Gulfport
92453,birthplace,Gkulfport,Gulfport
92498,birthplace,ulfport,Gulfport
92503,birthplace,ulfport,Gulfport
92516,birthplace,Gulfort,Gulfport
92745,birthplace,Gulfpbort,Gulfport
92755,birthplace,uGlfport,Gulfport
93167,birthplace,Gulport,Gulfport
93313,birthplace,Gulfcport,Gulfport
93830,birthplace,uGlfport,Gulfport
93896,birthplace,Prnague,Prague
94003,birthplace,Gulfpoart,Gulfport
94224,birthplace,Gulfpot,Gulfport
94746,birthplace,Gulfpot,Gulfport
94844,birthplace,Gulfort,Gulfport
95060,birthplace,ulfport,Gulfport
95106,birthplace,Guflport,Gulfport
95797,birthplace,empty,Kiev
95973,birthplace,Gufport,Gulfport
96152,birthplace,Gulfprot,Gulfport
96398,birthplace,Orlado,Orlando
96474,birthplace,Guplfport,Gulfport
96507,birthplace,Gqulfport,Gulfport
96972,birthplace,Gulfporct,Gulfport
96991,birthplace,uGlfport,Gulfport
97703,birthplace,Gulfpoert,Gulfport
97910,birthplace,Gulyfport,Gulfport
98141,birthplace,Guflport,Gulfport
98321,birthplace,Gulcfport,Gulfport
98343,birthplace,ulfport,Gulfport
98387,birthplace,Gulfpot,Gulfport
99088,birthplace,zGulfport,Gulfport
99464,birthplace,Gvulfport,Gulfport
99486,birthplace,iev,Kiev
99622,birthplace,Gulfpot,Gulfport
99685,birthplace,Gculfport,Gulfport
99693,birthplace,Gaulfport,Gulfport
99740,birthplace,Gulfeport,Gulfport
100031,birthplace,Gulfpot,Gulfport
100122,birthplace,ulfport,Gulfport
100256,birthplace,Guljfport,Gulfport
100397,birthplace,Gulfprot,Gulfport
100587,birthplace,Glfport,Gulfport
100720,birthplace,ulfport,Gulfport
100906,birthplace,Gulfpot,Gulfport
101137,birthplace,Gufport,Gulfport
101205,birthplace,ulfport,Gulfport
101287,birthplace,ulfport,Gulfport
101430,birthplace,Gulport,Gulfport
102326,birthplace,Gulfpoxrt,Gulfport
102459,birthplace,Gulfort,Gulfport
102535,birthplace,Gulfpotr,Gulfport
102646,birthplace,Glufport,Gulfport
103167,birthplace,Gulpfort,Gulfport
103268,birthplace,ulfport,Gulfport
103737,birthplace,Gulfort,Gulfport
103968,birthplace,lGulfport,Gulfport
104044,birthplace,Guilfport,Gulfport
104211,birthplace,Guljfport,Gulfport
104359,birthplace,Gulport,Gulfport
104432,birthplace,ulfport,Gulfport
104494,birthplace,empty,Colorado
104577,birthplace,Glfport,Gulfport
104590,birthplace,Gulyfport,Gulfport
104802,birthplace,Gulfoprt,Gulfport
104981,birthplace,Glfport,Gulfport
105005,birthplace,Kive,Kiev
105188,birthplace,Guflport,Gulfport
105196,birthplace,Gjulfport,Gulfport
105384,birthplace,Gulpfport,Gulfport
105527,birthplace,Gulfpotr,Gulfport
105620,birthplace,Gulfpotr,Gulfport
105634,birthplace,Gulport,Gulfport
105715,birthplace,Gulfoprt,Gulfport
106074,birthplace,Gulport,Gulfport
106222,birthplace,Gulfort,Gulfport
106651,birthplace,Glfport,Gulfport
106660,birthplace,Gulfprt,Gulfport
106681,birthplace,Gulfzport,Gulfport
106706,birthplace,aGulfport,Gulfport
106913,birthplace,Gfulfport,Gulfport
107168,birthplace,Gulfoprt,Gulfport
107429,birthplace,Gulfpotr,Gulfport
107932,birthplace,Gulfpoort,Gulfport
107951,birthplace,Gulfpsort,Gulfport
108129,birthplace,Gulfjport,Gulfport
108489,birthplace,Gulfpofrt,Gulfport
108595,birthplace,Gulfphort,Gulfport
108654,birthplace,Gulfpot,Gulfport
108851,birthplace,iGulfport,Gulfport
108925,birthplace,ulfport,Gulfport
108988,birthplace,Gulfpotr,Gulfport
109413,birthplace,bGulfport,Gulfport
109624,birthplace,Gulfpuort,Gulfport
109730,birthplace,Gulifport,Gulfport
109893,birthplace,Gulfporst,Gulfport
110090,birthplace,Gulfprt,Gulfport
110365,birthplace,Gulfpxort,Gulfport
110620,birthplace,Gulfpotr,Gulfport
110678,birthplace,Gulfpotr,Gulfport
110792,birthplace,qGulfport,Gulfport
110911,birthplace,Glufport,Gulfport
111105,birthplace,Gulfort,Gulfport
111130,birthplace,Gulfpoort,Gulfport
111376,birthplace,ulfport,Gulfport
112121,birthplace,Gulfpoprt,Gulfport
112399,birthplace,Glufport,Gulfport
112688,birthplace,ulfport,Gulfport
112930,birthplace,Guflport,Gulfport
113098,birthplace,eGulfport,Gulfport
113100,birthplace,Gulfhport,Gulfport
113102,birthplace,Gulpfort,Gulfport
113160,birthplace,Gpulfport,Gulfport
113163,birthplace,Gulcfport,Gulfport
113353,birthplace,Gulfprot,Gulfport
113575,birthplace,empty,Gulfport
113838,birthplace,Gulfort,Gulfport
114212,birthplace,Gulfort,Gulfport
114605,birthplace,Gulfpjort,Gulfport
114663,birthplace,Gulfpuort,Gulfport
114781,birthplace,Gulpfort,Gulfport
115051,birthplace,Gulfpqort,Gulfport
115206,birthplace,Gulfpoqrt,Gulfport
115366,birthplace,aGulfport,Gulfport
115393,birthplace,Gufport,Gulfport
115639,birthplace,Gulfpoirt,Gulfport
115914,birthplace,Gulfpot,Gulfport
116007,birthplace,Gulfort,Gulfport
116197,birthplace,ulfport,Gulfport
116202,birthplace,Gulfportt,Gulfport
116425,birthplace,Gulpfort,Gulfport
116723,birthplace,Gulfpotr,Gulfport
117367,birthplace,Gulfpot,Gulfport
117586,birthplace,Gulfprot,Gulfport
117597,birthplace,empty,Gulfport
117649,birthplace,Gulpfort,Gulfport
117796,birthplace,Gulfaport,Gulfport
118339,birthplace,Guflport,Gulfport
118652,birthplace,Gulfpotr,Gulfport
118722,birthplace,Gulfpotr,Gulfport
118868,birthplace,Guflport,Gulfport
119280,birthplace,Gulfpotr,Gulfport
119561,birthplace,ulfport,Gulfport
119897,birthplace,Gulfoprt,Gulfport
119927,birthplace,Gulfpot,Gulfport
120215,birthplace,Gulport,Gulfport
120636,birthplace,Gulfprot,Gulfport
120712,birthplace,Guwlfport,Gulfport
120748,birthplace,Gulfpoprt,Gulfport
120941,birthplace,uGlfport,Gulfport
121019,birthplace,rOlando,Orlando
121503,birthplace,uGlfport,Gulfport
121573,birthplace,l,El
121774,birthplace,Wilmintgon,Wilmington
122003,birthplace,Gufport,Gulfport
122263,birthplace,Gulport,Gulfport
122303,birthplace,Gulpfort,Gulfport
122328,birthplace,Glfport,Gulfport
122456,birthplace,Guflport,Gulfport
122984,birthplace,Gulfpotr,Gulfport
122998,birthplace,Gulmfport,Gulfport
123124,birthplace,Gulfpotr,Gulfport
123170,birthplace,Guflport,Gulfport
123355,birthplace,uGlfport,Gulfport
123424,birthplace,Gulfpotr,Gulfport
123951,birthplace,Guflport,Gulfport
124177,birthplace,ulfport,Gulfport
124459,birthplace,uGlfport,Gulfport
124538,birthplace,Gulfoport,Gulfport
124647,birthplace,Gulfpnort,Gulfport
124793,birthplace,Gulfpotr,Gulfport
124891,birthplace,Gulfoprt,Gulfport
124960,birthplace,Gulfpozrt,Gulfport
125348,birthplace,Gulfporst,Gulfport
125355,birthplace,Gulfpyort,Gulfport
125568,birthplace,Glufport,Gulfport
125736,birthplace,Gulufport,Gulfport
125890,birthplace,rGulfport,Gulfport
125948,birthplace,fGulfport,Gulfport
126078,birthplace,Gulfoprt,Gulfport
126171,birthplace,Gulfoprt,Gulfport
126750,birthplace,Gulfporbt,Gulfport
126849,birthplace,Gulfoprt,Gulfport
127025,birthplace,Glulfport,Gulfport
127145,birthplace,ulfport,Gulfport
127567,birthplace,Gulfort,Gulfport
127740,birthplace,Guflport,Gulfport
127772,birthplace,Gulpfort,Gulfport
127861,birthplace,Gufport,Gulfport
128161,birthplace,Gulfprot,Gulfport
128374,birthplace,Gulfort,Gulfport
128400,birthplace,uGlfport,Gulfport
128541,birthplace,Gulfort,Gulfport
128584,birthplace,Gulpfort,Gulfport
128631,birthplace,Gullfport,Gulfport
128737,birthplace,Guflport,Gulfport
128763,birthplace,Gulfoprt,Gulfport
128867,birthplace,Gulfpotr,Gulfport
129597,birthplace,ulfport,Gulfport
129709,birthplace,Guwlfport,Gulfport
129803,birthplace,Gulfprot,Gulfport
129857,birthplace,Gulfpolrt,Gulfport
129963,birthplace,Gulgfport,Gulfport
130247,birthplace,Gbulfport,Gulfport
130328,birthplace,Gulpfort,Gulfport
130354,birthplace,Gulfjport,Gulfport
130937,birthplace,Gsulfport,Gulfport
131024,birthplace,Gulfporut,Gulfport
131685,birthplace,Gufport,Gulfport
132008,birthplace,Gulfpot,Gulfport
132376,birthplace,Guflport,Gulfport
132649,birthplace,Gurlfport,Gulfport
132666,birthplace,Gulnfport,Gulfport
132702,birthplace,Gulfpot,Gulfport
132786,birthplace,Gulfpuort,Gulfport
132791,birthplace,Gulpfort,Gulfport
132981,birthplace,empty,Orlando
133160,birthplace,Gulfprt,Gulfport
133366,birthplace,Gulfprt,Gulfport
133393,birthplace,Guflport,Gulfport
133857,birthplace,Gullfport,Gulfport
133977,birthplace,Gulpfort,Gulfport
134074,birthplace,Gulfoprt,Gulfport
134187,birthplace,Gulfpotr,Gulfport
134814,birthplace,Gulfpot,Gulfport
134815,birthplace,Gulfpot,Gulfport
135031,birthplace,Gulpfort,Gulfport
135046,birthplace,Gulfpotr,Gulfport
135070,birthplace,Gulfoprt,Gulfport
135264,birthplace,Gulfort,Gulfport
135479,birthplace,uGlfport,Gulfport
135654,birthplace,Glfport,Gulfport
135656,birthplace,Gulfpotr,Gulfport
135763,birthplace,Gumlfport,Gulfport
135976,birthplace,Giulfport,Gulfport
136043,birthplace,ulfport,Gulfport
136136,birthplace,Gulfpotr,Gulfport
138436,birthplace,empty,Orlando
141606,birthplace,Kiv,Kiev
144966,birthplace,empty,El
150627,birthplace,Kev,Kiev
151235,birthplace,empty,El
157931,birthplace,empty,Kiev
161282,birthplace,empty,Kiev
166767,birthplace,empty,Istanbul
172745,birthplace,empty,El
172747,birthplace,empty,Worcester
176405,birthplace,empty,Guangzhou
183142,birthplace,empty,Worcester
183221,birthplace,Isanbul,Istanbul
192958,birthplace,empty,Kiev
1942,position,Defedner,Defender
2265,position,Defendehr,Defender
2391,position,Dfender,Defender
2396,position,eDfender,Defender
2619,position,Defendre,Defender
3052,position,efender,Defender
3066,position,Drefender,Defender
3694,position,Derfender,Defender
4307,position,Dlefender,Defender
4794,position,Defendesr,Defender
4828,position,Defenedr,Defender
4924,position,Defenoder,Defender
5024,position,Defedner,Defender
5025,position,Defendr,Defender
5308,position,Deender,Defender
5343,position,Defedner,Defender
5559,position,Defendre,Defender
6182,position,Defendler,Defender
6333,position,Defendder,Defender
6473,position,empty,Defender
6495,position,Defnder,Defender
6555,position,Defendre,Defender
6870,position,Defendre,Defender
6935,position,tDefender,Defender
7207,position,Defnder,Defender
9154,position,Defener,Defender
9381,position,Deefnder,Defender
9593,position,efender,Defender
9727,position,efender,Defender
9871,position,Defenhder,Defender
10463,position,Dyefender,Defender
10526,position,lDefender,Defender
11435,position,Defener,Defender
11617,position,efender,Defender
12006,position,Defendre,Defender
12343,position,Dfefender,Defender
12589,position,Defendver,Defender
12860,position,Dfeender,Defender
12889,position,Defendre,Defender
13462,position,Dfeender,Defender
13476,position,Defener,Defender
13572,position,Defener,Defender
15296,position,Dfender,Defender
15593,position,Dvefender,Defender
16119,position,Dfeender,Defender
16125,position,efender,Defender
16401,position,empty,Defender
16656,position,Dfender,Defender
16906,position,Defenderr,Defender
16940,position,Defneder,Defender
17319,position,Defendr,Defender
17367,position,Defendr,Defender
17502,position,Defepnder,Defender
17586,position,Defeder,Defender
17796,position,Defendear,Defender
18862,position,Dvefender,Defender
19591,position,Dfeender,Defender
19927,position,Defedner,Defender
20119,position,Dfender,Defender
20215,position,Dfender,Defender
20603,position,Dexfender,Defender
20712,position,efender,Defender
20760,position,Defener,Defender
21137,position,Deender,Defender
21503,position,efender,Defender
21571,position,Defener,Defender
22003,position,Defendder,Defender
22090,position,Defendaer,Defender
22263,position,Defenedr,Defender
22303,position,Defneder,Defender
22761,position,Defwender,Defender
22998,position,Derfender,Defender
23085,position,Denfender,Defender
23124,position,Defegnder,Defender
23392,position,Defendre,Defender
23951,position,Defendcer,Defender
24587,position,eDfender,Defender
24647,position,efender,Defender
24891,position,Defendre,Defender
25568,position,Deefnder,Defender
25736,position,Deender,Defender
25890,position,Defener,Defender
26171,position,Dfender,Defender
26500,position,Derfender,Defender
26804,position,Defedner,Defender
27025,position,wDefender,Defender
27740,position,Defeder,Defender
27772,position,Defendxer,Defender
28400,position,Defmender,Defender
28541,position,Dfender,Defender
28635,position,eDfender,Defender
28737,position,Dfeender,Defender
28867,position,Dfeender,Defender
28928,position,Defendxer,Defender
29442,position,Defneder,Defender
29709,position,efender,Defender
29857,position,Defexnder,Defender
29963,position,Defendeyr,Defender
30171,position,Deefnder,Defender
30230,position,Defendr,Defender
30252,position,Defenedr,Defender
30328,position,Dewfender,Defender
30354,position,Defendewr,Defender
30422,position,Defendre,Defender
30778,position,efender,Defender
30829,position,Dfeender,Defender
30861,position,Defendedr,Defender
30978,position,Defenxder,Defender
31117,position,Defener,Defender
31145,position,empty,Goalkeeper
31685,position,Dfeender,Defender
32069,position,Defendre,Defender
32097,position,Defedner,Defender
32666,position,Defenider,Defender
33366,position,Defendeir,Defender
33393,position,Dfeender,Defender
33513,position,Defendetr,Defender
33522,position,empty,Defender
33857,position,xDefender,Defender
34153,position,Goalkieeper,Goalkeeper
34187,position,Deefnder,Defender
34522,position,efender,Defender
34784,position,Dfeender,Defender
34814,position,Defedner,Defender
35031,position,Defneder,Defender
35070,position,Defneder,Defender
35088,position,Defneder,Defender
35264,position,efender,Defender
35434,position,Dfeender,Defender
35656,position,Defendr,Defender
35693,position,Defeder,Defender
35976,position,Defendr,Defender
36292,position,Defpender,Defender
36339,position,eDfender,Defender
36341,position,Defendher,Defender
37797,position,Defener,Defender
39053,position,dDefender,Defender
39220,position,Defendeer,Defender
39363,position,Defneder,Defender
40553,position,Deender,Defender
41888,position,Defendre,Defender
42063,position,Defendevr,Defender
42683,position,Defenedr,Defender
43145,position,efender,Defender
43163,position,eDfender,Defender
43960,position,dDefender,Defender
44074,position,Defedner,Defender
44226,position,Dfender,Defender
46396,position,Defendre,Defender
46666,position,Dfeender,Defender
46782,position,Defendder,Defender
47713,position,Defesnder,Defender
48089,position,Degfender,Defender
50997,position,Defenider,Defender
51084,position,Defendr,Defender
52446,position,Defendre,Defender
52503,position,Defenider,Defender
53479,position,Deefnder,Defender
53494,position,efender,Defender
53527,position,Drefender,Defender
53611,position,Defenedr,Defender
53821,position,Defvender,Defender
53965,position,Defevnder,Defender
54259,position,Dfefender,Defender
54660,position,Deefnder,Defender
55478,position,Dnefender,Defender
56167,position,empty,Goalkeeper
56191,position,Defendier,Defender
57006,position,efender,Defender
57115,position,Defener,Defender
57580,position,Defneder,Defender
57717,position,Defnder,Defender
58426,position,Defneder,Defender
59438,position,empty,Defender
59657,position,eDfender,Defender
60169,position,Defendier,Defender
60287,position,Dfeender,Defender
60394,position,Dfender,Defender
60467,position,Defenedr,Defender
61012,position,Decfender,Defender
61057,position,vDefender,Defender
61062,position,Defnder,Defender
61101,position,Dfeender,Defender
61127,position,efender,Defender
61159,position,efender,Defender
61526,position,Dfeender,Defender
62210,position,Defedner,Defender
62889,position,Defxender,Defender
63597,position,efender,Defender
63603,position,Dfeender,Defender
63988,position,Defendr,Defender
64612,position,efender,Defender
64662,position,Defewnder,Defender
65435,position,eDfender,Defender
65779,position,efender,Defender
66462,position,Defedner,Defender
66942,position,Deefender,Defender
67567,position,efender,Defender
67642,position,Defeznder,Defender
67793,position,Defoender,Defender
68035,position,Goalkeeper***,Goalkeeper
68041,position,Defnder,Defender
70206,position,efender,Defender
70421,position,Defener,Defender
71137,position,Dmefender,Defender
71347,position,Deender,Defender
71823,position,Defnder,Defender
71836,position,Dbefender,Defender
72190,position,Deender,Defender
72901,position,Defenzder,Defender
73135,position,Defendear,Defender
73229,position,oFrward,Forward
73844,position,Defedner,Defender
74102,position,empty,Midfield
74124,position,efender,Defender
74521,position,Deqfender,Defender
74600,position,Deefnder,Defender
74996,position,Defener,Defender
75066,position,Dfender,Defender
75193,position,Defener,Defender
75204,position,Defeder,Defender
75569,position,Defendre,Defender
75833,position,Defneder,Defender
76398,position,Defener,Defender
76650,position,Defnder,Defender
76662,position,efender,Defender
77026,position,Defenedr,Defender
77108,position,eDfender,Defender
77387,position,Defnder,Defender
77420,position,Deefnder,Defender
77754,position,Deefnder,Defender
77900,position,Defener,Defender
78214,position,vDefender,Defender
78686,position,Defener,Defender
78836,position,Defener,Defender
79081,position,Deefnder,Defender
80606,position,efender,Defender
80840,position,Dfender,Defender
81174,position,Defendzer,Defender
81477,position,Defneder,Defender
81658,position,Defendenr,Defender
82970,position,Dfender,Defender
83021,position,Defendr,Defender
83108,position,Drefender,Defender
83574,position,Dfender,Defender
83629,position,efender,Defender
83928,position,Delfender,Defender
84750,position,Defneder,Defender
85572,position,Defendjer,Defender
85795,position,Dfeender,Defender
86192,position,Defendmer,Defender
86400,position,Dfender,Defender
86763,position,Defenedr,Defender
87467,position,Defedner,Defender
87854,position,empty,Goalkeeper
87893,position,Defendger,Defender
88008,position,eDfender,Defender
88068,position,empty,Goalkeeper
88584,position,Defendzer,Defender
88796,position,Defenedr,Defender
89566,position,Dfeender,Defender
89568,position,Dfender,Defender
90411,position,Defenedr,Defender
90952,position,Demfender,Defender
91348,position,efender,Defender
91360,position,Defendre,Defender
91530,position,efender,Defender
91592,position,Deefnder,Defender
91899,position,eDfender,Defender
92340,position,Deefnder,Defender
92503,position,Debfender,Defender
92755,position,Defnder,Defender
93076,position,Defnder,Defender
93167,position,Defenedr,Defender
93313,position,Deender,Defender
93830,position,Demfender,Defender
94003,position,Dfeender,Defender
94224,position,Defener,Defender
94844,position,Defendr,Defender
95106,position,Defendepr,Defender
95973,position,eDfender,Defender
96507,position,Defendre,Defender
96972,position,Defnder,Defender
99030,position,Dfender,Defender
99088,position,efender,Defender
99464,position,Defener,Defender
99622,position,Defendr,Defender
99693,position,Dfender,Defender
100102,position,empty,Defender
100397,position,Dfender,Defender
100720,position,Defedner,Defender
101137,position,eDfender,Defender
101185,position,Defener,Defender
101205,position,Deefender,Defender
101430,position,Defendre,Defender
101830,position,Golalkeeper,Goalkeeper
102285,position,empty,Midfield
102459,position,Defenfder,Defender
103268,position,eDfender,Defender
103737,position,Defenmder,Defender
104044,position,efender,Defender
104211,position,Defeder,Defender
104432,position,aDefender,Defender
104577,position,Defedner,Defender
104802,position,Defeder,Defender
105196,position,Defendder,Defender
105384,position,Defendeer,Defender
105634,position,Defnder,Defender
105715,position,Dfender,Defender
106074,position,Defendr,Defender
106651,position,Defendre,Defender
106706,position,Defener,Defender
106913,position,Defengder,Defender
107429,position,Defendser,Defender
107932,position,eDfender,Defender
108489,position,Delfender,Defender
108654,position,Defneder,Defender
108988,position,Defensder,Defender
109308,position,Galkeeper,Goalkeeper
109413,position,Defnder,Defender
109624,position,efender,Defender
110090,position,Deender,Defender
110620,position,efender,Defender
110678,position,Defener,Defender
112121,position,Defedner,Defender
112930,position,Doefender,Defender
113102,position,Dfeender,Defender
113131,position,empty,Goalkeeper
113163,position,Defendekr,Defender
113353,position,Defenpder,Defender
114192,position,Foward,Forward
114212,position,Defeander,Defender
114605,position,Defneder,Defender
114663,position,Defnder,Defender
115051,position,Dfeender,Defender
115366,position,Delfender,Defender
115393,position,Dhefender,Defender
115914,position,Defendre,Defender
116007,position,Defedner,Defender
116197,position,Deender,Defender
117367,position,Defenedr,Defender
117586,position,Deender,Defender
117796,position,Desfender,Defender
119927,position,Dfender,Defender
119979,position,empty,Defender
120215,position,Deefnder,Defender
120712,position,Defener,Defender
121503,position,Defneder,Defender
122003,position,Defendre,Defender
122263,position,Deffender,Defender
122303,position,Defendeur,Defender
122998,position,Dyefender,Defender
123124,position,Defendre,Defender
123951,position,Defendcer,Defender
124647,position,Dwefender,Defender
124891,position,cDefender,Defender
125568,position,Defendewr,Defender
125736,position,Defenedr,Defender
125811,position,Defneder,Defender
125890,position,Defelnder,Defender
126171,position,Deender,Defender
127025,position,eDfender,Defender
127740,position,eDefender,Defender
127754,position,Midfiled,Midfield
127772,position,Defendr,Defender
128400,position,Deefnder,Defender
128541,position,eDfender,Defender
128737,position,Defgender,Defender
128867,position,Deefnder,Defender
129709,position,efender,Defender
129857,position,Defedner,Defender
129924,position,Midfild,Midfield
129963,position,efender,Defender
130328,position,Defedner,Defender
130354,position,Deefnder,Defender
130663,position,Midifeld,Midfield
131685,position,Defendre,Defender
132666,position,Defneder,Defender
132835,position,empty,Midfield
133366,position,efender,Defender
133393,position,Defenedr,Defender
133857,position,jDefender,Defender
134187,position,efender,Defender
134814,position,Dfeender,Defender
135031,position,Dfeender,Defender
135070,position,Defendier,Defender
135264,position,eDfender,Defender
135656,position,Dfeender,Defender
135976,position,Defener,Defender
136259,position,empty,Defender
136292,position,Defecnder,Defender
136339,position,Dxefender,Defender
136341,position,fDefender,Defender
137797,position,Defenedr,Defender
139053,position,Defendaer,Defender
139220,position,Dfender,Defender
139363,position,Defvender,Defender
140553,position,Defeonder,Defender
141888,position,Dfeender,Defender
142063,position,eDfender,Defender
142683,position,Devfender,Defender
143145,position,Defendcer,Defender
143163,position,Deffender,Defender
143960,position,Defendyer,Defender
144074,position,Defelnder,Defender
144226,position,Defedner,Defender
146195,position,Dwefender,Defender
146396,position,Defefnder,Defender
146666,position,Dfeender,Defender
146782,position,Defendre,Defender
147713,position,Defsender,Defender
148089,position,efender,Defender
149674,position,hForward,Forward
150997,position,Defenxder,Defender
151084,position,Debfender,Defender
152446,position,Defjender,Defender
152503,position,Defendefr,Defender
153479,position,Defenoder,Defender
153494,position,Defener,Defender
153527,position,Dfender,Defender
153611,position,Defeynder,Defender
153821,position,Deender,Defender
153965,position,Deefnder,Defender
154259,position,Dfender,Defender
154660,position,Defneder,Defender
155478,position,Defener,Defender
156191,position,Defeder,Defender
157006,position,Defeder,Defender
157115,position,eDfender,Defender
157580,position,Defendre,Defender
157697,position,empty,Goalkeeper
157717,position,efender,Defender
158426,position,Dfeender,Defender
159479,position,empty,Defender
159657,position,Deender,Defender
160169,position,Defedner,Defender
160287,position,Denfender,Defender
160394,position,Defendeur,Defender
160467,position,Dfender,Defender
161012,position,Defzender,Defender
161057,position,Defenzder,Defender
161062,position,Defedner,Defender
161070,position,empty,Goalkeeper
161101,position,Defendekr,Defender
161127,position,Defendre,Defender
161159,position,Defenedr,Defender
161526,position,Defener,Defender
162210,position,Defendepr,Defender
162889,position,Defener,Defender
163119,position,oalkeeper,Goalkeeper
163597,position,Defendr,Defender
163988,position,efender,Defender
164030,position,empty,Goalkeeper
164612,position,Dfender,Defender
164662,position,Defennder,Defender
165435,position,efender,Defender
165779,position,Defeder,Defender
166462,position,efender,Defender
166942,position,dDefender,Defender
167567,position,Defennder,Defender
167642,position,Defendre,Defender
167793,position,efender,Defender
168041,position,Defendger,Defender
170206,position,eDfender,Defender
170421,position,Defendebr,Defender
170706,position,Midfiled,Midfield
170880,position,empty,Goalkeeper
171137,position,Defendre,Defender
171347,position,Deefnder,Defender
171823,position,Defedner,Defender
171836,position,Defnder,Defender
171946,position,Goalkeper,Goalkeeper
172190,position,Defener,Defender
172901,position,Defenqder,Defender
173135,position,Defnder,Defender
173745,position,Fgorward,Forward
173834,position,nDefender,Defender
173844,position,Defendre,Defender
174124,position,Defendxer,Defender
174521,position,Defendejr,Defender
174600,position,Dfender,Defender
174996,position,Dfefender,Defender
175066,position,Defendre,Defender
175193,position,efender,Defender
175204,position,Defeznder,Defender
175569,position,eDfender,Defender
175833,position,efender,Defender
176398,position,Defendre,Defender
176650,position,Deefnder,Defender
176662,position,Deefnder,Defender
177026,position,rDefender,Defender
177108,position,rDefender,Defender
177387,position,Defeder,Defender
177420,position,Dfeender,Defender
177754,position,Defendr,Defender
177900,position,Dfender,Defender
178686,position,efender,Defender
179081,position,Dfeender,Defender
180123,position,empty,Goalkeeper
180606,position,efender,Defender
180840,position,Defedner,Defender
181174,position,Defengder,Defender
181477,position,Defendre,Defender
181658,position,Defeder,Defender
182970,position,Dfender,Defender
183021,position,eDfender,Defender
183108,position,efender,Defender
183322,position,Midfiveld,Midfield
183574,position,Deender,Defender
183629,position,Defendeur,Defender
183928,position,Defener,Defender
184250,position,Defeender,Defender
184750,position,efender,Defender
185572,position,eDfender,Defender
185795,position,Defendr,Defender
186192,position,Defendr,Defender
186400,position,efender,Defender
186763,position,eDfender,Defender
187002,position,empty,Defender
187467,position,Defendjer,Defender
187893,position,Defensder,Defender
188008,position,Dezfender,Defender
188584,position,Defendezr,Defender
188796,position,Defenedr,Defender
188812,position,empty,Midfield
189566,position,eDfender,Defender
189568,position,Defendr,Defender
190411,position,Defeynder,Defender
190952,position,efender,Defender
191348,position,Defendre,Defender
191360,position,Doefender,Defender
191530,position,Defendre,Defender
191592,position,Defeder,Defender
191899,position,Defnder,Defender
192340,position,efender,Defender
192503,position,Defnder,Defender
192755,position,Defneder,Defender
193167,position,Deefnder,Defender
193230,position,empty,Goalkeeper
193313,position,Defendr,Defender
193830,position,Defendber,Defender
194003,position,Derfender,Defender
194224,position,Defnder,Defender
194844,position,eDefender,Defender
195106,position,Defnder,Defender
195170,position,empty,Defender
195973,position,efender,Defender
196507,position,Defeder,Defender
196585,position,Daefender,Defender
196972,position,Dhefender,Defender
199088,position,Demfender,Defender
199464,position,Defendr,Defender
199622,position,efender,Defender
199693,position,Dfender,Defender
490,team,P..ao.k_Fc,P.a.o.k_Fc
5027,team,empty,Valencia_CF
5196,team,SV_Wedrer_Bremen,SV_Werder_Bremen
6651,team,SV_Werder_remen,SV_Werder_Bremen
9716,team,Vlaencia_CF,Valencia_CF
14360,team,Juventsu,Juventus
15000,team,empty,Toronto_FC
16216,team,empty,Borussia_Monchengladbach
22984,team,Vlencia_CF,Valencia_CF
34740,team,S.C._Braa,S.C._Braga
38157,team,empty,Valencia_CF
38803,team,empty,Toronto_FC
50997,team,empty,SV_Werder_Bremen
70865,team,empty,VfL_Wolfsburg
72327,team,Clube_de_Regattas_do_Flamengo,Clube_de_Regatas_do_Flamengo
79720,team,VL_Wolfsburg,VfL_Wolfsburg
83221,team,empty,Clube_de_Regatas_do_Flamengo
84138,team,FC_Bayern_Mnuich,FC_Bayern_Munich
88756,team,Valencia_CvF,Valencia_CF
94456,team,FC_Bayerjn_Munich,FC_Bayern_Munich
98774,team,VfL_Wolfcsburg,VfL_Wolfsburg
100251,team,empty,Valencia_CF
105369,team,empty,Toronto_FC
105467,team,empty,Borussia_Monchengladbach
106495,team,empty,Clube_de_Regatas_do_Flamengo
111037,team,empty,A.C._Perugia_Calcio
111039,team,.C._Perugia_Calcio,A.C._Perugia_Calcio
113341,team,Juventufs,Juventus
113455,team,empty,SV_Werder_Bremen
117502,team,Forest_Green_Rovers_F..,Forest_Green_Rovers_F.C.
126421,team,A.C._Perugia_Calcoi,A.C._Perugia_Calcio
126660,team,empty,West_Ham_United_F.C.
128374,team,Valencbia_CF,Valencia_CF
129161,team,empty,Valencia_CF
134437,team,empty,FC_Spartak_Moscow
137619,team,Borussia_Monchengladbacnh,Borussia_Monchengladbach
151691,team,empty,S.C._Braga
157665,team,FCSpartak_Moscow,FC_Spartak_Moscow
158351,team,Toonto_FC,Toronto_FC
163615,team,empty,Clube_de_Regatas_do_Flamengo
163663,team,empty,Clube_de_Regatas_do_Flamengo
165998,team,empty,Clube_de_Regatas_do_Flamengo
170437,team,empty,Valencia_CF
173135,team,empty,SV_Werder_Bremen
173852,team,empty,Juventus
177880,team,empty,S.C._Braga
178565,team,empty,Clube_de_Regatas_do_Flamengo
187899,team,Toronto_rFC,Toronto_FC
188704,team,empty,FC_Spartak_Moscow
189866,team,empty,Valencia_CF
192453,team,Valencai_CF,Valencia_CF
3735,stadium,empty,Boleyn_Ground
6706,stadium,empty,Boleyn_Ground
19480,stadium,empty,King_Power_Stadium
27341,stadium,empty,San_Siro_Stadium
29916,stadium,empty,Santiago_Bernabeu_Stadium
30975,stadium,empty,Santiago_Bernabeu_Stadium
31652,stadium,empty,Estadio_da_Luz
41198,stadium,tStadio_Olimpico,Stadio_Olimpico
47646,stadium,empty,Camp_Nou
51558,stadium,Santiago_Bernabeu_tSadium,Santiago_Bernabeu_Stadium
60116,stadium,Cmap_Nou,Camp_Nou
63036,stadium,empty,Estadio_da_Luz
67793,stadium,empty,Boleyn_Ground
78739,stadium,Allianz_rena_Olympic_Stadium_Munich,Allianz_Arena_Olympic_Stadium_Munich
81521,stadium,qCamp_Nou,Camp_Nou
82257,stadium,Westfalensatdion,Westfalenstadion
85167,stadium,empty,King_Power_Stadium
85988,stadium,Jan_Breydel_Stadiuym,Jan_Breydel_Stadium
98774,stadium,empty,Westfalenstadion
103018,stadium,empty,Donbass_Arena
103973,stadium,empty,Estadio_da_Luz
107195,stadium,Wstfalenstadion,Westfalenstadion
113398,stadium,Jan_Breydel_Stadkium,Jan_Breydel_Stadium
114861,stadium,Baalidos,Balaidos
122254,stadium,empty,Veltins-Arena
123779,stadium,empty,Stadio_Olimpico
133592,stadium,empty,King_Power_Stadium
136274,stadium,St_James__Prak,St_James__Park
138911,stadium,Allianz_Arena_Olymic_Stadium_Munich,Allianz_Arena_Olympic_Stadium_Munich
150607,stadium,empty,Donbass_Arena
153606,stadium,Estadio_daLuz,Estadio_da_Luz
155123,stadium,Santiago_Bernabeu_Stadihum,Santiago_Bernabeu_Stadium
156037,stadium,empty,Donbass_Arena
157145,stadium,empty,Estadio_da_Luz
159118,stadium,Balidos,Balaidos
160525,stadium,empty,Stadio_Olimpico
163827,stadium,Campu_Nou,Camp_Nou
164995,stadium,Staadio_Olimpico,Stadio_Olimpico
176115,stadium,Jan_Breydel_Staadium,Jan_Breydel_Stadium
180407,stadium,empty,San_Siro_Stadium
188511,stadium,empty,King_Power_Stadium
191058,stadium,St_Jsames__Park,St_James__Park
191464,stadium,MBO_Field,BMO_Field
193079,stadium,empty,BMO_Field
195500,stadium,empty,Estadio_da_Luz
198387,stadium,Consetant_Vanden_Stock_Stadium,Constant_Vanden_Stock_Stadium
