Attribute,Index,Dirty Value,Clean Value
surname,9413,hoagre,hoare
surname,22003,hoae,hoare
surname,35654,hoaxre,hoare
surname,47482,hwoare,hoare
surname,53965,hoaer,hoare
surname,66462,hmoare,hoare
surname,77214,hare,hoare
surname,96972,hoaer,hoare
surname,98343,hoae,hoare
surname,104981,hare,hoare
surname,108595,hare,hoare
surname,114605,fhoare,hoare
surname,139220,hare,hoare
surname,143163,oare,hoare
surname,149740,hoaer,hoare
surname,156191,hoaer,hoare
surname,166120,haore,hoare
birthyear,3268,1928,1982
birthyear,4044,t1982,1982
birthyear,4802,1892,1982
birthyear,4981,192,1982
birthyear,5188,1892,1982
birthyear,5196,1892,1982
birthyear,5384,192,1982
birthyear,5527,982,1982
birthyear,5620,1y982,1982
birthyear,5634,182,1982
birthyear,5715,1928,1982
birthyear,6074,982,1982
birthyear,6222,182,1982
birthyear,6651,1928,1982
birthyear,6660,198f2,1982
birthyear,6681,p1982,1982
birthyear,6706,982,1982
birthyear,6913,9182,1982
birthyear,7168,982,1982
birthyear,7429,182,1982
birthyear,7932,182,1982
birthyear,7951,198m2,1982
birthyear,8129,982,1982
birthyear,8489,192,1982
birthyear,8595,1892,1982
birthyear,8654,982,1982
birthyear,8851,198j2,1982
birthyear,8925,1892,1982
birthyear,8988,982,1982
birthyear,9413,g1982,1982
birthyear,9624,1928,1982
birthyear,9730,192,1982
birthyear,9893,192,1982
birthyear,10090,192,1982
birthyear,10365,198z2,1982
birthyear,10620,9182,1982
birthyear,10678,1928,1982
birthyear,10792,19800,1982
birthyear,10911,9182,1982
birthyear,11105,h1982,1982
birthyear,11130,1928,1982
birthyear,11376,192,1982
birthyear,12121,1892,1982
birthyear,12399,198l2,1982
birthyear,12688,9182,1982
birthyear,12930,9182,1982
birthyear,13098,198w2,1982
birthyear,13100,982,1982
birthyear,13102,1h982,1982
birthyear,13160,1928,1982
birthyear,13163,1892,1982
birthyear,13353,1k982,1982
birthyear,13575,b1982,1982
birthyear,13838,182,1982
birthyear,14212,19p82,1982
birthyear,14605,m1982,1982
birthyear,14663,982,1982
birthyear,14781,1928,1982
birthyear,15051,9182,1982
birthyear,15206,182,1982
birthyear,15366,1f982,1982
birthyear,15393,1928,1982
birthyear,15639,1928,1982
birthyear,15914,982,1982
birthyear,16007,182,1982
birthyear,16197,182,1982
birthyear,16202,19k82,1982
birthyear,16425,982,1982
birthyear,16723,982,1982
birthyear,17367,198a2,1982
birthyear,17586,1892,1982
birthyear,17597,982,1982
birthyear,17649,982,1982
birthyear,17796,z1982,1982
birthyear,18339,9182,1982
birthyear,18652,d1982,1982
birthyear,18722,9182,1982
birthyear,18868,g1982,1982
birthyear,19280,182,1982
birthyear,19561,1928,1982
birthyear,19897,1a982,1982
birthyear,19927,198x2,1982
birthyear,20215,192,1982
birthyear,20636,19s82,1982
birthyear,20712,198n2,1982
birthyear,20748,982,1982
birthyear,20941,1892,1982
birthyear,21503,982,1982
birthyear,22003,982,1982
birthyear,22263,1p982,1982
birthyear,22303,982,1982
birthyear,22328,o1982,1982
birthyear,22456,982,1982
birthyear,22984,182,1982
birthyear,22998,9182,1982
birthyear,23124,o1982,1982
birthyear,23170,192,1982
birthyear,23355,1q982,1982
birthyear,23424,y1982,1982
birthyear,23951,192,1982
birthyear,24177,1928,1982
birthyear,24459,982,1982
birthyear,24538,1928,1982
birthyear,24647,982,1982
birthyear,24793,1892,1982
birthyear,24891,1928,1982
birthyear,24960,982,1982
birthyear,25348,982,1982
birthyear,25355,982,1982
birthyear,25568,982,1982
birthyear,25736,982,1982
birthyear,25890,198l2,1982
birthyear,25948,1892,1982
birthyear,26078,r1982,1982
birthyear,26171,9182,1982
birthyear,26750,u1982,1982
birthyear,26849,9182,1982
birthyear,27025,19f82,1982
birthyear,27145,1928,1982
birthyear,27567,19j82,1982
birthyear,27740,982,1982
birthyear,27772,9182,1982
birthyear,27861,19d82,1982
birthyear,28161,z1982,1982
birthyear,28374,19u82,1982
birthyear,28400,1892,1982
birthyear,28541,182,1982
birthyear,28584,192,1982
birthyear,28631,1a982,1982
birthyear,28737,x1982,1982
birthyear,28763,19h82,1982
birthyear,28867,v1982,1982
birthyear,29597,982,1982
birthyear,29709,9182,1982
birthyear,29803,1928,1982
birthyear,29857,198n2,1982
birthyear,29963,982,1982
birthyear,30247,1928,1982
birthyear,30328,198w2,1982
birthyear,30354,192,1982
birthyear,30937,1892,1982
birthyear,31024,982,1982
birthyear,31685,182,1982
birthyear,32008,1928,1982
birthyear,32376,192,1982
birthyear,32649,1928,1982
birthyear,32666,1928,1982
birthyear,32702,982,1982
birthyear,32786,1928,1982
birthyear,32791,u1982,1982
birthyear,33160,19a82,1982
birthyear,33366,19h82,1982
birthyear,33393,982,1982
birthyear,33857,1892,1982
birthyear,33977,1892,1982
birthyear,34074,198t2,1982
birthyear,34187,9182,1982
birthyear,34814,19800,1982
birthyear,34815,982,1982
birthyear,35031,982,1982
birthyear,35046,1892,1982
birthyear,35070,1928,1982
birthyear,35264,982,1982
birthyear,35479,1892,1982
birthyear,35654,192,1982
birthyear,35656,19g82,1982
birthyear,35763,198s2,1982
birthyear,35976,982,1982
birthyear,36043,982,1982
birthyear,36136,19n82,1982
birthyear,36292,192,1982
birthyear,36339,1928,1982
birthyear,36341,9182,1982
birthyear,36555,982,1982
birthyear,37390,192,1982
birthyear,37589,1h982,1982
birthyear,37797,182,1982
birthyear,37975,182,1982
birthyear,37982,1z982,1982
birthyear,38351,1k982,1982
birthyear,38909,198r2,1982
birthyear,39053,192,1982
birthyear,39138,9182,1982
birthyear,39220,1928,1982
birthyear,39363,198p2,1982
birthyear,39569,9182,1982
birthyear,39854,9182,1982
birthyear,39901,19c82,1982
birthyear,40008,198i2,1982
birthyear,40553,982,1982
birthyear,41653,192,1982
birthyear,41779,1f982,1982
birthyear,41888,19l82,1982
birthyear,42006,9182,1982
birthyear,42063,1g982,1982
birthyear,42683,b1982,1982
birthyear,43060,198a2,1982
birthyear,43145,y1982,1982
birthyear,43163,c1982,1982
birthyear,43252,1928,1982
birthyear,43653,982,1982
birthyear,43960,1928,1982
birthyear,44074,n1982,1982
birthyear,44226,1928,1982
birthyear,44902,1p982,1982
birthyear,45448,198u2,1982
birthyear,45613,198b2,1982
birthyear,46084,182,1982
birthyear,46119,982,1982
birthyear,46396,198v2,1982
birthyear,46666,1892,1982
birthyear,46721,1892,1982
birthyear,46782,19x82,1982
birthyear,46835,1798,1978
birthyear,47482,9182,1982
birthyear,47581,192,1982
birthyear,47655,1w982,1982
birthyear,47713,982,1982
birthyear,48004,982,1982
birthyear,48061,1892,1982
birthyear,48089,1d982,1982
birthyear,48815,198n2,1982
birthyear,49600,192,1982
birthyear,49674,1l978,1978
birthyear,49740,1892,1982
birthyear,50195,9182,1982
birthyear,50997,182,1982
birthyear,51084,1928,1982
birthyear,51446,982,1982
birthyear,51633,182,1982
birthyear,51786,1w982,1982
birthyear,52446,1892,1982
birthyear,52503,982,1982
birthyear,52825,19c82,1982
birthyear,53475,19k82,1982
birthyear,53479,1892,1982
birthyear,53494,1928,1982
birthyear,53527,1928,1982
birthyear,53611,182,1982
birthyear,53640,1892,1982
birthyear,53821,182,1982
birthyear,53965,m1982,1982
birthyear,54151,1928,1982
birthyear,54259,192,1982
birthyear,54287,1928,1982
birthyear,54660,982,1982
birthyear,55127,1892,1982
birthyear,55478,1928,1982
birthyear,56191,982,1982
birthyear,56610,982,1982
birthyear,56785,1q982,1982
birthyear,56864,d1982,1982
birthyear,56892,1928,1982
birthyear,57006,1928,1982
birthyear,57115,1928,1982
birthyear,57449,182,1982
birthyear,57502,nan,1982
birthyear,57580,182,1982
birthyear,57717,j1982,1982
birthyear,58426,192,1982
birthyear,58753,1928,1982
birthyear,59553,198i2,1982
birthyear,59657,1n982,1982
birthyear,59687,19o82,1982
birthyear,59964,1928,1982
birthyear,60137,19h82,1982
birthyear,60169,1928,1982
birthyear,60235,182,1982
birthyear,60287,982,1982
birthyear,60394,982,1982
birthyear,60463,182,1982
birthyear,60467,982,1982
birthyear,60575,1892,1982
birthyear,60622,198n2,1982
birthyear,61012,1892,1982
birthyear,61057,982,1982
birthyear,61062,a1982,1982
birthyear,61101,982,1982
birthyear,61127,1928,1982
birthyear,61159,982,1982
birthyear,61526,q1982,1982
birthyear,61751,1928,1982
birthyear,61869,1892,1982
birthyear,61937,1928,1982
birthyear,62210,1928,1982
birthyear,62384,9182,1982
birthyear,62889,982,1982
birthyear,63096,982,1982
birthyear,63124,1n982,1982
birthyear,63139,1928,1982
birthyear,63409,198g2,1982
birthyear,63597,g1982,1982
birthyear,63813,19a82,1982
birthyear,63988,w1982,1982
birthyear,64270,198d2,1982
birthyear,64612,1928,1982
birthyear,64654,inf,1982
birthyear,64662,1892,1982
birthyear,64842,192,1982
birthyear,64855,182,1982
birthyear,64970,182,1982
birthyear,65435,19r82,1982
birthyear,65779,1892,1982
birthyear,66114,982,1982
birthyear,66120,1l982,1982
birthyear,66135,y1982,1982
birthyear,66462,192,1982
birthyear,66942,982,1982
birthyear,67567,192,1982
birthyear,67642,r1982,1982
birthyear,67793,1v982,1982
birthyear,68041,198a2,1982
birthyear,68728,1892,1982
birthyear,68778,19800,1982
birthyear,68925,182,1982
birthyear,69658,9182,1982
birthyear,70206,198d2,1982
birthyear,70421,9182,1982
birthyear,70437,19x82,1982
birthyear,70630,192,1982
birthyear,70820,19n82,1982
birthyear,70869,j1982,1982
birthyear,71137,192,1982
birthyear,71347,192,1982
birthyear,71716,182,1982
birthyear,71782,982,1982
birthyear,71823,19t82,1982
birthyear,71836,198j2,1982
birthyear,72162,1928,1982
birthyear,72190,192,1982
birthyear,72200,19c82,1982
birthyear,72901,982,1982
birthyear,72971,182,1982
birthyear,73135,982,1982
birthyear,73306,192,1982
birthyear,73397,1892,1982
birthyear,73788,982,1982
birthyear,73844,1892,1982
birthyear,73922,192,1982
birthyear,74124,182,1982
birthyear,74305,1928,1982
birthyear,74521,9182,1982
birthyear,74600,182,1982
birthyear,74953,982,1982
birthyear,74979,1892,1982
birthyear,74996,982,1982
birthyear,75066,9182,1982
birthyear,75193,982,1982
birthyear,75204,9182,1982
birthyear,75218,1z982,1982
birthyear,75335,192,1982
birthyear,75569,19z82,1982
birthyear,75580,1928,1982
birthyear,75833,1928,1982
birthyear,76244,9182,1982
birthyear,76398,9182,1982
birthyear,76455,192,1982
birthyear,76574,1928,1982
birthyear,76650,198t2,1982
birthyear,76662,1892,1982
birthyear,76701,198c2,1982
birthyear,76737,1892,1982
birthyear,77026,982,1982
birthyear,77107,1892,1982
birthyear,77108,982,1982
birthyear,77214,192,1982
birthyear,77387,1892,1982
birthyear,77420,1928,1982
birthyear,77474,192,1982
birthyear,77754,1928,1982
birthyear,77885,982,1982
birthyear,77900,19c82,1982
birthyear,78164,982,1982
birthyear,78686,192,1982
birthyear,78820,p1982,1982
birthyear,78923,1928,1982
birthyear,79081,982,1982
birthyear,79530,1928,1982
birthyear,79982,9182,1982
birthyear,80015,982,1982
birthyear,80182,19w82,1982
birthyear,80194,982,1982
birthyear,80606,982,1982
birthyear,80840,1928,1982
birthyear,81174,o1982,1982
birthyear,81336,982,1982
birthyear,81477,982,1982
birthyear,81658,1892,1982
birthyear,82178,1928,1982
birthyear,82566,y1982,1982
birthyear,82572,19k82,1982
birthyear,82636,1892,1982
birthyear,82856,9182,1982
birthyear,82968,1928,1982
birthyear,82970,1892,1982
birthyear,83021,1928,1982
birthyear,83108,1h982,1982
birthyear,83255,198t2,1982
birthyear,83322,192,1982
birthyear,83376,982,1982
birthyear,83574,182,1982
birthyear,83629,192,1982
birthyear,83928,v1982,1982
birthyear,84150,1892,1982
birthyear,84155,982,1982
birthyear,84685,182,1982
birthyear,84725,19i82,1982
birthyear,84750,19t82,1982
birthyear,84759,198h2,1982
birthyear,85237,1892,1982
birthyear,85325,u1982,1982
birthyear,85534,9182,1982
birthyear,85572,9182,1982
birthyear,85795,1928,1982
birthyear,86192,182,1982
birthyear,86400,d1982,1982
birthyear,86763,1928,1982
birthyear,86767,982,1982
birthyear,86921,1928,1982
birthyear,87467,982,1982
birthyear,87850,19o82,1982
birthyear,87893,1892,1982
birthyear,88008,982,1982
birthyear,88244,1892,1982
birthyear,88584,1892,1982
birthyear,88796,1928,1982
birthyear,88811,1892,1982
birthyear,89566,1x982,1982
birthyear,89568,1928,1982
birthyear,89913,j1982,1982
birthyear,90411,982,1982
birthyear,90672,1928,1982
birthyear,90952,b1982,1982
birthyear,91147,1928,1982
birthyear,91348,1o982,1982
birthyear,91360,198u2,1982
birthyear,91449,190000000000000009897258013955994781676400150667466959103142177112972444219071266816,1982
birthyear,91530,192,1982
birthyear,91592,1928,1982
birthyear,91731,1892,1982
birthyear,91899,198a2,1982
birthyear,91986,982,1982
birthyear,92327,1928,1982
birthyear,92340,192,1982
birthyear,92453,182,1982
birthyear,92498,19f82,1982
birthyear,92503,1928,1982
birthyear,92516,192,1982
birthyear,92745,192,1982
birthyear,92755,1928,1982
birthyear,93167,nan,1982
birthyear,93313,192,1982
birthyear,93830,1928,1982
birthyear,94003,19x82,1982
birthyear,94224,1928,1982
birthyear,94746,1g982,1982
birthyear,94844,1928,1982
birthyear,95060,982,1982
birthyear,95106,1928,1982
birthyear,95973,9182,1982
birthyear,96152,1892,1982
birthyear,96474,1892,1982
birthyear,96507,982,1982
birthyear,96972,192,1982
birthyear,96991,982,1982
birthyear,97703,198k2,1982
birthyear,97910,1d982,1982
birthyear,98141,p1982,1982
birthyear,98321,198g2,1982
birthyear,98343,1928,1982
birthyear,98387,982,1982
birthyear,99088,182,1982
birthyear,99464,1928,1982
birthyear,99622,982,1982
birthyear,99685,982,1982
birthyear,99693,1b982,1982
birthyear,99740,9182,1982
birthyear,100031,982,1982
birthyear,100122,1y982,1982
birthyear,100256,19z82,1982
birthyear,100397,982,1982
birthyear,100587,1p982,1982
birthyear,100720,19l82,1982
birthyear,100906,9182,1982
birthyear,101137,9182,1982
birthyear,101205,1n982,1982
birthyear,101287,982,1982
birthyear,101430,1892,1982
birthyear,102326,1w982,1982
birthyear,102459,192,1982
birthyear,102535,198p2,1982
birthyear,102646,1928,1982
birthyear,103167,1928,1982
birthyear,103268,1892,1982
birthyear,103737,1928,1982
birthyear,103968,982,1982
birthyear,104044,198g2,1982
birthyear,104211,198k2,1982
birthyear,104359,1892,1982
birthyear,104432,182,1982
birthyear,104577,1892,1982
birthyear,104590,9182,1982
birthyear,104802,19k82,1982
birthyear,104981,1n982,1982
birthyear,105188,19n82,1982
birthyear,105196,1892,1982
birthyear,105384,982,1982
birthyear,105527,19h82,1982
birthyear,105620,1928,1982
birthyear,105634,1928,1982
birthyear,105715,d1982,1982
birthyear,106074,1s982,1982
birthyear,106222,t1982,1982
birthyear,106651,192,1982
birthyear,106660,1p982,1982
birthyear,106681,1928,1982
birthyear,106706,1928,1982
birthyear,106913,982,1982
birthyear,107168,f1982,1982
birthyear,107429,a1982,1982
birthyear,107932,982,1982
birthyear,107951,182,1982
birthyear,108129,198n2,1982
birthyear,108489,182,1982
birthyear,108595,1892,1982
birthyear,108654,k1982,1982
birthyear,108851,192,1982
birthyear,108925,h1982,1982
birthyear,108988,1a982,1982
birthyear,109413,1b982,1982
birthyear,109624,1m982,1982
birthyear,109730,1892,1982
birthyear,109893,p1982,1982
birthyear,110090,192,1982
birthyear,110365,9182,1982
birthyear,110620,982,1982
birthyear,110678,19g82,1982
birthyear,110792,1928,1982
birthyear,110911,1a982,1982
birthyear,111105,1892,1982
birthyear,111130,192,1982
birthyear,111376,1892,1982
birthyear,112121,192,1982
birthyear,112399,198r2,1982
birthyear,112688,9182,1982
birthyear,112930,982,1982
birthyear,113098,1928,1982
birthyear,113100,1928,1982
birthyear,113102,982,1982
birthyear,113160,inf,1982
birthyear,113163,v1982,1982
birthyear,113353,1892,1982
birthyear,113575,1a982,1982
birthyear,113838,1928,1982
birthyear,114212,982,1982
birthyear,114605,182,1982
birthyear,114663,182,1982
birthyear,114781,982,1982
birthyear,115051,982,1982
birthyear,115206,1892,1982
birthyear,115366,198k2,1982
birthyear,115393,1928,1982
birthyear,115639,198d2,1982
birthyear,115914,1892,1982
birthyear,116007,982,1982
birthyear,116197,1892,1982
birthyear,116202,x1982,1982
birthyear,116425,1928,1982
birthyear,116723,1928,1982
birthyear,117367,19n82,1982
birthyear,117586,9182,1982
birthyear,117597,198f2,1982
birthyear,117649,1d982,1982
birthyear,117796,198p2,1982
birthyear,118339,19j82,1982
birthyear,118652,1928,1982
birthyear,118722,x1982,1982
birthyear,118868,182,1982
birthyear,119280,19w82,1982
birthyear,119561,1892,1982
birthyear,119897,d1982,1982
birthyear,119927,1928,1982
birthyear,120215,1892,1982
birthyear,120636,1928,1982
birthyear,120712,1928,1982
birthyear,120748,1928,1982
birthyear,120941,982,1982
birthyear,121503,182,1982
birthyear,122003,192,1982
birthyear,122263,982,1982
birthyear,122303,1t982,1982
birthyear,122328,192,1982
birthyear,122456,1928,1982
birthyear,122984,982,1982
birthyear,122998,1928,1982
birthyear,123124,d1982,1982
birthyear,123170,982,1982
birthyear,123355,182,1982
birthyear,123424,1928,1982
birthyear,123951,1892,1982
birthyear,124177,982,1982
birthyear,124459,19m82,1982
birthyear,124538,y1982,1982
birthyear,124647,198z2,1982
birthyear,124793,1928,1982
birthyear,124891,982,1982
birthyear,124960,198b2,1982
birthyear,125348,9182,1982
birthyear,125355,9182,1982
birthyear,125568,z1982,1982
birthyear,125736,1928,1982
birthyear,125890,1892,1982
birthyear,125948,982,1982
birthyear,126078,9182,1982
birthyear,126171,982,1982
birthyear,126750,19x82,1982
birthyear,126849,1f982,1982
birthyear,127025,1m982,1982
birthyear,127145,1892,1982
birthyear,127567,982,1982
birthyear,127740,192,1982
birthyear,127772,182,1982
birthyear,127861,h1982,1982
birthyear,128161,982,1982
birthyear,128374,982,1982
birthyear,128400,1892,1982
birthyear,128541,1q982,1982
birthyear,128584,w1982,1982
birthyear,128631,9182,1982
birthyear,128737,a1982,1982
birthyear,128763,1892,1982
birthyear,128867,1928,1982
birthyear,129597,198b2,1982
birthyear,129709,198j2,1982
birthyear,129803,1928,1982
birthyear,129857,982,1982
birthyear,129963,982,1982
birthyear,130247,19m82,1982
birthyear,130328,192,1982
birthyear,130354,19y82,1982
birthyear,130573,1987,1978
birthyear,130937,1892,1982
birthyear,131024,19c82,1982
birthyear,131685,19w82,1982
birthyear,132008,198c2,1982
birthyear,132376,982,1982
birthyear,132649,182,1982
birthyear,132666,19f82,1982
birthyear,132702,1892,1982
birthyear,132786,1892,1982
birthyear,132791,1892,1982
birthyear,133160,n1982,1982
birthyear,133366,1928,1982
birthyear,133393,19v82,1982
birthyear,133857,1892,1982
birthyear,133977,198o2,1982
birthyear,134074,182,1982
birthyear,134187,192,1982
birthyear,134814,198p2,1982
birthyear,134815,1928,1982
birthyear,135031,nan,1982
birthyear,135046,9182,1982
birthyear,135070,19g82,1982
birthyear,135264,1892,1982
birthyear,135479,1892,1982
birthyear,135654,198y2,1982
birthyear,135656,1928,1982
birthyear,135763,f1982,1982
birthyear,135976,1i982,1982
birthyear,136043,19l82,1982
birthyear,136136,1928,1982
birthyear,136292,1928,1982
birthyear,136339,1892,1982
birthyear,136341,9182,1982
birthyear,136555,19m82,1982
birthyear,137390,19x82,1982
birthyear,137589,182,1982
birthyear,137797,182,1982
birthyear,137975,1b982,1982
birthyear,137982,9182,1982
birthyear,138351,192,1982
birthyear,138451,178,1978
birthyear,138909,1892,1982
birthyear,139053,9182,1982
birthyear,139138,190000000000000009897258013955994781676400150667466959103142177112972444219071266816,1982
birthyear,139220,1928,1982
birthyear,139363,1d982,1982
birthyear,139569,1d982,1982
birthyear,139854,1a982,1982
birthyear,139901,1928,1982
birthyear,140008,19800,1982
birthyear,140553,198o2,1982
birthyear,141653,1892,1982
birthyear,141779,9182,1982
birthyear,141888,198r2,1982
birthyear,142006,1928,1982
birthyear,142063,982,1982
birthyear,142683,182,1982
birthyear,143060,982,1982
birthyear,143145,192,1982
birthyear,143163,9182,1982
birthyear,143252,982,1982
birthyear,143653,1928,1982
birthyear,143960,182,1982
birthyear,144074,19i82,1982
birthyear,144226,192,1982
birthyear,144902,19z82,1982
birthyear,145448,198v2,1982
birthyear,145613,1928,1982
birthyear,146084,1928,1982
birthyear,146119,1928,1982
birthyear,146396,1928,1982
birthyear,146666,1928,1982
birthyear,146721,192,1982
birthyear,146782,1928,1982
birthyear,147482,9182,1982
birthyear,147581,182,1982
birthyear,147655,1m982,1982
birthyear,147713,192,1982
birthyear,148004,982,1982
birthyear,148061,19s82,1982
birthyear,148089,1892,1982
birthyear,148815,982,1982
birthyear,149600,192,1982
birthyear,149740,19d82,1982
birthyear,150195,1l982,1982
birthyear,150997,192,1982
birthyear,151084,1928,1982
birthyear,151446,9182,1982
birthyear,151633,1928,1982
birthyear,151786,1h982,1982
birthyear,152446,1928,1982
birthyear,152503,1928,1982
birthyear,152825,1928,1982
birthyear,153475,r1982,1982
birthyear,153479,1928,1982
birthyear,153494,182,1982
birthyear,153527,982,1982
birthyear,153611,182,1982
birthyear,153640,192,1982
birthyear,153821,182,1982
birthyear,153965,9182,1982
birthyear,154151,192,1982
birthyear,154259,9182,1982
birthyear,154287,19o82,1982
birthyear,154660,192,1982
birthyear,155127,1892,1982
birthyear,155478,198c2,1982
birthyear,156191,1f982,1982
birthyear,156610,198f2,1982
birthyear,156785,198q2,1982
birthyear,156864,19m82,1982
birthyear,156892,192,1982
birthyear,157006,1y982,1982
birthyear,157115,982,1982
birthyear,157449,19f82,1982
birthyear,157502,192,1982
birthyear,157580,1928,1982
birthyear,157717,1892,1982
birthyear,158426,982,1982
birthyear,158753,198b2,1982
birthyear,159553,192,1982
birthyear,159657,u1982,1982
birthyear,159687,198o2,1982
birthyear,159964,1892,1982
birthyear,160137,182,1982
birthyear,160169,192,1982
birthyear,160235,982,1982
birthyear,160287,1928,1982
birthyear,160394,182,1982
birthyear,160463,19d82,1982
birthyear,160467,198a2,1982
birthyear,160575,19f82,1982
birthyear,160622,9182,1982
birthyear,161012,9182,1982
birthyear,161057,198m2,1982
birthyear,161062,9182,1982
birthyear,161101,1928,1982
birthyear,161127,1928,1982
birthyear,161159,192,1982
birthyear,161526,1892,1982
birthyear,161751,198z2,1982
birthyear,161869,9182,1982
birthyear,161937,nan,1982
birthyear,162210,192,1982
birthyear,162384,192,1982
birthyear,162889,1892,1982
birthyear,163096,19j82,1982
birthyear,163124,192,1982
birthyear,163139,j1982,1982
birthyear,163409,192,1982
birthyear,163597,19l82,1982
birthyear,163813,19b82,1982
birthyear,163988,192,1982
birthyear,164270,1928,1982
birthyear,164612,19w82,1982
birthyear,164654,1928,1982
birthyear,164662,1928,1982
birthyear,164842,i1982,1982
birthyear,164855,19r82,1982
birthyear,164970,19h82,1982
birthyear,165435,198y2,1982
birthyear,165779,inf,1982
birthyear,166114,982,1982
birthyear,166120,198z2,1982
birthyear,166135,192,1982
birthyear,166462,192,1982
birthyear,166942,1928,1982
birthyear,167567,i1982,1982
birthyear,167642,s1982,1982
birthyear,167793,182,1982
birthyear,168041,1928,1982
birthyear,168728,9182,1982
birthyear,168778,1928,1982
birthyear,168925,198i2,1982
birthyear,169658,nan,1982
birthyear,170206,982,1982
birthyear,170421,1928,1982
birthyear,170437,982,1982
birthyear,170630,982,1982
birthyear,170820,1892,1982
birthyear,170869,19o82,1982
birthyear,171137,1928,1982
birthyear,171347,19800,1982
birthyear,171716,1p982,1982
birthyear,171782,182,1982
birthyear,171823,1892,1982
birthyear,171836,982,1982
birthyear,172162,198f2,1982
birthyear,172190,182,1982
birthyear,172200,1928,1982
birthyear,172901,1892,1982
birthyear,172971,982,1982
birthyear,173135,198l2,1982
birthyear,173306,9182,1982
birthyear,173397,1p982,1982
birthyear,173788,l1982,1982
birthyear,173844,1892,1982
birthyear,173922,h1982,1982
birthyear,174124,1928,1982
birthyear,174305,982,1982
birthyear,174521,182,1982
birthyear,174600,v1982,1982
birthyear,174953,1928,1982
birthyear,174979,19k82,1982
birthyear,174996,982,1982
birthyear,175066,1928,1982
birthyear,175193,1892,1982
birthyear,175204,1l982,1982
birthyear,175218,19k82,1982
birthyear,175335,1928,1982
birthyear,175569,1l982,1982
birthyear,175580,p1982,1982
birthyear,175833,1i982,1982
birthyear,176244,9182,1982
birthyear,176398,1928,1982
birthyear,176455,182,1982
birthyear,176574,982,1982
birthyear,176650,f1982,1982
birthyear,176662,198p2,1982
birthyear,176701,982,1982
birthyear,176737,r1982,1982
birthyear,177026,1h982,1982
birthyear,177107,1892,1982
birthyear,177108,1928,1982
birthyear,177214,g1982,1982
birthyear,177387,182,1982
birthyear,177420,1928,1982
birthyear,177474,1928,1982
birthyear,177754,982,1982
birthyear,177885,982,1982
birthyear,177900,182,1982
birthyear,178164,192,1982
birthyear,178686,m1982,1982
birthyear,178820,182,1982
birthyear,178923,i1982,1982
birthyear,179081,19j82,1982
birthyear,179530,9182,1982
birthyear,179982,198w2,1982
birthyear,180015,1928,1982
birthyear,180182,1928,1982
birthyear,180194,9182,1982
birthyear,180606,1928,1982
birthyear,180840,9182,1982
birthyear,181174,1928,1982
birthyear,181336,982,1982
birthyear,181477,1928,1982
birthyear,181658,1892,1982
birthyear,182178,1928,1982
birthyear,182566,1928,1982
birthyear,182572,198f2,1982
birthyear,182636,9182,1982
birthyear,182856,19t82,1982
birthyear,182968,982,1982
birthyear,182970,9182,1982
birthyear,183021,19m82,1982
birthyear,183108,198a2,1982
birthyear,183255,19c82,1982
birthyear,183322,982,1982
birthyear,183376,9182,1982
birthyear,183574,982,1982
birthyear,183629,19y82,1982
birthyear,183928,182,1982
birthyear,184150,l1982,1982
birthyear,184155,19n82,1982
birthyear,184685,982,1982
birthyear,184725,982,1982
birthyear,184750,9182,1982
birthyear,184759,982,1982
birthyear,185237,198l2,1982
birthyear,185325,h1982,1982
birthyear,185534,9182,1982
birthyear,185572,982,1982
birthyear,185795,982,1982
birthyear,186192,982,1982
birthyear,186400,182,1982
birthyear,186763,1892,1982
birthyear,186767,198j2,1982
birthyear,186921,1892,1982
birthyear,187467,182,1982
birthyear,187850,nan,1982
birthyear,187893,198j2,1982
birthyear,188008,19g82,1982
birthyear,188244,982,1982
birthyear,188584,182,1982
birthyear,188796,19q82,1982
birthyear,188811,19q82,1982
birthyear,189566,9182,1982
birthyear,189568,1o982,1982
birthyear,189913,982,1982
birthyear,190411,9182,1982
birthyear,190672,982,1982
birthyear,190952,182,1982
birthyear,191147,1928,1982
birthyear,191348,19z82,1982
birthyear,191360,1928,1982
birthyear,191449,9182,1982
birthyear,191530,1928,1982
birthyear,191592,1928,1982
birthyear,191731,1928,1982
birthyear,191899,1928,1982
birthyear,191986,1928,1982
birthyear,192327,982,1982
birthyear,192340,198c2,1982
birthyear,192453,k1982,1982
birthyear,192498,1p982,1982
birthyear,192503,182,1982
birthyear,192516,982,1982
birthyear,192745,982,1982
birthyear,192755,1p982,1982
birthyear,193167,1928,1982
birthyear,193313,982,1982
birthyear,193830,982,1982
birthyear,194003,u1982,1982
birthyear,194224,982,1982
birthyear,194746,1928,1982
birthyear,194844,198x2,1982
birthyear,195060,192,1982
birthyear,195106,nan,1982
birthyear,195973,192,1982
birthyear,196152,1928,1982
birthyear,196474,982,1982
birthyear,196507,19z82,1982
birthyear,196972,982,1982
birthyear,196991,1928,1982
birthyear,197703,192,1982
birthyear,197910,19p82,1982
birthyear,198141,982,1982
birthyear,198321,19n82,1982
birthyear,198343,192,1982
birthyear,198387,1928,1982
birthyear,199088,192,1982
birthyear,199464,9182,1982
birthyear,199622,1928,1982
birthyear,199685,198f2,1982
birthyear,199693,192,1982
birthyear,199740,19q82,1982
birthplace,1137,nan,gulfport
birthplace,2646,gulfpotr,gulfport
birthplace,3167,gufport,gulfport
birthplace,3268,guylfport,gulfport
birthplace,3737,gulfpotr,gulfport
birthplace,3968,gulfporft,gulfport
birthplace,4044,gulfoprt,gulfport
birthplace,4211,gulpfort,gulfport
birthplace,4359,gulfpotr,gulfport
birthplace,4432,gulfporot,gulfport
birthplace,4577,glufport,gulfport
birthplace,4590,gulfporet,gulfport
birthplace,4802,gulfpotr,gulfport
birthplace,4981,gulfpcort,gulfport
birthplace,5188,gulfoprt,gulfport
birthplace,5196,gulmfport,gulfport
birthplace,5384,gulfprt,gulfport
birthplace,5527,gkulfport,gulfport
birthplace,5620,gulfpoirt,gulfport
birthplace,5634,glfport,gulfport
birthplace,5715,gulfpot,gulfport
birthplace,6074,gulfporlt,gulfport
birthplace,6222,glufport,gulfport
birthplace,6651,guflport,gulfport
birthplace,6660,ulfport,gulfport
birthplace,6681,gulpfort,gulfport
birthplace,6706,gulfort,gulfport
birthplace,6913,ulfport,gulfport
birthplace,7168,gulport,gulfport
birthplace,7429,gualfport,gulfport
birthplace,7932,gulfprt,gulfport
birthplace,7951,glufport,gulfport
birthplace,8129,gulfort,gulfport
birthplace,8489,ulfport,gulfport
birthplace,8595,gurlfport,gulfport
birthplace,8654,guqlfport,gulfport
birthplace,8851,fgulfport,gulfport
birthplace,8925,gulfpofrt,gulfport
birthplace,8988,gulfprot,gulfport
birthplace,9413,gulfgport,gulfport
birthplace,9624,gulfpdort,gulfport
birthplace,9730,gulfort,gulfport
birthplace,9893,gulpfort,gulfport
birthplace,10090,ulfport,gulfport
birthplace,10365,gulfpotr,gulfport
birthplace,10620,gufport,gulfport
birthplace,10678,bgulfport,gulfport
birthplace,10792,ulfport,gulfport
birthplace,10911,gulfpotr,gulfport
birthplace,11105,glufport,gulfport
birthplace,11130,gulpfort,gulfport
birthplace,11376,glfport,gulfport
birthplace,12121,gulfeport,gulfport
birthplace,12399,gulfprot,gulfport
birthplace,12688,gulfprt,gulfport
birthplace,12930,glufport,gulfport
birthplace,13098,gulfpot,gulfport
birthplace,13100,glufport,gulfport
birthplace,13102,gbulfport,gulfport
birthplace,13160,gulfpot,gulfport
birthplace,13163,gulpfort,gulfport
birthplace,13353,gulfpotrt,gulfport
birthplace,13575,gulfort,gulfport
birthplace,13838,glfport,gulfport
birthplace,14212,gulfiport,gulfport
birthplace,14605,gulfort,gulfport
birthplace,14663,glufport,gulfport
birthplace,14781,gulfpfort,gulfport
birthplace,15051,gulfpotr,gulfport
birthplace,15206,guplfport,gulfport
birthplace,15366,gulpfort,gulfport
birthplace,15393,gjulfport,gulfport
birthplace,15639,gulfpotr,gulfport
birthplace,15914,gulfprt,gulfport
birthplace,16007,ulfport,gulfport
birthplace,16197,gufport,gulfport
birthplace,16202,gulfpport,gulfport
birthplace,16425,gublfport,gulfport
birthplace,16723,gulfort,gulfport
birthplace,17367,guflport,gulfport
birthplace,17586,glfport,gulfport
birthplace,17597,gulfpotr,gulfport
birthplace,17649,gulfpobrt,gulfport
birthplace,17796,nan,gulfport
birthplace,18339,grulfport,gulfport
birthplace,18652,glfport,gulfport
birthplace,18722,gulfpotr,gulfport
birthplace,18868,geulfport,gulfport
birthplace,19280,glufport,gulfport
birthplace,19561,glfport,gulfport
birthplace,19897,gjulfport,gulfport
birthplace,19927,lgulfport,gulfport
birthplace,20215,gulfort,gulfport
birthplace,20636,gulport,gulfport
birthplace,20712,ulfport,gulfport
birthplace,20748,gulfphort,gulfport
birthplace,20941,gulfpotr,gulfport
birthplace,21503,gulfporrt,gulfport
birthplace,22003,gulfprt,gulfport
birthplace,22263,ugulfport,gulfport
birthplace,22303,nan,gulfport
birthplace,22328,gulfporbt,gulfport
birthplace,22456,ulfport,gulfport
birthplace,22984,gulfpbort,gulfport
birthplace,22998,gulfpomrt,gulfport
birthplace,23124,gulfpokrt,gulfport
birthplace,23170,gulfponrt,gulfport
birthplace,23355,ugulfport,gulfport
birthplace,23424,gulfpcort,gulfport
birthplace,23951,gulfpotr,gulfport
birthplace,24177,nan,gulfport
birthplace,24459,guhlfport,gulfport
birthplace,24538,gulfprt,gulfport
birthplace,24647,gulfoprt,gulfport
birthplace,24793,gulfpot,gulfport
birthplace,24891,gulfprt,gulfport
birthplace,24960,gulpfort,gulfport
birthplace,25348,gulfporut,gulfport
birthplace,25355,gulfpotr,gulfport
birthplace,25568,gulfoprt,gulfport
birthplace,25736,ulfport,gulfport
birthplace,25890,gulfporet,gulfport
birthplace,25948,gulfpot,gulfport
birthplace,26078,gulpfort,gulfport
birthplace,26171,gualfport,gulfport
birthplace,26750,gulefport,gulfport
birthplace,26849,gulfprot,gulfport
birthplace,27025,gulfporot,gulfport
birthplace,27145,gulfpoart,gulfport
birthplace,27567,gulfporgt,gulfport
birthplace,27740,gxulfport,gulfport
birthplace,27772,gulfoprt,gulfport
birthplace,27861,gulfpdort,gulfport
birthplace,28161,gulfpotr,gulfport
birthplace,28374,gulfpot,gulfport
birthplace,28400,gulfort,gulfport
birthplace,28541,gulfort,gulfport
birthplace,28584,gulpfort,gulfport
birthplace,28631,gulfpuort,gulfport
birthplace,28737,gulfpot,gulfport
birthplace,28763,guflport,gulfport
birthplace,28867,gulfprot,gulfport
birthplace,29597,egulfport,gulfport
birthplace,29709,gulfprt,gulfport
birthplace,29803,gulfprot,gulfport
birthplace,29857,guulfport,gulfport
birthplace,29963,uglfport,gulfport
birthplace,30247,nan,gulfport
birthplace,30328,gulport,gulfport
birthplace,30354,gkulfport,gulfport
birthplace,30937,glfport,gulfport
birthplace,31024,gulpfport,gulfport
birthplace,31685,gulfprot,gulfport
birthplace,32008,gufport,gulfport
birthplace,32376,gulfjport,gulfport
birthplace,32649,zgulfport,gulfport
birthplace,32666,gufport,gulfport
birthplace,32702,gulfprot,gulfport
birthplace,32786,gulfpotr,gulfport
birthplace,32791,gulfoprt,gulfport
birthplace,33160,gulfpotr,gulfport
birthplace,33366,gurlfport,gulfport
birthplace,33393,gufport,gulfport
birthplace,33857,ghulfport,gulfport
birthplace,33977,gulfort,gulfport
birthplace,34074,gufport,gulfport
birthplace,34187,gulfpot,gulfport
birthplace,34814,gulfort,gulfport
birthplace,34815,guflport,gulfport
birthplace,35031,grulfport,gulfport
birthplace,35046,glufport,gulfport
birthplace,35070,gulpfort,gulfport
birthplace,35264,gqulfport,gulfport
birthplace,35479,qgulfport,gulfport
birthplace,35654,ggulfport,gulfport
birthplace,35656,gufport,gulfport
birthplace,35763,glufport,gulfport
birthplace,35976,ulfport,gulfport
birthplace,36043,gulfoprt,gulfport
birthplace,36136,gulpfort,gulfport
birthplace,36292,gulfoprt,gulfport
birthplace,36339,gulfpot,gulfport
birthplace,36341,gulfportt,gulfport
birthplace,36555,gulfpot,gulfport
birthplace,37390,gulfhport,gulfport
birthplace,37589,gulpfort,gulfport
birthplace,37797,gulport,gulfport
birthplace,37975,ulfport,gulfport
birthplace,37982,gulfort,gulfport
birthplace,38351,gulfoprt,gulfport
birthplace,38909,goulfport,gulfport
birthplace,39053,gulfpot,gulfport
birthplace,39138,gulfoprt,gulfport
birthplace,39220,gulfoprt,gulfport
birthplace,39363,gultfport,gulfport
birthplace,39569,glufport,gulfport
birthplace,39854,gulfoprt,gulfport
birthplace,39901,gulfpot,gulfport
birthplace,40008,gulfpot,gulfport
birthplace,40553,uglfport,gulfport
birthplace,41653,gulfort,gulfport
birthplace,41779,gulfprot,gulfport
birthplace,41888,glufport,gulfport
birthplace,42006,nan,gulfport
birthplace,42063,gulfpotr,gulfport
birthplace,42683,gulfpofrt,gulfport
birthplace,43060,guflport,gulfport
birthplace,43145,gulfporot,gulfport
birthplace,43163,glufport,gulfport
birthplace,43252,ulfport,gulfport
birthplace,43653,gulfoprt,gulfport
birthplace,43960,gulufport,gulfport
birthplace,44074,gulbfport,gulfport
birthplace,44226,gulport,gulfport
birthplace,44902,gufport,gulfport
birthplace,45448,gulfcport,gulfport
birthplace,45613,gulfporxt,gulfport
birthplace,46084,gulfpot,gulfport
birthplace,46119,gulfprot,gulfport
birthplace,46396,glulfport,gulfport
birthplace,46666,gulfpxort,gulfport
birthplace,46721,gulfoprt,gulfport
birthplace,46782,gulfvport,gulfport
birthplace,46835,l,el
birthplace,47482,guulfport,gulfport
birthplace,47581,gulfoprt,gulfport
birthplace,47655,gulfpotr,gulfport
birthplace,47713,ulfport,gulfport
birthplace,48004,gulfprt,gulfport
birthplace,48061,gulfrport,gulfport
birthplace,48089,glfport,gulfport
birthplace,48815,uglfport,gulfport
birthplace,49600,gulfprt,gulfport
birthplace,49674,ael,el
birthplace,49740,ulfport,gulfport
birthplace,50195,gulfpotr,gulfport
birthplace,50997,uglfport,gulfport
birthplace,51084,uglfport,gulfport
birthplace,51446,guflport,gulfport
birthplace,51633,gulfoprt,gulfport
birthplace,51786,glfport,gulfport
birthplace,52446,ulfport,gulfport
birthplace,52503,gulfoprt,gulfport
birthplace,52825,gulport,gulfport
birthplace,53475,gulport,gulfport
birthplace,53479,egulfport,gulfport
birthplace,53494,gulfort,gulfport
birthplace,53527,gulfoprt,gulfport
birthplace,53611,uglfport,gulfport
birthplace,53640,gulfprot,gulfport
birthplace,53821,gjulfport,gulfport
birthplace,53965,gulfqport,gulfport
birthplace,54151,glfport,gulfport
birthplace,54259,gulfprt,gulfport
birthplace,54287,gbulfport,gulfport
birthplace,54660,gulfpzort,gulfport
birthplace,55127,guflport,gulfport
birthplace,55478,gulfprt,gulfport
birthplace,56191,gulfpot,gulfport
birthplace,56610,uglfport,gulfport
birthplace,56785,gulkfport,gulfport
birthplace,56864,gulfoprt,gulfport
birthplace,56892,gulpfort,gulfport
birthplace,57006,ulfport,gulfport
birthplace,57115,gulfprot,gulfport
birthplace,57449,gulfpotr,gulfport
birthplace,57502,guflport,gulfport
birthplace,57580,gulfpotr,gulfport
birthplace,57717,gulfpot,gulfport
birthplace,58426,guflport,gulfport
birthplace,58753,gulfprot,gulfport
birthplace,59553,gulfprt,gulfport
birthplace,59657,gulfxport,gulfport
birthplace,59687,glfport,gulfport
birthplace,59964,gufport,gulfport
birthplace,60137,guflport,gulfport
birthplace,60169,gulfprt,gulfport
birthplace,60235,gulfprt,gulfport
birthplace,60287,gulport,gulfport
birthplace,60394,gulfpotrt,gulfport
birthplace,60463,gulfpotr,gulfport
birthplace,60467,gulfpotr,gulfport
birthplace,60575,guklfport,gulfport
birthplace,60622,gulfpormt,gulfport
birthplace,61012,gulfporbt,gulfport
birthplace,61057,ulfport,gulfport
birthplace,61062,glufport,gulfport
birthplace,61101,gufport,gulfport
birthplace,61127,gulfpot,gulfport
birthplace,61159,gulfpot,gulfport
birthplace,61526,gwulfport,gulfport
birthplace,61751,glufport,gulfport
birthplace,61869,glufport,gulfport
birthplace,61937,gulport,gulfport
birthplace,62210,gulfpotr,gulfport
birthplace,62384,gulfprot,gulfport
birthplace,62889,gulfprt,gulfport
birthplace,63096,guflport,gulfport
birthplace,63124,ulfport,gulfport
birthplace,63139,glufport,gulfport
birthplace,63409,ulfport,gulfport
birthplace,63597,gulfort,gulfport
birthplace,63813,gulport,gulfport
birthplace,63988,gulfprt,gulfport
birthplace,64270,gulfort,gulfport
birthplace,64612,guclfport,gulfport
birthplace,64654,gulfpcort,gulfport
birthplace,64662,gjulfport,gulfport
birthplace,64842,gulfpot,gulfport
birthplace,64855,gultfport,gulfport
birthplace,64970,gulfpotr,gulfport
birthplace,65435,gulfkport,gulfport
birthplace,65779,glfport,gulfport
birthplace,66114,gulfoprt,gulfport
birthplace,66120,gulport,gulfport
birthplace,66135,gaulfport,gulfport
birthplace,66462,gulfpotr,gulfport
birthplace,66942,gulfoprt,gulfport
birthplace,67567,glfport,gulfport
birthplace,67642,guflport,gulfport
birthplace,67793,gulfpoort,gulfport
birthplace,68041,gufport,gulfport
birthplace,68728,gulfpot,gulfport
birthplace,68778,gulfprot,gulfport
birthplace,68925,gulfprt,gulfport
birthplace,69658,gulfpotr,gulfport
birthplace,70206,gxulfport,gulfport
birthplace,70421,ulfport,gulfport
birthplace,70437,ulfport,gulfport
birthplace,70630,gulafport,gulfport
birthplace,70820,gulfpot,gulfport
birthplace,70869,gulfaport,gulfport
birthplace,71137,ngulfport,gulfport
birthplace,71347,guulfport,gulfport
birthplace,71716,pgulfport,gulfport
birthplace,71782,gulfpport,gulfport
birthplace,71823,gualfport,gulfport
birthplace,71836,glufport,gulfport
birthplace,72162,gulfpotr,gulfport
birthplace,72190,glfport,gulfport
birthplace,72200,gulfptort,gulfport
birthplace,72901,gulport,gulfport
birthplace,72971,glfport,gulfport
birthplace,73135,gulpfort,gulfport
birthplace,73306,ulfport,gulfport
birthplace,73397,gulfpotr,gulfport
birthplace,73788,guulfport,gulfport
birthplace,73844,glulfport,gulfport
birthplace,73922,gulport,gulfport
birthplace,74124,gulsfport,gulfport
birthplace,74305,gulfdport,gulfport
birthplace,74521,glufport,gulfport
birthplace,74600,uglfport,gulfport
birthplace,74953,gulfpojrt,gulfport
birthplace,74979,gufport,gulfport
birthplace,74996,gulfort,gulfport
birthplace,75066,gulfprt,gulfport
birthplace,75193,gulfporit,gulfport
birthplace,75204,gulfpourt,gulfport
birthplace,75218,gulfcport,gulfport
birthplace,75335,gulfpot,gulfport
birthplace,75569,gulport,gulfport
birthplace,75580,gulfpxort,gulfport
birthplace,75833,gulfpovrt,gulfport
birthplace,76244,glufport,gulfport
birthplace,76398,gulport,gulfport
birthplace,76455,gulpfort,gulfport
birthplace,76574,gulfnport,gulfport
birthplace,76650,glfport,gulfport
birthplace,76662,gulpfort,gulfport
birthplace,76701,ulfport,gulfport
birthplace,76737,uglfport,gulfport
birthplace,77026,gulfpolrt,gulfport
birthplace,77107,ulfport,gulfport
birthplace,77108,gbulfport,gulfport
birthplace,77214,gulfpotr,gulfport
birthplace,77387,gulfprt,gulfport
birthplace,77420,gulfprot,gulfport
birthplace,77474,gculfport,gulfport
birthplace,77754,gulfrport,gulfport
birthplace,77885,ggulfport,gulfport
birthplace,77900,gulfprot,gulfport
birthplace,78164,glufport,gulfport
birthplace,78686,ulfport,gulfport
birthplace,78820,ulfport,gulfport
birthplace,78923,gulfpotr,gulfport
birthplace,79081,gudlfport,gulfport
birthplace,79530,gulfporgt,gulfport
birthplace,79982,glufport,gulfport
birthplace,80015,gulfpotr,gulfport
birthplace,80182,ulfport,gulfport
birthplace,80194,gulfpotr,gulfport
birthplace,80606,gulfprt,gulfport
birthplace,80840,gulfprot,gulfport
birthplace,81174,guflport,gulfport
birthplace,81336,gulfoprt,gulfport
birthplace,81477,gulfprt,gulfport
birthplace,81658,gulfprt,gulfport
birthplace,82178,guflport,gulfport
birthplace,82566,gulfporgt,gulfport
birthplace,82572,gulfpcort,gulfport
birthplace,82636,glufport,gulfport
birthplace,82856,gulfort,gulfport
birthplace,82968,guvlfport,gulfport
birthplace,82970,gulport,gulfport
birthplace,83021,gulfoprt,gulfport
birthplace,83108,gulfort,gulfport
birthplace,83255,gulfpwort,gulfport
birthplace,83322,gulfprot,gulfport
birthplace,83376,gulfprot,gulfport
birthplace,83574,gulport,gulfport
birthplace,83629,gulfprot,gulfport
birthplace,83928,ulfport,gulfport
birthplace,84150,gulfpkort,gulfport
birthplace,84155,gulfort,gulfport
birthplace,84685,gulfpocrt,gulfport
birthplace,84725,glufport,gulfport
birthplace,84750,uglfport,gulfport
birthplace,84759,egulfport,gulfport
birthplace,85237,gulfprot,gulfport
birthplace,85325,glfport,gulfport
birthplace,85534,glfport,gulfport
birthplace,85572,gulport,gulfport
birthplace,85795,gulfprt,gulfport
birthplace,86192,gulfdport,gulfport
birthplace,86400,gulfoprt,gulfport
birthplace,86763,ulfport,gulfport
birthplace,86767,gqulfport,gulfport
birthplace,86921,gulfaport,gulfport
birthplace,87467,gulfoprt,gulfport
birthplace,87850,gulflport,gulfport
birthplace,87893,guflport,gulfport
birthplace,88008,gulfpotr,gulfport
birthplace,88244,gulfporit,gulfport
birthplace,88584,guldfport,gulfport
birthplace,88796,ygulfport,gulfport
birthplace,88811,gulfpot,gulfport
birthplace,89566,gulfort,gulfport
birthplace,89568,gulfpotr,gulfport
birthplace,89913,guflport,gulfport
birthplace,90411,gulfpot,gulfport
birthplace,90672,gulport,gulfport
birthplace,90952,gulfpotr,gulfport
birthplace,91147,gulfpot,gulfport
birthplace,91348,uglfport,gulfport
birthplace,91360,gulport,gulfport
birthplace,91449,gufport,gulfport
birthplace,91530,glfport,gulfport
birthplace,91592,gulfprot,gulfport
birthplace,91731,ulfport,gulfport
birthplace,91899,gulfpofrt,gulfport
birthplace,91986,gulfoprt,gulfport
birthplace,92327,ggulfport,gulfport
birthplace,92340,gulfpuort,gulfport
birthplace,92453,ulfport,gulfport
birthplace,92498,glufport,gulfport
birthplace,92503,ulfport,gulfport
birthplace,92516,gualfport,gulfport
birthplace,92745,gulfpotr,gulfport
birthplace,92755,gulfort,gulfport
birthplace,93167,ulfport,gulfport
birthplace,93313,gulflport,gulfport
birthplace,93830,gulfpaort,gulfport
birthplace,94003,ulfport,gulfport
birthplace,94224,gkulfport,gulfport
birthplace,94746,glufport,gulfport
birthplace,94844,gulfoprt,gulfport
birthplace,95060,gulfprt,gulfport
birthplace,95106,gulefport,gulfport
birthplace,95973,gulpfort,gulfport
birthplace,96152,gufport,gulfport
birthplace,96474,gulfpot,gulfport
birthplace,96507,gulfprt,gulfport
birthplace,96972,guulfport,gulfport
birthplace,96991,gulfpot,gulfport
birthplace,97703,gullfport,gulfport
birthplace,97910,gulfporgt,gulfport
birthplace,98141,gulfportt,gulfport
birthplace,98321,glufport,gulfport
birthplace,98343,gulpfport,gulfport
birthplace,98387,ogulfport,gulfport
birthplace,99088,sgulfport,gulfport
birthplace,99464,gulfpoort,gulfport
birthplace,99622,gulfpoprt,gulfport
birthplace,99685,ulfport,gulfport
birthplace,99693,glfport,gulfport
birthplace,99740,gulfprot,gulfport
birthplace,100031,gulfpport,gulfport
birthplace,100122,gulfpotr,gulfport
birthplace,100256,gulport,gulfport
birthplace,100397,gulfprot,gulfport
birthplace,100587,ulfport,gulfport
birthplace,100720,ulfport,gulfport
birthplace,100906,gculfport,gulfport
birthplace,101137,gulfpofrt,gulfport
birthplace,101205,gulfort,gulfport
birthplace,101287,gudlfport,gulfport
birthplace,101430,gulfprot,gulfport
birthplace,102326,glfport,gulfport
birthplace,102459,gulfpot,gulfport
birthplace,102535,glfport,gulfport
birthplace,102646,gulfporrt,gulfport
birthplace,103167,gulfpotr,gulfport
birthplace,103268,gulfzport,gulfport
birthplace,103737,glfport,gulfport
birthplace,103968,gulfpotr,gulfport
birthplace,104044,gulfprt,gulfport
birthplace,104211,gulfhport,gulfport
birthplace,104359,ulfport,gulfport
birthplace,104432,gulfpot,gulfport
birthplace,104577,uglfport,gulfport
birthplace,104590,gmulfport,gulfport
birthplace,104802,gudlfport,gulfport
birthplace,104981,lgulfport,gulfport
birthplace,105188,gulfpoert,gulfport
birthplace,105196,uglfport,gulfport
birthplace,105384,gulfort,gulfport
birthplace,105527,glfport,gulfport
birthplace,105620,gufport,gulfport
birthplace,105634,gulfporzt,gulfport
birthplace,105715,gulfpotr,gulfport
birthplace,106074,nan,gulfport
birthplace,106222,gulfpport,gulfport
birthplace,106651,gulfpotr,gulfport
birthplace,106660,gulfoprt,gulfport
birthplace,106681,gulfpotr,gulfport
birthplace,106706,gulfuport,gulfport
birthplace,106913,gulpfort,gulfport
birthplace,107168,gulfort,gulfport
birthplace,107429,gulfpotr,gulfport
birthplace,107932,glufport,gulfport
birthplace,107951,gulfort,gulfport
birthplace,108129,gulport,gulfport
birthplace,108489,gulfprt,gulfport
birthplace,108595,gulfporut,gulfport
birthplace,108654,guflport,gulfport
birthplace,108851,gulfprt,gulfport
birthplace,108925,gulfgport,gulfport
birthplace,108988,glufport,gulfport
birthplace,109413,guflport,gulfport
birthplace,109624,gufport,gulfport
birthplace,109730,gulfkport,gulfport
birthplace,109893,guulfport,gulfport
birthplace,110090,guflport,gulfport
birthplace,110365,dgulfport,gulfport
birthplace,110620,gufport,gulfport
birthplace,110678,nan,gulfport
birthplace,110792,grulfport,gulfport
birthplace,110911,qgulfport,gulfport
birthplace,111105,gulport,gulfport
birthplace,111130,glufport,gulfport
birthplace,111376,ulfport,gulfport
birthplace,112121,gulfpotr,gulfport
birthplace,112399,gulfort,gulfport
birthplace,112688,gulfdport,gulfport
birthplace,112930,glufport,gulfport
birthplace,113098,gulfprt,gulfport
birthplace,113100,uglfport,gulfport
birthplace,113102,gulfprt,gulfport
birthplace,113160,gulfoprt,gulfport
birthplace,113163,gulfprot,gulfport
birthplace,113353,gulfpfort,gulfport
birthplace,113575,gulfprt,gulfport
birthplace,113838,gulport,gulfport
birthplace,114212,gulfpobrt,gulfport
birthplace,114605,uglfport,gulfport
birthplace,114663,gulpfort,gulfport
birthplace,114781,gufport,gulfport
birthplace,115051,glfport,gulfport
birthplace,115206,glufport,gulfport
birthplace,115366,gulfpot,gulfport
birthplace,115393,ulfport,gulfport
birthplace,115639,glufport,gulfport
birthplace,115914,glfport,gulfport
birthplace,116007,gkulfport,gulfport
birthplace,116197,gulfporrt,gulfport
birthplace,116202,guflport,gulfport
birthplace,116425,gulfpoirt,gulfport
birthplace,116723,gulafport,gulfport
birthplace,117367,gulfprot,gulfport
birthplace,117586,gulfoprt,gulfport
birthplace,117597,uglfport,gulfport
birthplace,117649,gulfpeort,gulfport
birthplace,117796,gulfoprt,gulfport
birthplace,118339,gulfzport,gulfport
birthplace,118652,gulfprot,gulfport
birthplace,118722,gulfpotr,gulfport
birthplace,118868,gulfort,gulfport
birthplace,119280,glfport,gulfport
birthplace,119561,uglfport,gulfport
birthplace,119897,guflport,gulfport
birthplace,119927,glfport,gulfport
birthplace,120215,gulfpotr,gulfport
birthplace,120636,gulfoprt,gulfport
birthplace,120712,gulfpotr,gulfport
birthplace,120748,gulfpkort,gulfport
birthplace,120941,nan,gulfport
birthplace,121503,gulfporxt,gulfport
birthplace,122003,gvulfport,gulfport
birthplace,122263,gulfporrt,gulfport
birthplace,122303,gufport,gulfport
birthplace,122328,gufport,gulfport
birthplace,122456,gulfporwt,gulfport
birthplace,122984,ulfport,gulfport
birthplace,122998,glfport,gulfport
birthplace,123124,gulfpot,gulfport
birthplace,123170,gulfprot,gulfport
birthplace,123355,gulfpobrt,gulfport
birthplace,123424,glufport,gulfport
birthplace,123951,gulfpobrt,gulfport
birthplace,124177,gulfpotr,gulfport
birthplace,124459,gufport,gulfport
birthplace,124538,uglfport,gulfport
birthplace,124647,gulfprt,gulfport
birthplace,124793,zgulfport,gulfport
birthplace,124891,uglfport,gulfport
birthplace,124960,gulfporlt,gulfport
birthplace,125348,gulfoprt,gulfport
birthplace,125355,gulpfort,gulfport
birthplace,125568,gulfprt,gulfport
birthplace,125736,gulfporat,gulfport
birthplace,125890,glfport,gulfport
birthplace,125948,glfport,gulfport
birthplace,126078,gulfporlt,gulfport
birthplace,126171,gulfpqort,gulfport
birthplace,126750,gulfpodrt,gulfport
birthplace,126849,gulfoprt,gulfport
birthplace,127025,gulfort,gulfport
birthplace,127145,uglfport,gulfport
birthplace,127567,gulfpoort,gulfport
birthplace,127740,gulfpotrt,gulfport
birthplace,127772,gulport,gulfport
birthplace,127861,gulfprt,gulfport
birthplace,128161,uglfport,gulfport
birthplace,128374,gulfpotr,gulfport
birthplace,128400,guwlfport,gulfport
birthplace,128541,gulfpot,gulfport
birthplace,128584,gulfpot,gulfport
birthplace,128631,gulfyport,gulfport
birthplace,128737,gulfoprt,gulfport
birthplace,128763,gulfpotr,gulfport
birthplace,128867,uglfport,gulfport
birthplace,129597,nan,gulfport
birthplace,129709,gutlfport,gulfport
birthplace,129803,gulfpotr,gulfport
birthplace,129857,goulfport,gulfport
birthplace,129963,glfport,gulfport
birthplace,130247,gulfpotr,gulfport
birthplace,130328,guflport,gulfport
birthplace,130354,gulfpotr,gulfport
birthplace,130573,l,el
birthplace,130937,gufport,gulfport
birthplace,131024,gulport,gulfport
birthplace,131685,dgulfport,gulfport
birthplace,132008,gufport,gulfport
birthplace,132376,gulfpotr,gulfport
birthplace,132649,gulfort,gulfport
birthplace,132666,guflport,gulfport
birthplace,132702,wgulfport,gulfport
birthplace,132786,gulifport,gulfport
birthplace,132791,zgulfport,gulfport
birthplace,133160,gulvfport,gulfport
birthplace,133366,gsulfport,gulfport
birthplace,133393,gulfoprt,gulfport
birthplace,133857,gulfort,gulfport
birthplace,133977,gulfpotr,gulfport
birthplace,134074,glufport,gulfport
birthplace,134187,ulfport,gulfport
birthplace,134814,gunlfport,gulfport
birthplace,134815,nan,gulfport
birthplace,135031,gqulfport,gulfport
birthplace,135046,gulfpotr,gulfport
birthplace,135070,gulpfort,gulfport
birthplace,135264,gulfpotr,gulfport
birthplace,135479,grulfport,gulfport
birthplace,135654,gulfprt,gulfport
birthplace,135656,gulfptort,gulfport
birthplace,135763,ulfport,gulfport
birthplace,135976,gulfprot,gulfport
birthplace,136043,gulfoprt,gulfport
birthplace,136136,gulfprt,gulfport
birthplace,136292,gulfort,gulfport
birthplace,136339,gulfprot,gulfport
birthplace,136341,ulfport,gulfport
birthplace,136555,gulfporet,gulfport
birthplace,137390,gulfporyt,gulfport
birthplace,137589,guflport,gulfport
birthplace,137797,glfport,gulfport
birthplace,137975,guflport,gulfport
birthplace,137982,gulfpeort,gulfport
birthplace,138351,gulfpotr,gulfport
birthplace,138451,l,el
birthplace,138909,gvulfport,gulfport
birthplace,139053,gulfpsort,gulfport
birthplace,139138,gulfpotr,gulfport
birthplace,139220,gulfpvort,gulfport
birthplace,139363,uglfport,gulfport
birthplace,139569,glufport,gulfport
birthplace,139854,gulfpokrt,gulfport
birthplace,139901,gulfpotr,gulfport
birthplace,140008,gulfkport,gulfport
birthplace,140553,fgulfport,gulfport
birthplace,141653,gulfprt,gulfport
birthplace,141779,gulfpot,gulfport
birthplace,141888,gulfiport,gulfport
birthplace,142006,glfport,gulfport
birthplace,142063,gulfoprt,gulfport
birthplace,142683,gunlfport,gulfport
birthplace,143060,egulfport,gulfport
birthplace,143145,nan,gulfport
birthplace,143163,gulfoport,gulfport
birthplace,143252,guelfport,gulfport
birthplace,143653,guflport,gulfport
birthplace,143960,gulport,gulfport
birthplace,144074,glufport,gulfport
birthplace,144226,uglfport,gulfport
birthplace,144902,ulfport,gulfport
birthplace,145448,glufport,gulfport
birthplace,145613,gulport,gulfport
birthplace,146084,guflport,gulfport
birthplace,146119,gulfpotr,gulfport
birthplace,146396,gulfpotr,gulfport
birthplace,146666,gxulfport,gulfport
birthplace,146721,gulfpovrt,gulfport
birthplace,146782,gulfpoqrt,gulfport
birthplace,147482,gulfzport,gulfport
birthplace,147581,gulfort,gulfport
birthplace,147655,gulfoprt,gulfport
birthplace,147713,gulfprot,gulfport
birthplace,148004,uglfport,gulfport
birthplace,148061,gufport,gulfport
birthplace,148089,glufport,gulfport
birthplace,148815,gulfpot,gulfport
birthplace,149600,gulfprot,gulfport
birthplace,149740,gufport,gulfport
birthplace,150195,gulfpotr,gulfport
birthplace,150997,egulfport,gulfport
birthplace,151084,guhlfport,gulfport
birthplace,151446,uglfport,gulfport
birthplace,151633,sgulfport,gulfport
birthplace,151786,ulfport,gulfport
birthplace,152446,gulfprt,gulfport
birthplace,152503,gulfptort,gulfport
birthplace,152825,gulfprt,gulfport
birthplace,153475,uglfport,gulfport
birthplace,153479,glufport,gulfport
birthplace,153494,glufport,gulfport
birthplace,153527,gulfpotr,gulfport
birthplace,153611,gulfort,gulfport
birthplace,153640,gufport,gulfport
birthplace,153821,nan,gulfport
birthplace,153965,giulfport,gulfport
birthplace,154151,gulfpuort,gulfport
birthplace,154259,gulfpotr,gulfport
birthplace,154287,gulfpxort,gulfport
birthplace,154660,zgulfport,gulfport
birthplace,155127,glufport,gulfport
birthplace,155478,gulfpot,gulfport
birthplace,156191,gulfpotr,gulfport
birthplace,156610,gulfoprt,gulfport
birthplace,156785,gulfporot,gulfport
birthplace,156864,gulfprot,gulfport
birthplace,156892,guflport,gulfport
birthplace,157006,gulfort,gulfport
birthplace,157115,glfport,gulfport
birthplace,157449,ulfport,gulfport
birthplace,157502,gufport,gulfport
birthplace,157580,gulport,gulfport
birthplace,157717,gqulfport,gulfport
birthplace,158426,gutlfport,gulfport
birthplace,158753,gulfprt,gulfport
birthplace,159553,guflport,gulfport
birthplace,159657,glufport,gulfport
birthplace,159687,guqlfport,gulfport
birthplace,159964,gulfporjt,gulfport
birthplace,160137,gyulfport,gulfport
birthplace,160169,gulfponrt,gulfport
birthplace,160235,glufport,gulfport
birthplace,160287,gulfpotr,gulfport
birthplace,160394,uglfport,gulfport
birthplace,160463,gulfaport,gulfport
birthplace,160467,gulport,gulfport
birthplace,160575,gulfpot,gulfport
birthplace,160622,gulfpwort,gulfport
birthplace,161012,gulfpoqrt,gulfport
birthplace,161057,ulfport,gulfport
birthplace,161062,gulfort,gulfport
birthplace,161101,ulfport,gulfport
birthplace,161127,gulfpot,gulfport
birthplace,161159,nan,gulfport
birthplace,161526,gulport,gulfport
birthplace,161751,gulfoprt,gulfport
birthplace,161869,ulfport,gulfport
birthplace,161937,gulfpocrt,gulfport
birthplace,162210,gufport,gulfport
birthplace,162384,gulfpotr,gulfport
birthplace,162889,ulfport,gulfport
birthplace,163096,glfport,gulfport
birthplace,163124,gulfprot,gulfport
birthplace,163139,gumlfport,gulfport
birthplace,163409,gulfpoert,gulfport
birthplace,163597,gulfpotr,gulfport
birthplace,163813,guflport,gulfport
birthplace,163988,gulpfort,gulfport
birthplace,164270,glufport,gulfport
birthplace,164612,gulfpnort,gulfport
birthplace,164654,gulfporbt,gulfport
birthplace,164662,gufport,gulfport
birthplace,164842,gulpfort,gulfport
birthplace,164855,guylfport,gulfport
birthplace,164970,glfport,gulfport
birthplace,165435,ulfport,gulfport
birthplace,165779,gulfort,gulfport
birthplace,166114,gulfprot,gulfport
birthplace,166120,gulpfort,gulfport
birthplace,166135,dgulfport,gulfport
birthplace,166462,gulpfort,gulfport
birthplace,166942,gulfpotr,gulfport
birthplace,167567,gulfpot,gulfport
birthplace,167642,gulfporet,gulfport
birthplace,167793,gulfoprt,gulfport
birthplace,168041,gulfpfort,gulfport
birthplace,168728,guljfport,gulfport
birthplace,168778,gulport,gulfport
birthplace,168925,uglfport,gulfport
birthplace,169658,gulfpotr,gulfport
birthplace,170206,gulfpotr,gulfport
birthplace,170421,gulfpot,gulfport
birthplace,170437,ghulfport,gulfport
birthplace,170630,gulfprot,gulfport
birthplace,170820,gufport,gulfport
birthplace,170869,gulfprt,gulfport
birthplace,171137,ulfport,gulfport
birthplace,171347,gulfpogrt,gulfport
birthplace,171716,gulfprt,gulfport
birthplace,171782,ulfport,gulfport
birthplace,171823,gumlfport,gulfport
birthplace,171836,ulfport,gulfport
birthplace,172162,gulfprot,gulfport
birthplace,172190,uglfport,gulfport
birthplace,172200,gufport,gulfport
birthplace,172901,gulfoprt,gulfport
birthplace,172971,gulport,gulfport
birthplace,173135,gulfpot,gulfport
birthplace,173306,gulfpotr,gulfport
birthplace,173397,gulfjport,gulfport
birthplace,173788,ulfport,gulfport
birthplace,173844,tgulfport,gulfport
birthplace,173922,gulhfport,gulfport
birthplace,174124,nan,gulfport
birthplace,174305,gulfoprt,gulfport
birthplace,174521,gulfoprt,gulfport
birthplace,174600,gulfprt,gulfport
birthplace,174953,gufport,gulfport
birthplace,174979,uglfport,gulfport
birthplace,174996,gulfprot,gulfport
birthplace,175066,gulfpowrt,gulfport
birthplace,175193,glufport,gulfport
birthplace,175204,uglfport,gulfport
birthplace,175218,ulfport,gulfport
birthplace,175335,gtulfport,gulfport
birthplace,175569,gulfpot,gulfport
birthplace,175580,giulfport,gulfport
birthplace,175833,gufport,gulfport
birthplace,176244,uglfport,gulfport
birthplace,176398,gwulfport,gulfport
birthplace,176455,gulfpotr,gulfport
birthplace,176574,gulfpsort,gulfport
birthplace,176650,gufport,gulfport
birthplace,176662,glufport,gulfport
birthplace,176701,gufport,gulfport
birthplace,176737,gulfprot,gulfport
birthplace,177026,ulfport,gulfport
birthplace,177107,gulfpotr,gulfport
birthplace,177108,gulfpotr,gulfport
birthplace,177214,glfport,gulfport
birthplace,177387,gulpfort,gulfport
birthplace,177420,gufport,gulfport
birthplace,177474,gulfoprt,gulfport
birthplace,177754,gulfpotr,gulfport
birthplace,177885,glufport,gulfport
birthplace,177900,gulpfort,gulfport
birthplace,178164,gulyfport,gulfport
birthplace,178686,gulfporlt,gulfport
birthplace,178820,gjulfport,gulfport
birthplace,178923,guflport,gulfport
birthplace,179081,gulfpotr,gulfport
birthplace,179530,gvulfport,gulfport
birthplace,179982,gulpfort,gulfport
birthplace,180015,gulfpotr,gulfport
birthplace,180182,gulport,gulfport
birthplace,180194,gulfporat,gulfport
birthplace,180606,gulfpot,gulfport
birthplace,180840,gulfpotr,gulfport
birthplace,181174,ggulfport,gulfport
birthplace,181336,gufport,gulfport
birthplace,181477,glufport,gulfport
birthplace,181658,gulfpiort,gulfport
birthplace,182178,gulfkport,gulfport
birthplace,182566,guflport,gulfport
birthplace,182572,gulfporqt,gulfport
birthplace,182636,gurlfport,gulfport
birthplace,182856,guflport,gulfport
birthplace,182968,ulfport,gulfport
birthplace,182970,gulfpxort,gulfport
birthplace,183021,gulpfort,gulfport
birthplace,183108,gulfpoart,gulfport
birthplace,183255,gulfpotr,gulfport
birthplace,183322,goulfport,gulfport
birthplace,183376,ggulfport,gulfport
birthplace,183574,ulfport,gulfport
birthplace,183629,nan,gulfport
birthplace,183928,glufport,gulfport
birthplace,184150,ulfport,gulfport
birthplace,184155,gulfpot,gulfport
birthplace,184685,guclfport,gulfport
birthplace,184725,gulfpotr,gulfport
birthplace,184750,guflport,gulfport
birthplace,184759,gulfoprt,gulfport
birthplace,185237,gulfpot,gulfport
birthplace,185325,gulfoprt,gulfport
birthplace,185534,ulfport,gulfport
birthplace,185572,gulport,gulfport
birthplace,185795,gulfpourt,gulfport
birthplace,186192,gulfpuort,gulfport
birthplace,186400,ulfport,gulfport
birthplace,186763,gulfprot,gulfport
birthplace,186767,guflport,gulfport
birthplace,186921,igulfport,gulfport
birthplace,187467,ulfport,gulfport
birthplace,187850,guflport,gulfport
birthplace,187893,gulwfport,gulfport
birthplace,188008,gufport,gulfport
birthplace,188244,gulfpiort,gulfport
birthplace,188584,gulfpoert,gulfport
birthplace,188796,gulport,gulfport
birthplace,188811,glufport,gulfport
birthplace,189566,ulfport,gulfport
birthplace,189568,gulfpvort,gulfport
birthplace,189913,gulfprt,gulfport
birthplace,190411,gulfporqt,gulfport
birthplace,190672,ulfport,gulfport
birthplace,190952,gulport,gulfport
birthplace,191147,gulfpot,gulfport
birthplace,191348,gulport,gulfport
birthplace,191360,nan,gulfport
birthplace,191449,gulfpot,gulfport
birthplace,191530,gulfpotr,gulfport
birthplace,191592,gulftport,gulfport
birthplace,191731,gulport,gulfport
birthplace,191899,gzulfport,gulfport
birthplace,191986,ulfport,gulfport
birthplace,192327,gulfcport,gulfport
birthplace,192340,gulport,gulfport
birthplace,192453,gulfpxort,gulfport
birthplace,192498,gulcfport,gulfport
birthplace,192503,glfport,gulfport
birthplace,192516,gufport,gulfport
birthplace,192745,ulfport,gulfport
birthplace,192755,gulport,gulfport
birthplace,193167,gufport,gulfport
birthplace,193313,glufport,gulfport
birthplace,193830,ulfport,gulfport
birthplace,194003,uglfport,gulfport
birthplace,194224,gulport,gulfport
birthplace,194746,gulfprot,gulfport
birthplace,194844,gulfyport,gulfport
birthplace,195060,gjulfport,gulfport
birthplace,195106,gulfporvt,gulfport
birthplace,195973,gulpfort,gulfport
birthplace,196152,gulfort,gulfport
birthplace,196474,sgulfport,gulfport
birthplace,196507,gulpfort,gulfport
birthplace,196972,guflport,gulfport
birthplace,196991,gulfpotr,gulfport
birthplace,197703,gufport,gulfport
birthplace,197910,gulfprot,gulfport
birthplace,198141,gufport,gulfport
birthplace,198321,gulfoprt,gulfport
birthplace,198343,gulpfort,gulfport
birthplace,198387,gulfxport,gulfport
birthplace,199088,ulfport,gulfport
birthplace,199464,gulfpeort,gulfport
birthplace,199622,gulport,gulfport
birthplace,199685,gulfporrt,gulfport
birthplace,199693,guqlfport,gulfport
birthplace,199740,nan,gulfport
position,1137,dfender,defender
position,1205,dwefender,defender
position,1430,dfeender,defender
position,2459,defendre,defender
position,3268,deffender,defender
position,4044,dfefender,defender
position,4211,defennder,defender
position,4432,edfender,defender
position,4577,deender,defender
position,4802,efender,defender
position,5196,defenbder,defender
position,5384,defendr,defender
position,5634,defendre,defender
position,5715,deender,defender
position,6074,deender,defender
position,6651,defener,defender
position,6706,defeder,defender
position,6913,edfender,defender
position,7429,edfender,defender
position,7932,defendser,defender
position,8489,defendre,defender
position,8654,defenyder,defender
position,8988,dfender,defender
position,9413,defenedr,defender
position,9624,deefnder,defender
position,10090,defendezr,defender
position,10678,deefnder,defender
position,12121,defendre,defender
position,12930,efender,defender
position,13102,defeder,defender
position,13163,defendre,defender
position,13353,dtefender,defender
position,14212,defdender,defender
position,14605,defendr,defender
position,14663,defendxer,defender
position,15051,defedner,defender
position,15366,detfender,defender
position,15393,defendxer,defender
position,15914,defenhder,defender
position,16007,edfender,defender
position,16197,defedner,defender
position,17367,defejnder,defender
position,17586,dezfender,defender
position,17796,defendre,defender
position,19927,defeder,defender
position,20215,dfeender,defender
position,20712,defendre,defender
position,21503,defedner,defender
position,22003,defevnder,defender
position,22263,dfeender,defender
position,22303,dbefender,defender
position,22998,dfeender,defender
position,23124,dfender,defender
position,23951,devfender,defender
position,24647,defrender,defender
position,24891,efender,defender
position,25568,efender,defender
position,25736,defendre,defender
position,25890,dfender,defender
position,26171,defenedr,defender
position,27025,defener,defender
position,27740,edfender,defender
position,27772,dexfender,defender
position,28400,defendner,defender
position,28541,defeder,defender
position,28737,defeder,defender
position,28867,delfender,defender
position,29709,efender,defender
position,29857,defedner,defender
position,29963,efender,defender
position,30328,defendeyr,defender
position,30354,defejnder,defender
position,31685,defendqer,defender
position,32666,efender,defender
position,33366,defendre,defender
position,33393,defneder,defender
position,33857,ddefender,defender
position,34187,defedner,defender
position,34814,deefnder,defender
position,35031,defendyer,defender
position,35070,defeder,defender
position,35264,deefnder,defender
position,35656,efender,defender
position,35976,dfeender,defender
position,36292,edfender,defender
position,36339,defendrer,defender
position,37797,efender,defender
position,39053,dfender,defender
position,39220,defnder,defender
position,39363,dfeender,defender
position,39901,mifield,midfield
position,40553,defendper,defender
position,41888,dfender,defender
position,42063,defeder,defender
position,42683,defendre,defender
position,43145,deender,defender
position,43163,dfender,defender
position,43960,defendr,defender
position,44074,defendre,defender
position,44226,defendfer,defender
position,46396,defenedr,defender
position,46666,efender,defender
position,46782,defensder,defender
position,47713,defendker,defender
position,48089,defenedr,defender
position,50997,defenedr,defender
position,51084,efender,defender
position,52446,defendelr,defender
position,52503,defendre,defender
position,53479,defenedr,defender
position,53494,defnder,defender
position,53527,defeander,defender
position,53611,derfender,defender
position,53821,defensder,defender
position,53965,deefnder,defender
position,54259,defegnder,defender
position,54660,deefnder,defender
position,55478,defendre,defender
position,56191,defendyer,defender
position,57115,defendeur,defender
position,57580,defenedr,defender
position,57717,defneder,defender
position,58426,efender,defender
position,59657,deender,defender
position,60169,efender,defender
position,60287,efender,defender
position,60394,dfeender,defender
position,60467,efender,defender
position,61012,defgender,defender
position,61057,dfeender,defender
position,61062,defehnder,defender
position,61101,defendr,defender
position,61127,defnder,defender
position,61159,defendfer,defender
position,61526,defgender,defender
position,62210,defenedr,defender
position,62889,defneder,defender
position,63597,devfender,defender
position,63988,defendr,defender
position,64612,defendevr,defender
position,64662,defendre,defender
position,65435,dfender,defender
position,65779,defendre,defender
position,66462,deender,defender
position,66942,gdefender,defender
position,67567,deefender,defender
position,67642,dfender,defender
position,67793,defenedr,defender
position,68041,efender,defender
position,70206,defneder,defender
position,71137,jdefender,defender
position,71347,defedner,defender
position,71823,edfender,defender
position,71836,defedner,defender
position,72190,defeder,defender
position,72901,defxender,defender
position,73135,deender,defender
position,73844,dpefender,defender
position,74124,deender,defender
position,74521,efender,defender
position,74600,defenoder,defender
position,74996,defendekr,defender
position,75066,dcefender,defender
position,75193,deender,defender
position,75204,defnder,defender
position,75569,dfeender,defender
position,75833,efender,defender
position,76398,edfender,defender
position,76650,defedner,defender
position,76662,defendmer,defender
position,77026,dfender,defender
position,77108,gdefender,defender
position,77387,defener,defender
position,77420,dfeender,defender
position,77754,daefender,defender
position,77900,deender,defender
position,78686,defnder,defender
position,79081,defendre,defender
position,80606,defenedr,defender
position,80840,edfender,defender
position,81174,efender,defender
position,81477,dfeender,defender
position,81658,ddefender,defender
position,82970,defener,defender
position,83021,deender,defender
position,83108,efender,defender
position,83574,dfender,defender
position,83629,defendre,defender
position,83928,defpender,defender
position,84750,defener,defender
position,85572,defenedr,defender
position,85795,defendr,defender
position,86192,defenedr,defender
position,86400,efender,defender
position,86763,defnder,defender
position,87467,defeender,defender
position,87893,defendre,defender
position,88008,defnder,defender
position,88584,deefnder,defender
position,88796,defendwer,defender
position,89566,defendre,defender
position,89568,defendre,defender
position,90411,efender,defender
position,90952,dfeender,defender
position,91348,defenedr,defender
position,91360,defneder,defender
position,91530,defenderr,defender
position,91592,defendre,defender
position,91899,defneder,defender
position,92340,defener,defender
position,92503,defnder,defender
position,92755,defedner,defender
position,93167,defener,defender
position,93313,efender,defender
position,93830,defedner,defender
position,94003,defenvder,defender
position,94224,efender,defender
position,94844,udefender,defender
position,95106,efender,defender
position,95973,defendr,defender
position,96507,defendr,defender
position,96972,defeender,defender
position,99088,defnder,defender
position,99464,efender,defender
position,99622,dfeender,defender
position,99693,defendr,defender
position,100397,dfeender,defender
position,100720,efender,defender
position,101137,defoender,defender
position,101205,defetnder,defender
position,101430,depfender,defender
position,102459,defenedr,defender
position,103268,defenedr,defender
position,103737,defendre,defender
position,104044,defendre,defender
position,104211,efender,defender
position,104577,efender,defender
position,104802,defener,defender
position,105196,defnder,defender
position,105384,fdefender,defender
position,105634,defexnder,defender
position,105715,efender,defender
position,106074,defener,defender
position,106651,edfender,defender
position,106706,edfender,defender
position,106913,defnder,defender
position,107429,efender,defender
position,107932,defneder,defender
position,108489,defeinder,defender
position,108654,deefnder,defender
position,108988,demfender,defender
position,109413,dfender,defender
position,109624,defeder,defender
position,110090,dfeender,defender
position,110620,efender,defender
position,110678,daefender,defender
position,110792,midmfield,midfield
position,112121,defendre,defender
position,112930,defener,defender
position,113102,edfender,defender
position,113163,defedner,defender
position,113353,deefnder,defender
position,114212,deefnder,defender
position,114605,defeder,defender
position,114663,defneder,defender
position,115051,defenedr,defender
position,115366,drefender,defender
position,115393,defedner,defender
position,115914,defenedr,defender
position,116007,defendre,defender
position,116197,defehnder,defender
position,117367,defendr,defender
position,117586,defenuder,defender
position,117796,defebnder,defender
position,119927,defendre,defender
position,120215,edfender,defender
position,120712,defneder,defender
position,121503,defendr,defender
position,122003,adefender,defender
position,122263,defendre,defender
position,122303,defendre,defender
position,122998,efender,defender
position,123124,defedner,defender
position,123951,defendre,defender
position,124647,defedner,defender
position,124891,defendebr,defender
position,125568,djefender,defender
position,125736,defevnder,defender
position,125890,defnder,defender
position,126171,deflender,defender
position,127025,efender,defender
position,127740,defedner,defender
position,127772,defennder,defender
position,128400,dwefender,defender
position,128541,defeznder,defender
position,128737,odefender,defender
position,128867,delfender,defender
position,129709,deender,defender
position,129857,deender,defender
position,129963,deender,defender
position,130328,dlefender,defender
position,130354,defendre,defender
position,131685,edfender,defender
position,132666,dfender,defender
position,133366,idefender,defender
position,133393,dfeender,defender
position,133857,defenduer,defender
position,134187,efender,defender
position,134814,efender,defender
position,135031,defenedr,defender
position,135070,deefnder,defender
position,135264,deefnder,defender
position,135656,defenedr,defender
position,135976,defzender,defender
position,136292,defedner,defender
position,136339,defener,defender
position,136341,defedner,defender
position,137797,dfeender,defender
position,139053,kdefender,defender
position,139220,efender,defender
position,139363,deender,defender
position,140553,defenpder,defender
position,141888,daefender,defender
position,142063,efender,defender
position,142683,dfeender,defender
position,143145,defeznder,defender
position,143163,defedner,defender
position,143960,defbender,defender
position,144074,daefender,defender
position,144226,defendekr,defender
position,146396,defendre,defender
position,146666,deefnder,defender
position,146782,defeder,defender
position,147713,defendre,defender
position,148089,defendcer,defender
position,150997,defendre,defender
position,151084,udefender,defender
position,152446,defendre,defender
position,152503,efender,defender
position,153479,defener,defender
position,153494,defeder,defender
position,153527,defendre,defender
position,153611,efender,defender
position,153821,efender,defender
position,153965,defjender,defender
position,154259,pdefender,defender
position,154660,pdefender,defender
position,155478,defneder,defender
position,156191,defendre,defender
position,157006,efender,defender
position,157115,deefnder,defender
position,157580,dekfender,defender
position,157717,dfeender,defender
position,158426,defnder,defender
position,159657,edfender,defender
position,160169,defepnder,defender
position,160287,defnder,defender
position,160394,defnder,defender
position,160467,defeder,defender
position,161012,deender,defender
position,161057,dvefender,defender
position,161062,defneder,defender
position,161101,defendre,defender
position,161127,defenkder,defender
position,161159,defeander,defender
position,161526,defeender,defender
position,162889,defenyder,defender
position,163597,defendesr,defender
position,163988,diefender,defender
position,164612,defedner,defender
position,164662,defneder,defender
position,165435,defenzder,defender
position,165779,deender,defender
position,166462,defendehr,defender
position,166942,defemnder,defender
position,167567,detfender,defender
position,167642,defneder,defender
position,167793,deender,defender
position,168041,defneder,defender
position,170206,defendker,defender
position,170421,defendre,defender
position,171347,defeder,defender
position,171823,defendyer,defender
position,171836,defener,defender
position,172190,defenedr,defender
position,172901,dfeender,defender
position,173135,defenedr,defender
position,173844,deender,defender
position,174124,defendr,defender
position,174521,defendre,defender
position,174600,defendre,defender
position,174996,defeneder,defender
position,175066,defcender,defender
position,175193,efender,defender
position,175204,dvefender,defender
position,175569,deender,defender
position,175833,defendetr,defender
position,176398,defeder,defender
position,176650,defendr,defender
position,176662,dfender,defender
position,177026,defendr,defender
position,177108,dfeender,defender
position,177387,defendr,defender
position,177420,efender,defender
position,177754,deafender,defender
position,177900,deefnder,defender
position,178686,deefnder,defender
position,179081,dfender,defender
position,180606,edfender,defender
position,180840,defeynder,defender
position,181174,deender,defender
position,181477,edfender,defender
position,181658,defendger,defender
position,182970,defneder,defender
position,183021,efender,defender
position,183108,deender,defender
position,183574,deffender,defender
position,183629,defendeir,defender
position,183928,defendr,defender
position,184750,defnder,defender
position,185572,defeder,defender
position,185795,edfender,defender
position,186192,defenedr,defender
position,186400,defnder,defender
position,186763,dfeender,defender
position,186767,mwidfield,midfield
position,187467,jdefender,defender
position,187893,defendre,defender
position,188008,defenwder,defender
position,188584,defendre,defender
position,188796,defendfer,defender
position,189566,defedner,defender
position,189568,deender,defender
position,190411,defendr,defender
position,190952,defenpder,defender
position,191348,dfeender,defender
position,191360,deender,defender
position,191530,defaender,defender
position,191592,dfender,defender
position,191899,defenzder,defender
position,192340,defnder,defender
position,192503,defneder,defender
position,192516,midfied,midfield
position,192755,dfender,defender
position,193167,edfender,defender
position,193313,defkender,defender
position,193830,defnder,defender
position,194003,dfender,defender
position,194224,defener,defender
position,194844,defeder,defender
position,195106,deender,defender
position,195973,dxefender,defender
position,196507,qdefender,defender
position,196972,dfeender,defender
position,199088,degfender,defender
position,199464,deefnder,defender
position,199622,defecnder,defender
position,199693,defneder,defender
team,39363,sv_wejrder_bremen,sv_werder_bremen
team,46396,sv_weqrder_bremen,sv_werder_bremen
team,77107,valencia_cqf,valencia_cf
team,84725,valencxia_cf,valencia_cf
team,92453,vaelncia_cf,valencia_cf
team,92503,sv_werdebr_bremen,sv_werder_bremen
team,129857,sv_wserder_bremen,sv_werder_bremen
team,147482,valenicia_cf,valencia_cf
team,161101,sv_werder_bremenn,sv_werder_bremen
team,175569,sv_wernder_bremen,sv_werder_bremen
team,194844,sv_weredr_bremen,sv_werder_bremen
stadium,28631,cnostant_vanden_stock_stadium,constant_vanden_stock_stadium
stadium,39901,constant_vanden_stock_tadium,constant_vanden_stock_stadium
stadium,108595,constant_vanden_stokc_stadium,constant_vanden_stock_stadium
stadium,137797,bmoleyn_ground,boleyn_ground
stadium,141779,constant_vanden_stock_staium,constant_vanden_stock_stadium
stadium,149600,constant_vandenx_stock_stadium,constant_vanden_stock_stadium
stadium,158753,constant_dvanden_stock_stadium,constant_vanden_stock_stadium
stadium,177108,boleyn_grund,boleyn_ground
