Attribute,Index,Clean Value,Cleaned Value
surname,31,hoare,oare
surname,14781,hoare,hore
surname,15366,hoare,ohare
surname,29803,hoare,hoarke
surname,35070,hoare,howare
surname,39138,hoare,hoarve
surname,63988,hoare,hare
surname,64842,hoare,oare
surname,74305,hoare,hoawre
surname,92327,hoare,whoare
surname,125348,hoare,horae
surname,135046,hoare,hore
surname,148061,hoare,hoarre
surname,177420,hoare,hare
surname,177474,hoare,heoare
birthyear,1137,1982,nan
birthyear,5188,1982,182
birthyear,5196,1982,9182
birthyear,5384,1982,1h982
birthyear,5527,1982,1q982
birthyear,5620,1982,1892
birthyear,5634,1982,19x82
birthyear,5715,1982,982
birthyear,6074,1982,g1982
birthyear,6222,1982,l1982
birthyear,6651,1982,9182
birthyear,6660,1982,198n2
birthyear,6681,1982,982
birthyear,6706,1982,192
birthyear,6913,1982,1928
birthyear,7168,1982,1928
birthyear,7429,1982,982
birthyear,7932,1982,19u82
birthyear,7951,1982,982
birthyear,8129,1982,198d2
birthyear,8489,1982,9182
birthyear,8595,1982,1928
birthyear,8654,1982,1d982
birthyear,8851,1982,9182
birthyear,8925,1982,1k982
birthyear,8988,1982,982
birthyear,9413,1982,1892
birthyear,9624,1982,1928
birthyear,9730,1982,1928
birthyear,9893,1982,982
birthyear,10090,1982,u1982
birthyear,10365,1982,1q982
birthyear,10620,1982,198p2
birthyear,10678,1982,9182
birthyear,10792,1982,192
birthyear,10911,1982,1z982
birthyear,11105,1982,1928
birthyear,11130,1982,1928
birthyear,11376,1982,p1982
birthyear,12121,1982,1892
birthyear,12399,1982,1928
birthyear,12688,1982,1928
birthyear,12930,1982,i1982
birthyear,13098,1982,1i982
birthyear,13100,1982,9182
birthyear,13102,1982,1928
birthyear,13160,1982,982
birthyear,13163,1982,1928
birthyear,13353,1982,1928
birthyear,13575,1982,192
birthyear,13838,1982,1892
birthyear,14212,1982,982
birthyear,14605,1982,19c82
birthyear,14663,1982,1928
birthyear,14781,1982,1928
birthyear,15051,1982,p1982
birthyear,15206,1982,182
birthyear,15366,1982,1928
birthyear,15393,1982,1928
birthyear,15639,1982,182
birthyear,15914,1982,198r2
birthyear,16007,1982,982
birthyear,16197,1982,9182
birthyear,16202,1982,1892
birthyear,16425,1982,1928
birthyear,16723,1982,19g82
birthyear,17367,1982,19m82
birthyear,17586,1982,1892
birthyear,17597,1982,982
birthyear,17649,1982,1892
birthyear,17796,1982,198h2
birthyear,18339,1982,1928
birthyear,18652,1982,1w982
birthyear,18722,1982,198x2
birthyear,18868,1982,182
birthyear,19280,1982,1p982
birthyear,19561,1982,1r982
birthyear,19897,1982,982
birthyear,19927,1982,19g82
birthyear,20215,1982,982
birthyear,20636,1982,182
birthyear,20712,1982,182
birthyear,20748,1982,1928
birthyear,20941,1982,182
birthyear,21503,1982,1928
birthyear,22003,1982,1928
birthyear,22263,1982,192
birthyear,22303,1982,982
birthyear,22328,1982,982
birthyear,22456,1982,9182
birthyear,22984,1982,19x82
birthyear,22998,1982,192
birthyear,23124,1982,1c982
birthyear,23170,1982,182
birthyear,23355,1982,1928
birthyear,23424,1982,1892
birthyear,23951,1982,1n982
birthyear,24177,1982,nan
birthyear,24459,1982,1t982
birthyear,24538,1982,198k2
birthyear,24647,1982,182
birthyear,24793,1982,1928
birthyear,24891,1982,1928
birthyear,24960,1982,19z82
birthyear,25348,1982,982
birthyear,25355,1982,982
birthyear,25568,1982,982
birthyear,25736,1982,982
birthyear,25890,1982,inf
birthyear,25948,1982,1z982
birthyear,26078,1982,1928
birthyear,26171,1982,982
birthyear,26750,1982,1o982
birthyear,26849,1982,182
birthyear,27025,1982,182
birthyear,27145,1982,192
birthyear,27567,1982,y1982
birthyear,27740,1982,192
birthyear,27772,1982,m1982
birthyear,27861,1982,1928
birthyear,28161,1982,9182
birthyear,28374,1982,1928
birthyear,28400,1982,19d82
birthyear,28541,1982,1o982
birthyear,28584,1982,19f82
birthyear,28631,1982,182
birthyear,28737,1982,1928
birthyear,28763,1982,198s2
birthyear,28867,1982,982
birthyear,29597,1982,982
birthyear,29709,1982,k1982
birthyear,29803,1982,9182
birthyear,29857,1982,1928
birthyear,29963,1982,982
birthyear,30247,1982,982
birthyear,30328,1982,198f2
birthyear,30354,1982,1892
birthyear,30937,1982,192
birthyear,31024,1982,1928
birthyear,31685,1982,1928
birthyear,32008,1982,1d982
birthyear,32376,1982,y1982
birthyear,32649,1982,1892
birthyear,32666,1982,182
birthyear,32702,1982,1892
birthyear,32786,1982,982
birthyear,32791,1982,1i982
birthyear,33160,1982,19f82
birthyear,33366,1982,982
birthyear,33393,1982,9182
birthyear,33857,1982,1z982
birthyear,33977,1982,982
birthyear,34074,1982,1892
birthyear,34187,1982,182
birthyear,34814,1982,982
birthyear,34815,1982,1928
birthyear,35031,1982,182
birthyear,35046,1982,198t2
birthyear,35070,1982,982
birthyear,35264,1982,982
birthyear,35479,1982,1s982
birthyear,35654,1982,982
birthyear,35656,1982,1q982
birthyear,35763,1982,9182
birthyear,35976,1982,182
birthyear,36043,1982,198p2
birthyear,36136,1982,192
birthyear,36292,1982,192
birthyear,36339,1982,198x2
birthyear,36341,1982,1892
birthyear,36555,1982,182
birthyear,37390,1982,j1982
birthyear,37589,1982,1928
birthyear,37797,1982,19g82
birthyear,37975,1982,inf
birthyear,37982,1982,198q2
birthyear,38351,1982,1928
birthyear,38909,1982,1928
birthyear,39053,1982,9182
birthyear,39138,1982,192
birthyear,39220,1982,1928
birthyear,39363,1982,192
birthyear,39569,1982,19x82
birthyear,39854,1982,182
birthyear,39901,1982,nan
birthyear,40008,1982,198t2
birthyear,40553,1982,19l82
birthyear,41653,1982,192
birthyear,41779,1982,198g2
birthyear,41888,1982,9182
birthyear,42006,1982,192
birthyear,42063,1982,19n82
birthyear,42683,1982,182
birthyear,43060,1982,192
birthyear,43145,1982,182
birthyear,43163,1982,9182
birthyear,43252,1982,1928
birthyear,43653,1982,982
birthyear,43960,1982,192
birthyear,44074,1982,1928
birthyear,44226,1982,192
birthyear,44902,1982,19w82
birthyear,45448,1982,198o2
birthyear,45613,1982,1892
birthyear,46084,1982,19w82
birthyear,46119,1982,19f82
birthyear,46396,1982,1892
birthyear,46666,1982,192
birthyear,46721,1982,19j82
birthyear,46782,1982,198h2
birthyear,46835,1978,978
birthyear,47482,1982,1892
birthyear,47581,1982,192
birthyear,47655,1982,982
birthyear,47713,1982,182
birthyear,48004,1982,19y82
birthyear,48061,1982,19q82
birthyear,48089,1982,182
birthyear,48815,1982,1c982
birthyear,49600,1982,1892
birthyear,49674,1978,978
birthyear,49740,1982,192
birthyear,50195,1982,1892
birthyear,50997,1982,1892
birthyear,51084,1982,982
birthyear,51446,1982,982
birthyear,51633,1982,1928
birthyear,51786,1982,192
birthyear,52446,1982,9182
birthyear,52503,1982,1928
birthyear,52825,1982,1928
birthyear,53475,1982,1892
birthyear,53479,1982,182
birthyear,53494,1982,982
birthyear,53527,1982,1928
birthyear,53611,1982,1928
birthyear,53640,1982,1892
birthyear,53821,1982,9182
birthyear,53965,1982,1928
birthyear,54151,1982,982
birthyear,54259,1982,982
birthyear,54287,1982,1928
birthyear,54660,1982,982
birthyear,55127,1982,v1982
birthyear,55478,1982,982
birthyear,56191,1982,982
birthyear,56610,1982,192
birthyear,56785,1982,1928
birthyear,56864,1982,9182
birthyear,56892,1982,1928
birthyear,57006,1982,982
birthyear,57115,1982,1t982
birthyear,57449,1982,nan
birthyear,57502,1982,198b2
birthyear,57580,1982,982
birthyear,57717,1982,982
birthyear,58426,1982,192
birthyear,58753,1982,182
birthyear,59553,1982,982
birthyear,59657,1982,982
birthyear,59687,1982,1928
birthyear,59964,1982,192
birthyear,60137,1982,e1982
birthyear,60169,1982,1892
birthyear,60235,1982,9182
birthyear,60287,1982,1p982
birthyear,60394,1982,19h82
birthyear,60463,1982,9182
birthyear,60467,1982,1b982
birthyear,60575,1982,1928
birthyear,60622,1982,1928
birthyear,61012,1982,w1982
birthyear,61057,1982,1b982
birthyear,61062,1982,1928
birthyear,61101,1982,198q2
birthyear,61127,1982,182
birthyear,61159,1982,192
birthyear,61526,1982,o1982
birthyear,61751,1982,982
birthyear,61869,1982,1928
birthyear,61937,1982,1892
birthyear,62210,1982,1928
birthyear,62384,1982,198v2
birthyear,62889,1982,182
birthyear,63096,1982,182
birthyear,63124,1982,1928
birthyear,63139,1982,19i82
birthyear,63409,1982,9182
birthyear,63597,1982,19v82
birthyear,63813,1982,1892
birthyear,63988,1982,198g2
birthyear,64270,1982,1928
birthyear,64612,1982,1892
birthyear,64654,1982,l1982
birthyear,64662,1982,198c2
birthyear,64842,1982,982
birthyear,64855,1982,182
birthyear,64970,1982,1l982
birthyear,65435,1982,182
birthyear,65779,1982,1q982
birthyear,66114,1982,982
birthyear,66120,1982,982
birthyear,66135,1982,19l82
birthyear,66462,1982,182
birthyear,66942,1982,982
birthyear,67567,1982,19x82
birthyear,67642,1982,19q82
birthyear,67793,1982,192
birthyear,68041,1982,192
birthyear,68728,1982,f1982
birthyear,68778,1982,982
birthyear,68925,1982,1928
birthyear,69658,1982,9182
birthyear,70206,1982,182
birthyear,70421,1982,1928
birthyear,70437,1982,1m982
birthyear,70630,1982,v1982
birthyear,70820,1982,19f82
birthyear,70869,1982,982
birthyear,71137,1982,1928
birthyear,71347,1982,1i982
birthyear,71716,1982,192
birthyear,71782,1982,182
birthyear,71823,1982,192
birthyear,71836,1982,192
birthyear,72162,1982,982
birthyear,72190,1982,982
birthyear,72200,1982,e1982
birthyear,72901,1982,19i82
birthyear,72971,1982,9182
birthyear,73135,1982,19h82
birthyear,73306,1982,982
birthyear,73397,1982,190000000000000009897258013955994781676400150667466959103142177112972444219071266816
birthyear,73788,1982,982
birthyear,73844,1982,q1982
birthyear,73922,1982,u1982
birthyear,74124,1982,182
birthyear,74305,1982,nan
birthyear,74521,1982,1892
birthyear,74600,1982,1892
birthyear,74953,1982,1892
birthyear,74979,1982,182
birthyear,74996,1982,982
birthyear,75066,1982,198k2
birthyear,75193,1982,198j2
birthyear,75204,1982,1928
birthyear,75218,1982,c1982
birthyear,75335,1982,1928
birthyear,75569,1982,982
birthyear,75580,1982,1892
birthyear,75833,1982,192
birthyear,76244,1982,1928
birthyear,76398,1982,9182
birthyear,76455,1982,a1982
birthyear,76574,1982,1h982
birthyear,76650,1982,982
birthyear,76662,1982,1892
birthyear,76701,1982,182
birthyear,76737,1982,19u82
birthyear,77026,1982,19j82
birthyear,77107,1982,198p2
birthyear,77108,1982,1928
birthyear,77214,1982,9182
birthyear,77387,1982,1928
birthyear,77420,1982,198l2
birthyear,77474,1982,982
birthyear,77754,1982,982
birthyear,77885,1982,1k982
birthyear,77900,1982,182
birthyear,78164,1982,1n982
birthyear,78686,1982,192
birthyear,78820,1982,1892
birthyear,78923,1982,982
birthyear,79081,1982,9182
birthyear,79530,1982,198c2
birthyear,79982,1982,19r82
birthyear,80015,1982,1892
birthyear,80182,1982,h1982
birthyear,80194,1982,1928
birthyear,80606,1982,192
birthyear,80840,1982,1892
birthyear,81174,1982,182
birthyear,81336,1982,nan
birthyear,81477,1982,1f982
birthyear,81658,1982,192
birthyear,82178,1982,9182
birthyear,82566,1982,982
birthyear,82572,1982,9182
birthyear,82636,1982,1a982
birthyear,82856,1982,1928
birthyear,82968,1982,198x2
birthyear,82970,1982,19l82
birthyear,83021,1982,182
birthyear,83108,1982,192
birthyear,83255,1982,198q2
birthyear,83322,1982,1892
birthyear,83376,1982,1w982
birthyear,83574,1982,1y982
birthyear,83629,1982,1892
birthyear,83928,1982,198a2
birthyear,84150,1982,19f82
birthyear,84155,1982,1928
birthyear,84685,1982,1k982
birthyear,84725,1982,192
birthyear,84750,1982,982
birthyear,84759,1982,982
birthyear,85237,1982,l1982
birthyear,85325,1982,1892
birthyear,85534,1982,982
birthyear,85572,1982,182
birthyear,85795,1982,1892
birthyear,86192,1982,1892
birthyear,86400,1982,1892
birthyear,86763,1982,1928
birthyear,86767,1982,1892
birthyear,86921,1982,f1982
birthyear,87467,1982,nan
birthyear,87850,1982,1892
birthyear,87893,1982,182
birthyear,88008,1982,1892
birthyear,88244,1982,1y982
birthyear,88584,1982,182
birthyear,88796,1982,1i982
birthyear,88811,1982,1928
birthyear,89566,1982,182
birthyear,89568,1982,192
birthyear,89913,1982,198i2
birthyear,90411,1982,1892
birthyear,90672,1982,19s82
birthyear,90952,1982,982
birthyear,91147,1982,d1982
birthyear,91348,1982,982
birthyear,91360,1982,192
birthyear,91449,1982,19i82
birthyear,91530,1982,1892
birthyear,91592,1982,9182
birthyear,91731,1982,198u2
birthyear,91899,1982,192
birthyear,91986,1982,1928
birthyear,92327,1982,192
birthyear,92340,1982,182
birthyear,92453,1982,982
birthyear,92498,1982,982
birthyear,92503,1982,982
birthyear,92516,1982,1928
birthyear,92745,1982,182
birthyear,92755,1982,1u982
birthyear,93167,1982,b1982
birthyear,93313,1982,982
birthyear,93830,1982,982
birthyear,94003,1982,9182
birthyear,94224,1982,182
birthyear,94746,1982,1j982
birthyear,94844,1982,1928
birthyear,95060,1982,1928
birthyear,95106,1982,1892
birthyear,95973,1982,19a82
birthyear,96152,1982,1928
birthyear,96474,1982,19p82
birthyear,96507,1982,1w982
birthyear,96972,1982,19f82
birthyear,96991,1982,1928
birthyear,97703,1982,nan
birthyear,97910,1982,9182
birthyear,98141,1982,982
birthyear,98321,1982,198j2
birthyear,98343,1982,982
birthyear,98387,1982,982
birthyear,99088,1982,t1982
birthyear,99464,1982,1928
birthyear,99622,1982,9182
birthyear,99685,1982,192
birthyear,99693,1982,1892
birthyear,99740,1982,182
birthyear,100031,1982,1892
birthyear,100122,1982,982
birthyear,100256,1982,1928
birthyear,100397,1982,982
birthyear,100587,1982,1892
birthyear,100720,1982,1928
birthyear,100906,1982,9182
birthyear,101137,1982,982
birthyear,101205,1982,g1982
birthyear,101287,1982,982
birthyear,101430,1982,1f982
birthyear,102326,1982,982
birthyear,102459,1982,1r982
birthyear,102535,1982,192
birthyear,102646,1982,1o982
birthyear,103167,1982,1928
birthyear,103268,1982,1r982
birthyear,103737,1982,1928
birthyear,103968,1982,1892
birthyear,104044,1982,1928
birthyear,104211,1982,1928
birthyear,104359,1982,192
birthyear,104432,1982,1928
birthyear,104577,1982,g1982
birthyear,104590,1982,1892
birthyear,104802,1982,9182
birthyear,104981,1982,198q2
birthyear,105188,1982,i1982
birthyear,105196,1982,9182
birthyear,105384,1982,1928
birthyear,105527,1982,198z2
birthyear,105620,1982,r1982
birthyear,105634,1982,192
birthyear,105715,1982,9182
birthyear,106074,1982,1928
birthyear,106222,1982,1928
birthyear,106651,1982,1928
birthyear,106660,1982,182
birthyear,106681,1982,19c82
birthyear,106706,1982,192
birthyear,106913,1982,1b982
birthyear,107168,1982,182
birthyear,107429,1982,9182
birthyear,107932,1982,1p982
birthyear,107951,1982,198u2
birthyear,108129,1982,9182
birthyear,108489,1982,1928
birthyear,108595,1982,192
birthyear,108654,1982,182
birthyear,108851,1982,982
birthyear,108925,1982,198f2
birthyear,108988,1982,19o82
birthyear,109413,1982,1928
birthyear,109624,1982,9182
birthyear,109730,1982,182
birthyear,109893,1982,982
birthyear,110090,1982,192
birthyear,110365,1982,1928
birthyear,110620,1982,1928
birthyear,110678,1982,982
birthyear,110792,1982,982
birthyear,110911,1982,nan
birthyear,111105,1982,192
birthyear,111130,1982,1892
birthyear,111376,1982,182
birthyear,112121,1982,198j2
birthyear,112399,1982,982
birthyear,112688,1982,19800
birthyear,112930,1982,182
birthyear,113098,1982,1928
birthyear,113100,1982,j1982
birthyear,113102,1982,182
birthyear,113160,1982,1f982
birthyear,113163,1982,982
birthyear,113353,1982,9182
birthyear,113575,1982,1892
birthyear,113838,1982,9182
birthyear,114212,1982,c1982
birthyear,114605,1982,19u82
birthyear,114663,1982,1892
birthyear,114781,1982,19b82
birthyear,115051,1982,192
birthyear,115206,1982,1892
birthyear,115366,1982,1928
birthyear,115393,1982,19f82
birthyear,115639,1982,1928
birthyear,115914,1982,982
birthyear,116007,1982,982
birthyear,116197,1982,1z982
birthyear,116202,1982,1892
birthyear,116425,1982,198m2
birthyear,116723,1982,982
birthyear,117367,1982,982
birthyear,117586,1982,1892
birthyear,117597,1982,1n982
birthyear,117649,1982,982
birthyear,117796,1982,1q982
birthyear,118339,1982,1i982
birthyear,118652,1982,r1982
birthyear,118722,1982,19x82
birthyear,118868,1982,192
birthyear,119280,1982,1928
birthyear,119561,1982,982
birthyear,119897,1982,190000000000000009897258013955994781676400150667466959103142177112972444219071266816
birthyear,119927,1982,f1982
birthyear,120215,1982,192
birthyear,120636,1982,192
birthyear,120712,1982,982
birthyear,120748,1982,982
birthyear,120941,1982,j1982
birthyear,121503,1982,192
birthyear,122003,1982,k1982
birthyear,122263,1982,1928
birthyear,122303,1982,1928
birthyear,122328,1982,982
birthyear,122456,1982,1892
birthyear,122984,1982,1928
birthyear,122998,1982,182
birthyear,123124,1982,182
birthyear,123170,1982,1928
birthyear,123355,1982,1928
birthyear,123424,1982,982
birthyear,123951,1982,9182
birthyear,124177,1982,z1982
birthyear,124459,1982,j1982
birthyear,124538,1982,1928
birthyear,124647,1982,192
birthyear,124793,1982,192
birthyear,124891,1982,1892
birthyear,124960,1982,198y2
birthyear,125348,1982,1892
birthyear,125355,1982,9182
birthyear,125568,1982,h1982
birthyear,125736,1982,1928
birthyear,125890,1982,1m982
birthyear,125948,1982,1928
birthyear,126078,1982,b1982
birthyear,126171,1982,982
birthyear,126750,1982,192
birthyear,126849,1982,1s982
birthyear,127025,1982,1928
birthyear,127145,1982,1928
birthyear,127567,1982,1928
birthyear,127740,1982,1928
birthyear,127772,1982,982
birthyear,127861,1982,1d982
birthyear,128161,1982,1928
birthyear,128374,1982,982
birthyear,128400,1982,192
birthyear,128541,1982,1892
birthyear,128584,1982,1u982
birthyear,128631,1982,198x2
birthyear,128737,1982,1m982
birthyear,128763,1982,e1982
birthyear,128867,1982,192
birthyear,129597,1982,982
birthyear,129709,1982,982
birthyear,129803,1982,1928
birthyear,129857,1982,982
birthyear,129963,1982,982
birthyear,130247,1982,192
birthyear,130328,1982,1892
birthyear,130354,1982,1928
birthyear,130573,1978,1987
birthyear,130937,1982,1928
birthyear,131024,1982,1928
birthyear,131685,1982,1f982
birthyear,132008,1982,g1982
birthyear,132376,1982,982
birthyear,132649,1982,198s2
birthyear,132666,1982,1928
birthyear,132702,1982,982
birthyear,132786,1982,1892
birthyear,132791,1982,982
birthyear,133160,1982,1928
birthyear,133366,1982,982
birthyear,133393,1982,1928
birthyear,133857,1982,198z2
birthyear,133977,1982,q1982
birthyear,134074,1982,182
birthyear,134187,1982,1i982
birthyear,134814,1982,1928
birthyear,134815,1982,b1982
birthyear,135031,1982,1l982
birthyear,135046,1982,1928
birthyear,135070,1982,19c82
birthyear,135264,1982,1928
birthyear,135479,1982,1892
birthyear,135654,1982,9182
birthyear,135656,1982,nan
birthyear,135763,1982,198x2
birthyear,135976,1982,192
birthyear,136043,1982,982
birthyear,136136,1982,1v982
birthyear,136292,1982,b1982
birthyear,136339,1982,1892
birthyear,136341,1982,1892
birthyear,136555,1982,19n82
birthyear,137390,1982,9182
birthyear,137589,1982,19q82
birthyear,137797,1982,1928
birthyear,137975,1982,982
birthyear,137982,1982,982
birthyear,138351,1982,1928
birthyear,138451,1978,978
birthyear,138909,1982,9182
birthyear,139053,1982,9182
birthyear,139138,1982,982
birthyear,139220,1982,182
birthyear,139363,1982,1928
birthyear,139569,1982,9182
birthyear,139854,1982,1892
birthyear,139901,1982,a1982
birthyear,140008,1982,9182
birthyear,140553,1982,1892
birthyear,141653,1982,1892
birthyear,141779,1982,9182
birthyear,141888,1982,1892
birthyear,142006,1982,982
birthyear,142063,1982,982
birthyear,142683,1982,1928
birthyear,143060,1982,1928
birthyear,143145,1982,19r82
birthyear,143163,1982,19d82
birthyear,143252,1982,1m982
birthyear,143653,1982,9182
birthyear,143960,1982,1928
birthyear,144074,1982,982
birthyear,144226,1982,nan
birthyear,144902,1982,1892
birthyear,145448,1982,1928
birthyear,145613,1982,1928
birthyear,146084,1982,1m982
birthyear,146119,1982,1928
birthyear,146396,1982,1o982
birthyear,146666,1982,9182
birthyear,146721,1982,u1982
birthyear,146782,1982,1928
birthyear,147482,1982,19i82
birthyear,147581,1982,19a82
birthyear,147655,1982,182
birthyear,147713,1982,198u2
birthyear,148004,1982,192
birthyear,148061,1982,198n2
birthyear,148089,1982,9182
birthyear,148815,1982,19i82
birthyear,149600,1982,192
birthyear,149740,1982,192
birthyear,150195,1982,19r82
birthyear,150997,1982,1892
birthyear,151084,1982,192
birthyear,151446,1982,198v2
birthyear,151633,1982,182
birthyear,151786,1982,1y982
birthyear,152446,1982,1u982
birthyear,152503,1982,1928
birthyear,152825,1982,19t82
birthyear,153475,1982,b1982
birthyear,153479,1982,p1982
birthyear,153494,1982,nan
birthyear,153527,1982,1928
birthyear,153611,1982,982
birthyear,153640,1982,1a982
birthyear,153821,1982,19x82
birthyear,153965,1982,982
birthyear,154151,1982,19v82
birthyear,154259,1982,192
birthyear,154287,1982,c1982
birthyear,154660,1982,182
birthyear,155127,1982,1928
birthyear,155478,1982,9182
birthyear,156191,1982,19x82
birthyear,156610,1982,192
birthyear,156785,1982,9182
birthyear,156864,1982,1892
birthyear,156892,1982,19x82
birthyear,157006,1982,982
birthyear,157115,1982,982
birthyear,157449,1982,198b2
birthyear,157502,1982,192
birthyear,157580,1982,1928
birthyear,157717,1982,182
birthyear,158426,1982,r1982
birthyear,158753,1982,1a982
birthyear,159553,1982,1928
birthyear,159657,1982,982
birthyear,159687,1982,a1982
birthyear,159964,1982,982
birthyear,160137,1982,982
birthyear,160169,1982,982
birthyear,160235,1982,190000000000000009897258013955994781676400150667466959103142177112972444219071266816
birthyear,160287,1982,9182
birthyear,160394,1982,1928
birthyear,160463,1982,1928
birthyear,160467,1982,198c2
birthyear,160575,1982,1892
birthyear,160622,1982,192
birthyear,161012,1982,1o982
birthyear,161057,1982,1928
birthyear,161062,1982,9182
birthyear,161101,1982,19m82
birthyear,161127,1982,182
birthyear,161159,1982,19t82
birthyear,161526,1982,198i2
birthyear,161751,1982,l1982
birthyear,161869,1982,1928
birthyear,161937,1982,982
birthyear,162210,1982,1928
birthyear,162384,1982,9182
birthyear,162889,1982,982
birthyear,163096,1982,1j982
birthyear,163124,1982,982
birthyear,163139,1982,198g2
birthyear,163409,1982,1928
birthyear,163597,1982,9182
birthyear,163813,1982,198h2
birthyear,163988,1982,192
birthyear,164270,1982,198s2
birthyear,164612,1982,1928
birthyear,164654,1982,192
birthyear,164662,1982,982
birthyear,164842,1982,1928
birthyear,164855,1982,982
birthyear,164970,1982,1928
birthyear,165435,1982,19u82
birthyear,165779,1982,19u82
birthyear,166114,1982,1f982
birthyear,166120,1982,192
birthyear,166135,1982,982
birthyear,166462,1982,1928
birthyear,166942,1982,1928
birthyear,167567,1982,982
birthyear,167642,1982,1892
birthyear,167793,1982,982
birthyear,168041,1982,182
birthyear,168728,1982,1928
birthyear,168778,1982,192
birthyear,168925,1982,982
birthyear,169658,1982,982
birthyear,170206,1982,d1982
birthyear,170421,1982,982
birthyear,170437,1982,9182
birthyear,170630,1982,1892
birthyear,170820,1982,982
birthyear,170869,1982,982
birthyear,171137,1982,9182
birthyear,171347,1982,1928
birthyear,171716,1982,1928
birthyear,171782,1982,1892
birthyear,171823,1982,9182
birthyear,171836,1982,9182
birthyear,172162,1982,192
birthyear,172190,1982,198g2
birthyear,172200,1982,198p2
birthyear,172901,1982,1928
birthyear,172971,1982,1f982
birthyear,173135,1982,1928
birthyear,173306,1982,19z82
birthyear,173397,1982,198t2
birthyear,173788,1982,982
birthyear,173844,1982,198v2
birthyear,173922,1982,1i982
birthyear,174124,1982,1u982
birthyear,174305,1982,198t2
birthyear,174521,1982,1l982
birthyear,174600,1982,198d2
birthyear,174953,1982,19u82
birthyear,174979,1982,1892
birthyear,174996,1982,1h982
birthyear,175066,1982,1k982
birthyear,175193,1982,1928
birthyear,175204,1982,982
birthyear,175218,1982,982
birthyear,175335,1982,9182
birthyear,175569,1982,982
birthyear,175580,1982,182
birthyear,175833,1982,192
birthyear,176244,1982,182
birthyear,176398,1982,1892
birthyear,176455,1982,982
birthyear,176574,1982,j1982
birthyear,176650,1982,982
birthyear,176662,1982,1892
birthyear,176701,1982,19d82
birthyear,176737,1982,182
birthyear,177026,1982,j1982
birthyear,177107,1982,1928
birthyear,177108,1982,982
birthyear,177214,1982,9182
birthyear,177387,1982,y1982
birthyear,177420,1982,1b982
birthyear,177474,1982,1928
birthyear,177754,1982,1928
birthyear,177885,1982,192
birthyear,177900,1982,g1982
birthyear,178164,1982,19z82
birthyear,178686,1982,1928
birthyear,178820,1982,182
birthyear,178923,1982,190000000000000009897258013955994781676400150667466959103142177112972444219071266816
birthyear,179081,1982,192
birthyear,179530,1982,1928
birthyear,179982,1982,o1982
birthyear,180015,1982,1928
birthyear,180182,1982,1928
birthyear,180194,1982,1928
birthyear,180606,1982,192
birthyear,180840,1982,1i982
birthyear,181174,1982,192
birthyear,181336,1982,l1982
birthyear,181477,1982,982
birthyear,181658,1982,982
birthyear,182178,1982,1s982
birthyear,182566,1982,m1982
birthyear,182572,1982,9182
birthyear,182636,1982,1928
birthyear,182856,1982,982
birthyear,182968,1982,182
birthyear,182970,1982,19b82
birthyear,183021,1982,nan
birthyear,183108,1982,192
birthyear,183255,1982,19f82
birthyear,183322,1982,192
birthyear,183376,1982,19l82
birthyear,183574,1982,198n2
birthyear,183629,1982,9182
birthyear,183928,1982,182
birthyear,184150,1982,a1982
birthyear,184155,1982,182
birthyear,184685,1982,198p2
birthyear,184725,1982,9182
birthyear,184750,1982,1v982
birthyear,184759,1982,1h982
birthyear,185237,1982,982
birthyear,185325,1982,1928
birthyear,185534,1982,182
birthyear,185572,1982,198r2
birthyear,185795,1982,982
birthyear,186192,1982,182
birthyear,186400,1982,x1982
birthyear,186763,1982,19r82
birthyear,186767,1982,1928
birthyear,186921,1982,198h2
birthyear,187467,1982,1892
birthyear,187850,1982,19y82
birthyear,187893,1982,192
birthyear,188008,1982,982
birthyear,188244,1982,1928
birthyear,188584,1982,1s982
birthyear,188796,1982,9182
birthyear,188811,1982,1928
birthyear,189566,1982,9182
birthyear,189568,1982,1928
birthyear,189913,1982,9182
birthyear,190411,1982,982
birthyear,190672,1982,9182
birthyear,190952,1982,19k82
birthyear,191147,1982,182
birthyear,191348,1982,19h82
birthyear,191360,1982,182
birthyear,191449,1982,982
birthyear,191530,1982,1892
birthyear,191592,1982,198f2
birthyear,191731,1982,982
birthyear,191899,1982,982
birthyear,191986,1982,982
birthyear,192327,1982,1s982
birthyear,192340,1982,q1982
birthyear,192453,1982,g1982
birthyear,192498,1982,982
birthyear,192503,1982,19z82
birthyear,192516,1982,1892
birthyear,192745,1982,198n2
birthyear,192755,1982,192
birthyear,193167,1982,182
birthyear,193313,1982,w1982
birthyear,193830,1982,1928
birthyear,194003,1982,1892
birthyear,194224,1982,982
birthyear,194746,1982,1892
birthyear,194844,1982,192
birthyear,195060,1982,1892
birthyear,195106,1982,1928
birthyear,195973,1982,982
birthyear,196152,1982,1928
birthyear,196474,1982,192
birthyear,196507,1982,1928
birthyear,196972,1982,182
birthyear,196991,1982,1928
birthyear,197703,1982,1928
birthyear,197910,1982,198r2
birthyear,198141,1982,182
birthyear,198321,1982,d1982
birthyear,198343,1982,1892
birthyear,198387,1982,19y82
birthyear,199088,1982,1928
birthyear,199464,1982,1892
birthyear,199622,1982,19g82
birthyear,199685,1982,9182
birthyear,199693,1982,198n2
birthyear,199740,1982,9182
birthplace,397,gulfport,ulfport
birthplace,5188,gulfport,glfport
birthplace,5196,gulfport,gulfprt
birthplace,5384,gulfport,gulfprt
birthplace,5527,gulfport,gulfoprt
birthplace,5620,gulfport,giulfport
birthplace,5634,gulfport,gulfpotr
birthplace,5715,gulfport,gultfport
birthplace,6074,gulfport,gulfpeort
birthplace,6222,gulfport,ulfport
birthplace,6651,gulfport,gulport
birthplace,6660,gulfport,glfport
birthplace,6681,gulfport,gulfoprt
birthplace,6706,gulfport,ulfport
birthplace,6913,gulfport,gulfprt
birthplace,7168,gulfport,gulfort
birthplace,7429,gulfport,gulpfort
birthplace,7932,gulfport,uglfport
birthplace,7951,gulfport,ngulfport
birthplace,8129,gulfport,agulfport
birthplace,8489,gulfport,ggulfport
birthplace,8595,gulfport,ulfport
birthplace,8654,gulfport,gulfpotr
birthplace,8851,gulfport,ulfport
birthplace,8925,gulfport,gulfpsort
birthplace,8988,gulfport,gulfporbt
birthplace,9413,gulfport,gulfort
birthplace,9624,gulfport,gulfphort
birthplace,9730,gulfport,guvlfport
birthplace,9893,gulfport,gulfpotr
birthplace,10090,gulfport,gulfoprt
birthplace,10365,gulfport,gulfprot
birthplace,10620,gulfport,gulfporvt
birthplace,10678,gulfport,gulfpeort
birthplace,10792,gulfport,pgulfport
birthplace,10911,gulfport,gulfpot
birthplace,11105,gulfport,ulfport
birthplace,11130,gulfport,guzlfport
birthplace,11376,gulfport,gulfpotr
birthplace,12121,gulfport,gulfporft
birthplace,12399,gulfport,gulfpotr
birthplace,12688,gulfport,ulfport
birthplace,12930,gulfport,gkulfport
birthplace,13098,gulfport,gulfmport
birthplace,13100,gulfport,guklfport
birthplace,13102,gulfport,gulfpotr
birthplace,13160,gulfport,grulfport
birthplace,13163,gulfport,glufport
birthplace,13353,gulfport,gulfort
birthplace,13575,gulfport,guflport
birthplace,13838,gulfport,gulfpowrt
birthplace,14212,gulfport,gulfprt
birthplace,14605,gulfport,glufport
birthplace,14663,gulfport,glfport
birthplace,14781,gulfport,uglfport
birthplace,15051,gulfport,ulfport
birthplace,15206,gulfport,gulfprot
birthplace,15366,gulfport,gulfoprt
birthplace,15393,gulfport,guflport
birthplace,15639,gulfport,gulfpotr
birthplace,15914,gulfport,gulfpohrt
birthplace,16007,gulfport,gulfpotr
birthplace,16197,gulfport,gulfpgort
birthplace,16202,gulfport,glufport
birthplace,16425,gulfport,gumlfport
birthplace,16723,gulfport,uglfport
birthplace,17367,gulfport,uglfport
birthplace,17586,gulfport,ulfport
birthplace,17597,gulfport,glufport
birthplace,17649,gulfport,gulfpot
birthplace,17796,gulfport,uglfport
birthplace,18339,gulfport,ulfport
birthplace,18652,gulfport,gulfpotr
birthplace,18722,gulfport,gulfpot
birthplace,18868,gulfport,gulfort
birthplace,19280,gulfport,glufport
birthplace,19561,gulfport,gulfpotr
birthplace,19897,gulfport,gulvfport
birthplace,19927,gulfport,gulfpot
birthplace,20215,gulfport,gulsfport
birthplace,20636,gulfport,gufport
birthplace,20712,gulfport,gulfpotr
birthplace,20748,gulfport,gulfort
birthplace,20941,gulfport,gulport
birthplace,21503,gulfport,uglfport
birthplace,22003,gulfport,uglfport
birthplace,22263,gulfport,glfport
birthplace,22303,gulfport,gulfeport
birthplace,22328,gulfport,ulfport
birthplace,22456,gulfport,ulfport
birthplace,22984,gulfport,guflport
birthplace,22998,gulfport,gulfpotr
birthplace,23124,gulfport,guylfport
birthplace,23170,gulfport,guflport
birthplace,23355,gulfport,nan
birthplace,23424,gulfport,gulfpot
birthplace,23951,gulfport,glufport
birthplace,24177,gulfport,gulfporrt
birthplace,24459,gulfport,uglfport
birthplace,24538,gulfport,gulfpoqrt
birthplace,24647,gulfport,gulfporht
birthplace,24793,gulfport,gulfprt
birthplace,24891,gulfport,gulfpot
birthplace,24960,gulfport,gulfpotr
birthplace,25348,gulfport,gulfpmort
birthplace,25355,gulfport,bgulfport
birthplace,25568,gulfport,gulkfport
birthplace,25736,gulfport,ulfport
birthplace,25890,gulfport,ulfport
birthplace,25948,gulfport,gulfprot
birthplace,26078,gulfport,guflport
birthplace,26171,gulfport,gulfprt
birthplace,26750,gulfport,nan
birthplace,26849,gulfport,ulfport
birthplace,27025,gulfport,gulwfport
birthplace,27145,gulfport,gulfpoort
birthplace,27567,gulfport,gulfpotr
birthplace,27740,gulfport,gulfpohrt
birthplace,27772,gulfport,gulfort
birthplace,27861,gulfport,gulfort
birthplace,28161,gulfport,gulfprt
birthplace,28374,gulfport,gulfporyt
birthplace,28400,gulfport,gulfprt
birthplace,28541,gulfport,gurlfport
birthplace,28584,gulfport,gulfort
birthplace,28631,gulfport,glufport
birthplace,28737,gulfport,gufport
birthplace,28763,gulfport,ulfport
birthplace,28867,gulfport,guwlfport
birthplace,29597,gulfport,gulfpot
birthplace,29709,gulfport,uglfport
birthplace,29803,gulfport,gufport
birthplace,29857,gulfport,guljfport
birthplace,29963,gulfport,gulfpoort
birthplace,30247,gulfport,gulport
birthplace,30328,gulfport,gulfponrt
birthplace,30354,gulfport,gulfpourt
birthplace,30937,gulfport,gulport
birthplace,31024,gulfport,gulfpotr
birthplace,31685,gulfport,gulfort
birthplace,32008,gulfport,ulfport
birthplace,32376,gulfport,gulfnport
birthplace,32649,gulfport,gulfporlt
birthplace,32666,gulfport,gulfporjt
birthplace,32702,gulfport,nan
birthplace,32786,gulfport,glfport
birthplace,32791,gulfport,gulfprot
birthplace,33160,gulfport,glufport
birthplace,33366,gulfport,gufport
birthplace,33393,gulfport,gulfphort
birthplace,33857,gulfport,gulfpotr
birthplace,33977,gulfport,gulport
birthplace,34074,gulfport,gulfprot
birthplace,34187,gulfport,gullfport
birthplace,34814,gulfport,gulfpot
birthplace,34815,gulfport,gulflport
birthplace,35031,gulfport,gulfporwt
birthplace,35046,gulfport,gulfpoort
birthplace,35070,gulfport,gulfprt
birthplace,35264,gulfport,gulfpoyrt
birthplace,35479,gulfport,gulffport
birthplace,35654,gulfport,gulport
birthplace,35656,gulfport,gulfoprt
birthplace,35763,gulfport,gulfprt
birthplace,35976,gulfport,guflport
birthplace,36043,gulfport,cgulfport
birthplace,36136,gulfport,gulfprot
birthplace,36292,gulfport,gnulfport
birthplace,36339,gulfport,gulfporat
birthplace,36341,gulfport,gulbfport
birthplace,36555,gulfport,uglfport
birthplace,37390,gulfport,ulfport
birthplace,37589,gulfport,gulfpotr
birthplace,37797,gulfport,gulfprt
birthplace,37975,gulfport,glfport
birthplace,37982,gulfport,uglfport
birthplace,38351,gulfport,gulfpot
birthplace,38909,gulfport,gulfphort
birthplace,39053,gulfport,ulfport
birthplace,39138,gulfport,ulfport
birthplace,39220,gulfport,glfport
birthplace,39363,gulfport,glfport
birthplace,39569,gulfport,gulfort
birthplace,39854,gulfport,rgulfport
birthplace,39901,gulfport,zgulfport
birthplace,40008,gulfport,gulfnport
birthplace,40553,gulfport,gulfpuort
birthplace,41653,gulfport,gulfpsort
birthplace,41779,gulfport,gulfpdort
birthplace,41888,gulfport,gulfpot
birthplace,42006,gulfport,guflport
birthplace,42063,gulfport,gulfpotr
birthplace,42683,gulfport,gulfpqort
birthplace,43060,gulfport,gulfpotr
birthplace,43145,gulfport,gulfphort
birthplace,43163,gulfport,gulport
birthplace,43252,gulfport,gulfort
birthplace,43653,gulfport,gulfpot
birthplace,43960,gulfport,gulfpoyrt
birthplace,44074,gulfport,gulfort
birthplace,44226,gulfport,gulport
birthplace,44902,gulfport,gulfoprt
birthplace,45448,gulfport,gulfqport
birthplace,45613,gulfport,glufport
birthplace,46084,gulfport,guflport
birthplace,46119,gulfport,zgulfport
birthplace,46396,gulfport,gulfprt
birthplace,46666,gulfport,gulfpot
birthplace,46721,gulfport,glfport
birthplace,46782,gulfport,gulport
birthplace,46835,el,l
birthplace,47482,gulfport,gulzfport
birthplace,47581,gulfport,gulfprot
birthplace,47655,gulfport,gulfpokrt
birthplace,47713,gulfport,gulxfport
birthplace,48004,gulfport,ulfport
birthplace,48061,gulfport,agulfport
birthplace,48089,gulfport,xgulfport
birthplace,48815,gulfport,ulfport
birthplace,49600,gulfport,guzlfport
birthplace,49674,el,le
birthplace,49740,gulfport,gulfpotr
birthplace,50195,gulfport,gulfpot
birthplace,50997,gulfport,gulfpotr
birthplace,51084,gulfport,gullfport
birthplace,51446,gulfport,ulfport
birthplace,51633,gulfport,guflport
birthplace,51786,gulfport,gbulfport
birthplace,52446,gulfport,gulfzport
birthplace,52503,gulfport,gulpfort
birthplace,52825,gulfport,gjulfport
birthplace,53475,gulfport,glufport
birthplace,53479,gulfport,gulfprt
birthplace,53494,gulfport,gmulfport
birthplace,53527,gulfport,ulfport
birthplace,53611,gulfport,gulfoprt
birthplace,53640,gulfport,gulfort
birthplace,53821,gulfport,guflport
birthplace,53965,gulfport,gulfprot
birthplace,54151,gulfport,ulfport
birthplace,54259,gulfport,goulfport
birthplace,54287,gulfport,gulfpotrt
birthplace,54660,gulfport,gulfprt
birthplace,55127,gulfport,gulfpot
birthplace,55478,gulfport,guflport
birthplace,56191,gulfport,gulfprot
birthplace,56610,gulfport,gulfpotr
birthplace,56785,gulfport,gulfporst
birthplace,56864,gulfport,guslfport
birthplace,56892,gulfport,gulgfport
birthplace,57006,gulfport,gulfpotr
birthplace,57115,gulfport,gulfprot
birthplace,57449,gulfport,ulfport
birthplace,57502,gulfport,glfport
birthplace,57580,gulfport,gulfporyt
birthplace,57717,gulfport,gulfpzort
birthplace,58426,gulfport,gulufport
birthplace,58753,gulfport,guldfport
birthplace,59553,gulfport,gulfprot
birthplace,59657,gulfport,glfport
birthplace,59687,gulfport,gulfoprt
birthplace,59964,gulfport,gulfhport
birthplace,60137,gulfport,ulfport
birthplace,60169,gulfport,gulfoprt
birthplace,60235,gulfport,glufport
birthplace,60287,gulfport,gulfpotrt
birthplace,60394,gulfport,gulgfport
birthplace,60463,gulfport,gulfprt
birthplace,60467,gulfport,gulfporrt
birthplace,60575,gulfport,gulfuport
birthplace,60622,gulfport,guflport
birthplace,61012,gulfport,gulpfort
birthplace,61057,gulfport,gulfoprt
birthplace,61062,gulfport,gulfpozrt
birthplace,61101,gulfport,gulfort
birthplace,61127,gulfport,gufport
birthplace,61159,gulfport,guflport
birthplace,61526,gulfport,gulfprt
birthplace,61751,gulfport,guclfport
birthplace,61869,gulfport,glfport
birthplace,61937,gulfport,gulfoprt
birthplace,62210,gulfport,uglfport
birthplace,62384,gulfport,gulfprot
birthplace,62889,gulfport,agulfport
birthplace,63096,gulfport,gulfpotrt
birthplace,63124,gulfport,gufport
birthplace,63139,gulfport,guldfport
birthplace,63409,gulfport,qgulfport
birthplace,63597,gulfport,guglfport
birthplace,63813,gulfport,gulkfport
birthplace,63988,gulfport,gzulfport
birthplace,64270,gulfport,gulfpoqrt
birthplace,64612,gulfport,gulfprt
birthplace,64654,gulfport,gufport
birthplace,64662,gulfport,guslfport
birthplace,64842,gulfport,wgulfport
birthplace,64855,gulfport,gulfort
birthplace,64970,gulfport,glfport
birthplace,65435,gulfport,uglfport
birthplace,65779,gulfport,gfulfport
birthplace,66114,gulfport,gulport
birthplace,66120,gulfport,gulpfort
birthplace,66135,gulfport,gulfyport
birthplace,66462,gulfport,gulfprot
birthplace,66942,gulfport,gulpfort
birthplace,67567,gulfport,gulport
birthplace,67642,gulfport,lgulfport
birthplace,67793,gulfport,gulfoprt
birthplace,68041,gulfport,gulfoprt
birthplace,68728,gulfport,glufport
birthplace,68778,gulfport,gulfpot
birthplace,68925,gulfport,glfport
birthplace,69658,gulfport,gulpfort
birthplace,70206,gulfport,guklfport
birthplace,70421,gulfport,uglfport
birthplace,70437,gulfport,nan
birthplace,70630,gulfport,gulfporxt
birthplace,70820,gulfport,ogulfport
birthplace,70869,gulfport,gulport
birthplace,71137,gulfport,glfport
birthplace,71347,gulfport,gulfoprt
birthplace,71716,gulfport,gulpfort
birthplace,71782,gulfport,ulfport
birthplace,71823,gulfport,gulport
birthplace,71836,gulfport,guclfport
birthplace,72162,gulfport,ygulfport
birthplace,72190,gulfport,glufport
birthplace,72200,gulfport,gulfpotr
birthplace,72901,gulfport,guvlfport
birthplace,72971,gulfport,ulfport
birthplace,73135,gulfport,gufport
birthplace,73306,gulfport,gulfprt
birthplace,73397,gulfport,gulfort
birthplace,73788,gulfport,glfport
birthplace,73844,gulfport,gulfpotr
birthplace,73922,gulfport,guelfport
birthplace,74124,gulfport,gulfpxort
birthplace,74305,gulfport,gulfwport
birthplace,74521,gulfport,gdulfport
birthplace,74600,gulfport,nan
birthplace,74953,gulfport,gulfort
birthplace,74979,gulfport,gulvfport
birthplace,74996,gulfport,gulfoprt
birthplace,75066,gulfport,uglfport
birthplace,75193,gulfport,gulvfport
birthplace,75204,gulfport,gulfpot
birthplace,75218,gulfport,gulfpovrt
birthplace,75335,gulfport,uglfport
birthplace,75569,gulfport,ugulfport
birthplace,75580,gulfport,gulkfport
birthplace,75833,gulfport,gulfporat
birthplace,76244,gulfport,gulfpoort
birthplace,76398,gulfport,nan
birthplace,76455,gulfport,ulfport
birthplace,76574,gulfport,gulfprt
birthplace,76650,gulfport,gulfprot
birthplace,76662,gulfport,gulfprt
birthplace,76701,gulfport,gulxfport
birthplace,76737,gulfport,gulsfport
birthplace,77026,gulfport,ulfport
birthplace,77107,gulfport,gulfpotr
birthplace,77108,gulfport,glfport
birthplace,77214,gulfport,ulfport
birthplace,77387,gulfport,ulfport
birthplace,77420,gulfport,gulfoprt
birthplace,77474,gulfport,gulrfport
birthplace,77754,gulfport,guplfport
birthplace,77885,gulfport,gulfoprt
birthplace,77900,gulfport,gulfpotr
birthplace,78164,gulfport,gulfpot
birthplace,78686,gulfport,gzulfport
birthplace,78820,gulfport,gulfoprt
birthplace,78923,gulfport,gulfprot
birthplace,79081,gulfport,ulfport
birthplace,79530,gulfport,gulfpowrt
birthplace,79982,gulfport,gufport
birthplace,80015,gulfport,gulfpohrt
birthplace,80182,gulfport,ulfport
birthplace,80194,gulfport,ulfport
birthplace,80606,gulfport,gulfprt
birthplace,80840,gulfport,gulfpoprt
birthplace,81174,gulfport,gulpfort
birthplace,81336,gulfport,ugulfport
birthplace,81477,gulfport,guglfport
birthplace,81658,gulfport,gulfprot
birthplace,82178,gulfport,gulfpot
birthplace,82566,gulfport,gulfpoart
birthplace,82572,gulfport,glufport
birthplace,82636,gulfport,gulfporht
birthplace,82856,gulfport,glfport
birthplace,82968,gulfport,gufport
birthplace,82970,gulfport,guflport
birthplace,83021,gulfport,ulfport
birthplace,83108,gulfport,gulfoprt
birthplace,83255,gulfport,gufport
birthplace,83322,gulfport,gulfbport
birthplace,83376,gulfport,ulfport
birthplace,83574,gulfport,guylfport
birthplace,83629,gulfport,guflport
birthplace,83928,gulfport,guclfport
birthplace,84150,gulfport,gulfcport
birthplace,84155,gulfport,gulfpokrt
birthplace,84685,gulfport,gulfprt
birthplace,84725,gulfport,gdulfport
birthplace,84750,gulfport,ulfport
birthplace,84759,gulfport,gulfpot
birthplace,85237,gulfport,gulfpotr
birthplace,85325,gulfport,gulfpormt
birthplace,85534,gulfport,uglfport
birthplace,85572,gulfport,gulfxport
birthplace,85795,gulfport,gculfport
birthplace,86192,gulfport,gulfpogrt
birthplace,86400,gulfport,gulport
birthplace,86763,gulfport,ulfport
birthplace,86767,gulfport,gulfpotr
birthplace,86921,gulfport,gulfoprt
birthplace,87467,gulfport,gulfprot
birthplace,87850,gulfport,gulfoprt
birthplace,87893,gulfport,ulfport
birthplace,88008,gulfport,gulfpzort
birthplace,88244,gulfport,gufport
birthplace,88584,gulfport,gulfprot
birthplace,88796,gulfport,gulfort
birthplace,88811,gulfport,gulfprt
birthplace,89566,gulfport,ulfport
birthplace,89568,gulfport,gulfpfort
birthplace,89913,gulfport,gpulfport
birthplace,90411,gulfport,guflport
birthplace,90672,gulfport,guclfport
birthplace,90952,gulfport,gulfprt
birthplace,91147,gulfport,gdulfport
birthplace,91348,gulfport,glufport
birthplace,91360,gulfport,gufport
birthplace,91449,gulfport,bgulfport
birthplace,91530,gulfport,guglfport
birthplace,91592,gulfport,uglfport
birthplace,91731,gulfport,glufport
birthplace,91899,gulfport,ulfport
birthplace,91986,gulfport,gulfpport
birthplace,92327,gulfport,ulfport
birthplace,92340,gulfport,uglfport
birthplace,92453,gulfport,glfport
birthplace,92498,gulfport,uglfport
birthplace,92503,gulfport,gulfort
birthplace,92516,gulfport,glufport
birthplace,92745,gulfport,fgulfport
birthplace,92755,gulfport,gulkfport
birthplace,93167,gulfport,glufport
birthplace,93313,gulfport,ygulfport
birthplace,93830,gulfport,gufport
birthplace,94003,gulfport,gulfporqt
birthplace,94224,gulfport,hgulfport
birthplace,94746,gulfport,gulfpojrt
birthplace,94844,gulfport,ulfport
birthplace,95060,gulfport,gulfoprt
birthplace,95106,gulfport,gulfporct
birthplace,95973,gulfport,gulport
birthplace,96152,gulfport,ulfport
birthplace,96474,gulfport,gulfoprt
birthplace,96507,gulfport,gulfpiort
birthplace,96972,gulfport,gulfpsort
birthplace,96991,gulfport,glufport
birthplace,97703,gulfport,glufport
birthplace,97910,gulfport,gulfoprt
birthplace,98141,gulfport,kgulfport
birthplace,98321,gulfport,gulport
birthplace,98343,gulfport,gulport
birthplace,98387,gulfport,gulfoprt
birthplace,99088,gulfport,gulfprt
birthplace,99464,gulfport,ulfport
birthplace,99622,gulfport,guflport
birthplace,99685,gulfport,guflport
birthplace,99693,gulfport,gulfprot
birthplace,99740,gulfport,gulfort
birthplace,100031,gulfport,gulfpsort
birthplace,100122,gulfport,ulfport
birthplace,100256,gulfport,gulfpotr
birthplace,100397,gulfport,gufport
birthplace,100587,gulfport,ulfport
birthplace,100720,gulfport,gulfoprt
birthplace,100906,gulfport,gulfzport
birthplace,101137,gulfport,ulfport
birthplace,101205,gulfport,gulyfport
birthplace,101287,gulfport,gulfpotr
birthplace,101430,gulfport,glufport
birthplace,102326,gulfport,gulfpot
birthplace,102459,gulfport,gulfort
birthplace,102535,gulfport,gufport
birthplace,102646,gulfport,glufport
birthplace,103167,gulfport,gulfpoart
birthplace,103268,gulfport,gulfprt
birthplace,103737,gulfport,ulfport
birthplace,103968,gulfport,ulfport
birthplace,104044,gulfport,uglfport
birthplace,104211,gulfport,gulfpoart
birthplace,104359,gulfport,ulfport
birthplace,104432,gulfport,gufport
birthplace,104577,gulfport,gulffport
birthplace,104590,gulfport,gulfoprt
birthplace,104802,gulfport,gulfprot
birthplace,104981,gulfport,glfport
birthplace,105188,gulfport,gulfpodrt
birthplace,105196,gulfport,gulfoport
birthplace,105384,gulfport,gulpfort
birthplace,105527,gulfport,gulfdport
birthplace,105620,gulfport,ulfport
birthplace,105634,gulfport,gulfpotr
birthplace,105715,gulfport,gulfporqt
birthplace,106074,gulfport,gulfort
birthplace,106222,gulfport,gulfpotr
birthplace,106651,gulfport,gulfpordt
birthplace,106660,gulfport,gulfiport
birthplace,106681,gulfport,ulfport
birthplace,106706,gulfport,guqlfport
birthplace,106913,gulfport,gulfporft
birthplace,107168,gulfport,uglfport
birthplace,107429,gulfport,ngulfport
birthplace,107932,gulfport,gulfpeort
birthplace,107951,gulfport,guflport
birthplace,108129,gulfport,gulfpotr
birthplace,108489,gulfport,uglfport
birthplace,108595,gulfport,gulport
birthplace,108654,gulfport,uglfport
birthplace,108851,gulfport,glufport
birthplace,108925,gulfport,gulport
birthplace,108988,gulfport,gulfpolrt
birthplace,109413,gulfport,guflport
birthplace,109624,gulfport,gulfporft
birthplace,109730,gulfport,gulfoprt
birthplace,109893,gulfport,gulifport
birthplace,110090,gulfport,gulfprot
birthplace,110365,gulfport,gulyfport
birthplace,110620,gulfport,ulfport
birthplace,110678,gulfport,gulfprt
birthplace,110792,gulfport,gulfporpt
birthplace,110911,gulfport,gulpfort
birthplace,111105,gulfport,glfport
birthplace,111130,gulfport,gulfprt
birthplace,111376,gulfport,gulfpot
birthplace,112121,gulfport,gulfort
birthplace,112399,gulfport,gulfpotr
birthplace,112688,gulfport,gulfpogrt
birthplace,112930,gulfport,gulfpotr
birthplace,113098,gulfport,gulfmport
birthplace,113100,gulfport,ulfport
birthplace,113102,gulfport,gulfprot
birthplace,113160,gulfport,gulzfport
birthplace,113163,gulfport,gulfort
birthplace,113353,gulfport,gufport
birthplace,113575,gulfport,guklfport
birthplace,113838,gulfport,wgulfport
birthplace,114212,gulfport,gulfpot
birthplace,114605,gulfport,glfport
birthplace,114663,gulfport,gulfpotr
birthplace,114781,gulfport,gulfxport
birthplace,115051,gulfport,gulfsport
birthplace,115206,gulfport,ulfport
birthplace,115366,gulfport,gulport
birthplace,115393,gulfport,glfport
birthplace,115639,gulfport,gulfprot
birthplace,115914,gulfport,gulffport
birthplace,116007,gulfport,ulfport
birthplace,116197,gulfport,gulfpot
birthplace,116202,gulfport,glfport
birthplace,116425,gulfport,gulpfort
birthplace,116723,gulfport,gtulfport
birthplace,117367,gulfport,ulfport
birthplace,117586,gulfport,gufport
birthplace,117597,gulfport,gulfoprt
birthplace,117649,gulfport,gulport
birthplace,117796,gulfport,gulport
birthplace,118339,gulfport,glufport
birthplace,118652,gulfport,gulyfport
birthplace,118722,gulfport,gulport
birthplace,118868,gulfport,gulfpotr
birthplace,119280,gulfport,ulfport
birthplace,119561,gulfport,glufport
birthplace,119897,gulfport,gufport
birthplace,119927,gulfport,gulfpot
birthplace,120215,gulfport,gulpfort
birthplace,120636,gulfport,gulfpsort
birthplace,120712,gulfport,guklfport
birthplace,120748,gulfport,gulfprot
birthplace,120941,gulfport,gulfporgt
birthplace,121503,gulfport,kgulfport
birthplace,122003,gulfport,gulfort
birthplace,122263,gulfport,gulfqport
birthplace,122303,gulfport,gulfpogrt
birthplace,122328,gulfport,gulfpwort
birthplace,122456,gulfport,glufport
birthplace,122984,gulfport,gulfoprt
birthplace,122998,gulfport,gufport
birthplace,123124,gulfport,gulfpotr
birthplace,123170,gulfport,gulfpqort
birthplace,123355,gulfport,guulfport
birthplace,123424,gulfport,gulport
birthplace,123951,gulfport,ulfport
birthplace,124177,gulfport,glfport
birthplace,124459,gulfport,ulfport
birthplace,124538,gulfport,guljfport
birthplace,124647,gulfport,guflport
birthplace,124793,gulfport,gufport
birthplace,124891,gulfport,gulfpeort
birthplace,124960,gulfport,guflport
birthplace,125348,gulfport,guflport
birthplace,125355,gulfport,glfport
birthplace,125568,gulfport,gufport
birthplace,125736,gulfport,ulfport
birthplace,125890,gulfport,gulfoprt
birthplace,125948,gulfport,gulfprot
birthplace,126078,gulfport,guhlfport
birthplace,126171,gulfport,gufport
birthplace,126750,gulfport,glfport
birthplace,126849,gulfport,gulfgport
birthplace,127025,gulfport,gulfort
birthplace,127145,gulfport,gwulfport
birthplace,127567,gulfport,nan
birthplace,127740,gulfport,gulfpotr
birthplace,127772,gulfport,gulport
birthplace,127861,gulfport,uglfport
birthplace,128161,gulfport,gulfphort
birthplace,128374,gulfport,uglfport
birthplace,128400,gulfport,ulfport
birthplace,128541,gulfport,uglfport
birthplace,128584,gulfport,rgulfport
birthplace,128631,gulfport,gulfprot
birthplace,128737,gulfport,gulfprot
birthplace,128763,gulfport,gulfpotr
birthplace,128867,gulfport,gulfort
birthplace,129597,gulfport,gulfpsort
birthplace,129709,gulfport,gulfpot
birthplace,129803,gulfport,gulfoprt
birthplace,129857,gulfport,ulfport
birthplace,129963,gulfport,gulfpotr
birthplace,130247,gulfport,ulfport
birthplace,130328,gulfport,gulfprt
birthplace,130354,gulfport,gulfbport
birthplace,130573,el,le
birthplace,130937,gulfport,uglfport
birthplace,131024,gulfport,gulfporxt
birthplace,131685,gulfport,gculfport
birthplace,132008,gulfport,gulfpogrt
birthplace,132376,gulfport,glufport
birthplace,132649,gulfport,gulfoprt
birthplace,132666,gulfport,gulport
birthplace,132702,gulfport,gufport
birthplace,132786,gulfport,glufport
birthplace,132791,gulfport,nan
birthplace,133160,gulfport,gulfprt
birthplace,133366,gulfport,guylfport
birthplace,133393,gulfport,gulport
birthplace,133857,gulfport,gulfprt
birthplace,133977,gulfport,gulfpotr
birthplace,134074,gulfport,glfport
birthplace,134187,gulfport,gulport
birthplace,134814,gulfport,gulfort
birthplace,134815,gulfport,ulfport
birthplace,135031,gulfport,gulfpotr
birthplace,135046,gulfport,gulfpotr
birthplace,135070,gulfport,wgulfport
birthplace,135264,gulfport,uglfport
birthplace,135479,gulfport,ulfport
birthplace,135654,gulfport,gulfprot
birthplace,135656,gulfport,gulfporgt
birthplace,135763,gulfport,gulfgport
birthplace,135976,gulfport,sgulfport
birthplace,136043,gulfport,gulfort
birthplace,136136,gulfport,guulfport
birthplace,136292,gulfport,gulfporzt
birthplace,136339,gulfport,gulwfport
birthplace,136341,gulfport,gulfpot
birthplace,136555,gulfport,gujlfport
birthplace,137390,gulfport,glufport
birthplace,137589,gulfport,gulfprot
birthplace,137797,gulfport,gulfpotr
birthplace,137975,gulfport,uglfport
birthplace,137982,gulfport,glfport
birthplace,138351,gulfport,glfport
birthplace,138451,el,fel
birthplace,138909,gulfport,gulfxport
birthplace,139053,gulfport,glfport
birthplace,139138,gulfport,uglfport
birthplace,139220,gulfport,xgulfport
birthplace,139363,gulfport,uglfport
birthplace,139569,gulfport,gulfprt
birthplace,139854,gulfport,gulfpotr
birthplace,139901,gulfport,ulfport
birthplace,140008,gulfport,gulfprot
birthplace,140553,gulfport,gulfort
birthplace,141653,gulfport,ulfport
birthplace,141779,gulfport,gulpfort
birthplace,141888,gulfport,gulfpotr
birthplace,142006,gulfport,uglfport
birthplace,142063,gulfport,ulfport
birthplace,142683,gulfport,ulfport
birthplace,143060,gulfport,gublfport
birthplace,143145,gulfport,gulfprot
birthplace,143163,gulfport,gulfpotr
birthplace,143252,gulfport,glfport
birthplace,143653,gulfport,gbulfport
birthplace,143960,gulfport,gulfpoxrt
birthplace,144074,gulfport,gulfpobrt
birthplace,144226,gulfport,gulfpot
birthplace,144902,gulfport,gulffport
birthplace,145448,gulfport,gulvfport
birthplace,145613,gulfport,gulpfort
birthplace,146084,gulfport,guflport
birthplace,146119,gulfport,gufport
birthplace,146396,gulfport,gulfcport
birthplace,146666,gulfport,glfport
birthplace,146721,gulfport,gulpfort
birthplace,146782,gulfport,gulfpot
birthplace,147482,gulfport,xgulfport
birthplace,147581,gulfport,glufport
birthplace,147655,gulfport,glufport
birthplace,147713,gulfport,gulfmport
birthplace,148004,gulfport,gulfpkort
birthplace,148061,gulfport,gulfgport
birthplace,148089,gulfport,gulfort
birthplace,148815,gulfport,gulfprot
birthplace,149600,gulfport,guflport
birthplace,149740,gulfport,gulport
birthplace,150195,gulfport,gulfort
birthplace,150997,gulfport,gulfprot
birthplace,151084,gulfport,guplfport
birthplace,151446,gulfport,gulfpotr
birthplace,151633,gulfport,guclfport
birthplace,151786,gulfport,ulfport
birthplace,152446,gulfport,gulfpormt
birthplace,152503,gulfport,uglfport
birthplace,152825,gulfport,gulfpotr
birthplace,153475,gulfport,gulfpot
birthplace,153479,gulfport,gulfpourt
birthplace,153494,gulfport,ulfport
birthplace,153527,gulfport,gulfprort
birthplace,153611,gulfport,gulfprot
birthplace,153640,gulfport,gulfjport
birthplace,153821,gulfport,egulfport
birthplace,153965,gulfport,guclfport
birthplace,154151,gulfport,gulfxport
birthplace,154259,gulfport,gulfoprt
birthplace,154287,gulfport,gulfort
birthplace,154660,gulfport,gufport
birthplace,155127,gulfport,gulfoprt
birthplace,155478,gulfport,gulfpotr
birthplace,156191,gulfport,gulpfort
birthplace,156610,gulfport,gulfporrt
birthplace,156785,gulfport,gulfpordt
birthplace,156864,gulfport,uglfport
birthplace,156892,gulfport,gunlfport
birthplace,157006,gulfport,ulfport
birthplace,157115,gulfport,glufport
birthplace,157449,gulfport,gulfpotr
birthplace,157502,gulfport,glfport
birthplace,157580,gulfport,gulzfport
birthplace,157717,gulfport,ulfport
birthplace,158426,gulfport,gulfpgort
birthplace,158753,gulfport,gulpfort
birthplace,159553,gulfport,gulafport
birthplace,159657,gulfport,gulfpocrt
birthplace,159687,gulfport,gulfprt
birthplace,159964,gulfport,gulfort
birthplace,160137,gulfport,glfport
birthplace,160169,gulfport,ulfport
birthplace,160235,gulfport,gkulfport
birthplace,160287,gulfport,gulfpfort
birthplace,160394,gulfport,uglfport
birthplace,160463,gulfport,gulfptort
birthplace,160467,gulfport,gufport
birthplace,160575,gulfport,gtulfport
birthplace,160622,gulfport,gulfptort
birthplace,161012,gulfport,gulfpotr
birthplace,161057,gulfport,glufport
birthplace,161062,gulfport,nan
birthplace,161101,gulfport,gulfpxort
birthplace,161127,gulfport,guflport
birthplace,161159,gulfport,gulfprt
birthplace,161526,gulfport,gulfprt
birthplace,161751,gulfport,glfport
birthplace,161869,gulfport,gulfpot
birthplace,161937,gulfport,ulfport
birthplace,162210,gulfport,ulfport
birthplace,162384,gulfport,uglfport
birthplace,162889,gulfport,glufport
birthplace,163096,gulfport,gulfprt
birthplace,163124,gulfport,gulfpodrt
birthplace,163139,gulfport,glfport
birthplace,163409,gulfport,egulfport
birthplace,163597,gulfport,gulfoprt
birthplace,163813,gulfport,pgulfport
birthplace,163988,gulfport,guqlfport
birthplace,164270,gulfport,nan
birthplace,164612,gulfport,uglfport
birthplace,164654,gulfport,guxlfport
birthplace,164662,gulfport,gulfpotr
birthplace,164842,gulfport,gulfpotr
birthplace,164855,gulfport,rgulfport
birthplace,164970,gulfport,gulfpobrt
birthplace,165435,gulfport,gulfort
birthplace,165779,gulfport,gulport
birthplace,166114,gulfport,gulfpotr
birthplace,166120,gulfport,gulfpot
birthplace,166135,gulfport,ulfport
birthplace,166462,gulfport,gvulfport
birthplace,166942,gulfport,ulfport
birthplace,167567,gulfport,gulfprt
birthplace,167642,gulfport,gulfplort
birthplace,167793,gulfport,gulpfort
birthplace,168041,gulfport,gulfphort
birthplace,168728,gulfport,gulfpozrt
birthplace,168778,gulfport,pgulfport
birthplace,168925,gulfport,gulfmport
birthplace,169658,gulfport,geulfport
birthplace,170206,gulfport,glfport
birthplace,170421,gulfport,gulfort
birthplace,170437,gulfport,gulfporct
birthplace,170630,gulfport,gulport
birthplace,170820,gulfport,glufport
birthplace,170869,gulfport,gsulfport
birthplace,171137,gulfport,gulfoport
birthplace,171347,gulfport,gulfpotr
birthplace,171716,gulfport,gulfort
birthplace,171782,gulfport,giulfport
birthplace,171823,gulfport,glfport
birthplace,171836,gulfport,gulfpobrt
birthplace,172162,gulfport,glufport
birthplace,172190,gulfport,gvulfport
birthplace,172200,gulfport,gulfpot
birthplace,172901,gulfport,gulfpotr
birthplace,172971,gulfport,gulfprot
birthplace,173135,gulfport,gulfort
birthplace,173306,gulfport,glfport
birthplace,173397,gulfport,gulfporvt
birthplace,173788,gulfport,guflport
birthplace,173844,gulfport,gulfpotr
birthplace,173922,gulfport,gulfoprt
birthplace,174124,gulfport,gulport
birthplace,174305,gulfport,gulfpotr
birthplace,174521,gulfport,gulfpoert
birthplace,174600,gulfport,goulfport
birthplace,174953,gulfport,gulfoprt
birthplace,174979,gulfport,gulfprot
birthplace,174996,gulfport,gtulfport
birthplace,175066,gulfport,gulfporbt
birthplace,175193,gulfport,gxulfport
birthplace,175204,gulfport,gulfpot
birthplace,175218,gulfport,gulfprt
birthplace,175335,gulfport,guflport
birthplace,175569,gulfport,glfport
birthplace,175580,gulfport,gulfpotr
birthplace,175833,gulfport,guflport
birthplace,176244,gulfport,gufport
birthplace,176398,gulfport,guflport
birthplace,176455,gulfport,gulport
birthplace,176574,gulfport,glfport
birthplace,176650,gulfport,uglfport
birthplace,176662,gulfport,gulpfort
birthplace,176701,gulfport,uglfport
birthplace,176737,gulfport,ngulfport
birthplace,177026,gulfport,gufport
birthplace,177107,gulfport,uglfport
birthplace,177108,gulfport,gulfprt
birthplace,177214,gulfport,gulfpotr
birthplace,177387,gulfport,gulpfort
birthplace,177420,gulfport,gulfporat
birthplace,177474,gulfport,uglfport
birthplace,177754,gulfport,gufport
birthplace,177885,gulfport,dgulfport
birthplace,177900,gulfport,gulfbport
birthplace,178164,gulfport,guflport
birthplace,178686,gulfport,glufport
birthplace,178820,gulfport,glfport
birthplace,178923,gulfport,gufport
birthplace,179081,gulfport,gulmfport
birthplace,179530,gulfport,gulfoprt
birthplace,179982,gulfport,gulfort
birthplace,180015,gulfport,gulfprt
birthplace,180182,gulfport,gulfpotr
birthplace,180194,gulfport,glufport
birthplace,180606,gulfport,tgulfport
birthplace,180840,gulfport,ulfport
birthplace,181174,gulfport,gufport
birthplace,181336,gulfport,gulfpoort
birthplace,181477,gulfport,gulfort
birthplace,181658,gulfport,guflport
birthplace,182178,gulfport,gufport
birthplace,182566,gulfport,gulfoprt
birthplace,182572,gulfport,gulfprt
birthplace,182636,gulfport,gulfort
birthplace,182856,gulfport,gulfpzort
birthplace,182968,gulfport,gulpfort
birthplace,182970,gulfport,gulfpotr
birthplace,183021,gulfport,ulfport
birthplace,183108,gulfport,gulfort
birthplace,183255,gulfport,giulfport
birthplace,183322,gulfport,gurlfport
birthplace,183376,gulfport,gulfpotr
birthplace,183574,gulfport,gulport
birthplace,183629,gulfport,gulxfport
birthplace,183928,gulfport,gulfpot
birthplace,184150,gulfport,guflport
birthplace,184155,gulfport,glfport
birthplace,184685,gulfport,gulfpsort
birthplace,184725,gulfport,gulport
birthplace,184750,gulfport,ulfport
birthplace,184759,gulfport,gulfpkort
birthplace,185237,gulfport,guxlfport
birthplace,185325,gulfport,guelfport
birthplace,185534,gulfport,gulfpeort
birthplace,185572,gulfport,gulfoprt
birthplace,185795,gulfport,guflport
birthplace,186192,gulfport,ulfport
birthplace,186400,gulfport,gulfpotr
birthplace,186763,gulfport,gulfoprt
birthplace,186767,gulfport,guflport
birthplace,186921,gulfport,gulfprt
birthplace,187467,gulfport,ggulfport
birthplace,187850,gulfport,ulfport
birthplace,187893,gulfport,guflport
birthplace,188008,gulfport,gulfpotr
birthplace,188244,gulfport,gublfport
birthplace,188584,gulfport,gulfprt
birthplace,188796,gulfport,gufport
birthplace,188811,gulfport,gulwfport
birthplace,189566,gulfport,gulport
birthplace,189568,gulfport,gulfprt
birthplace,189913,gulfport,gulport
birthplace,190411,gulfport,gulport
birthplace,190672,gulfport,gulfprot
birthplace,190952,gulfport,gulfpozrt
birthplace,191147,gulfport,ulfport
birthplace,191348,gulfport,gulfpot
birthplace,191360,gulfport,ulfport
birthplace,191449,gulfport,gulfporwt
birthplace,191530,gulfport,glfport
birthplace,191592,gulfport,gfulfport
birthplace,191731,gulfport,uglfport
birthplace,191899,gulfport,gulftport
birthplace,191986,gulfport,ulfport
birthplace,192327,gulfport,gulfpozrt
birthplace,192340,gulfport,gulfpwort
birthplace,192453,gulfport,guflport
birthplace,192498,gulfport,ulfport
birthplace,192503,gulfport,gulfpoprt
birthplace,192516,gulfport,gulfoprt
birthplace,192745,gulfport,gulfpot
birthplace,192755,gulfport,gulfprt
birthplace,193167,gulfport,gulfpojrt
birthplace,193313,gulfport,ulfport
birthplace,193830,gulfport,gufport
birthplace,194003,gulfport,gulfprot
birthplace,194224,gulfport,gulfoprt
birthplace,194746,gulfport,gufport
birthplace,194844,gulfport,uglfport
birthplace,195060,gulfport,gulfeport
birthplace,195106,gulfport,gulfort
birthplace,195973,gulfport,gulport
birthplace,196152,gulfport,guflport
birthplace,196474,gulfport,ulfport
birthplace,196507,gulfport,ulfport
birthplace,196972,gulfport,hgulfport
birthplace,196991,gulfport,gulfprot
birthplace,197703,gulfport,guflport
birthplace,197910,gulfport,glufport
birthplace,198141,gulfport,gulnfport
birthplace,198321,gulfport,gulfort
birthplace,198343,gulfport,gulfprt
birthplace,198387,gulfport,ulfport
birthplace,199088,gulfport,ulfport
birthplace,199464,gulfport,gulport
birthplace,199622,gulfport,uglfport
birthplace,199685,gulfport,gualfport
birthplace,199693,gulfport,gulfoprt
birthplace,199740,gulfport,glufport
position,122,midfield,midfied
position,5715,defender,defedner
position,6074,defender,detfender
position,6651,defender,deender
position,6706,defender,dfeender
position,6913,defender,defener
position,7429,defender,defneder
position,7932,defender,deefnder
position,8489,defender,defedner
position,8654,defender,deender
position,8988,defender,defwender
position,9413,defender,defendesr
position,9624,defender,dfender
position,10090,defender,defedner
position,10620,defender,defeder
position,10678,defender,efender
position,12121,defender,depfender
position,12930,defender,delfender
position,13102,defender,efender
position,13163,defender,defnder
position,13353,defender,defendre
position,14212,defender,defenyder
position,14605,defender,defendegr
position,14663,defender,defendre
position,15051,defender,defener
position,15366,defender,edfender
position,15393,defender,defendre
position,15914,defender,edfender
position,16007,defender,defentder
position,16197,defender,dexfender
position,17367,defender,defendre
position,17586,defender,efender
position,17796,defender,defendler
position,19927,defender,defendfer
position,20215,defender,defendre
position,20712,defender,defendre
position,21503,defender,dfeender
position,22003,defender,defneder
position,22263,defender,deefnder
position,22303,defender,defeander
position,22998,defender,diefender
position,23124,defender,defendr
position,23951,defender,defendr
position,24647,defender,defendecr
position,24891,defender,deefnder
position,25568,defender,defendre
position,25736,defender,defendre
position,25890,defender,dedfender
position,26171,defender,dvefender
position,27025,defender,defeder
position,27740,defender,defnder
position,27772,defender,midfield
position,28400,defender,deender
position,28541,defender,dfeender
position,28737,defender,edfender
position,28867,defender,defevnder
position,29709,defender,defnder
position,29857,defender,defrender
position,29963,defender,defenader
position,30328,defender,defendre
position,30354,defender,defener
position,31685,defender,edfender
position,32666,defender,defenider
position,33366,defender,defnder
position,33393,defender,defepnder
position,33857,defender,deender
position,34187,defender,defendesr
position,34814,defender,efender
position,35031,defender,defenduer
position,35070,defender,defeander
position,35264,defender,defeder
position,35656,defender,cdefender
position,35976,defender,defener
position,36292,defender,deender
position,36339,defender,deender
position,36341,defender,deender
position,37797,defender,defendre
position,39053,defender,dfeender
position,39220,defender,dfender
position,39363,defender,zdefender
position,40553,defender,midfield
position,41888,defender,edfender
position,42063,defender,defnder
position,42683,defender,efender
position,43145,defender,deender
position,43163,defender,deefnder
position,43960,defender,defener
position,44074,defender,defener
position,44226,defender,efender
position,46396,defender,deffender
position,46666,defender,defendrer
position,46782,defender,defbender
position,47713,defender,defendre
position,48089,defender,dejfender
position,50997,defender,defener
position,51084,defender,deender
position,52446,defender,defendre
position,52503,defender,defendre
position,53479,defender,defendre
position,53494,defender,defenedr
position,53527,defender,edfender
position,53611,defender,defendre
position,53821,defender,defendre
position,53965,defender,defendre
position,54259,defender,defenader
position,54660,defender,dqefender
position,55478,defender,defneder
position,56191,defender,dexfender
position,56610,midfield,midfielsd
position,57006,defender,defeder
position,57115,defender,vdefender
position,57580,defender,efender
position,57717,defender,edfender
position,58426,defender,deffender
position,59657,defender,defendre
position,60169,defender,defefnder
position,60287,defender,efender
position,60394,defender,defnder
position,60467,defender,defedner
position,61012,defender,deflender
position,61057,defender,defnder
position,61062,defender,efender
position,61101,defender,defendger
position,61127,defender,defendr
position,61159,defender,dsefender
position,61526,defender,defendre
position,62210,defender,defener
position,62889,defender,defxender
position,63597,defender,deefnder
position,63988,defender,defesnder
position,64612,defender,defendre
position,64662,defender,defendr
position,65435,defender,efender
position,65779,defender,edfender
position,66462,defender,defejnder
position,66942,defender,defendr
position,67567,defender,deefnder
position,67642,defender,dfeender
position,67793,defender,deender
position,68041,defender,defuender
position,70206,defender,defener
position,70421,defender,defoender
position,70820,midfield,mifield
position,71137,defender,dfeender
position,71347,defender,efender
position,71823,defender,defeder
position,71836,defender,defeynder
position,72190,defender,defkender
position,72901,defender,defneder
position,73135,defender,dfender
position,73844,defender,dfender
position,74124,defender,defendre
position,74521,defender,defenkder
position,74600,defender,deofender
position,74996,defender,defeder
position,75066,defender,defenbder
position,75193,defender,defenedr
position,75204,defender,dfeender
position,75569,defender,defendder
position,75833,defender,defendre
position,76398,defender,dejfender
position,76650,defender,defendr
position,76662,defender,defendre
position,77026,defender,defendepr
position,77108,defender,defendre
position,77387,defender,defeder
position,77420,defender,edfender
position,77754,defender,efender
position,77900,defender,defeder
position,78686,defender,zdefender
position,79081,defender,defendre
position,80606,defender,edfender
position,80840,defender,efender
position,81174,defender,edfender
position,81477,defender,defenrder
position,81658,defender,defendekr
position,82970,defender,defnder
position,83021,defender,drefender
position,83108,defender,defedner
position,83574,defender,efender
position,83629,defender,ddefender
position,83928,defender,defendear
position,84750,defender,defendre
position,85572,defender,efender
position,85795,defender,midfield
position,86192,defender,defener
position,86400,defender,defendre
position,86763,defender,dfeender
position,87467,defender,defener
position,87893,defender,defrender
position,88008,defender,defenedr
position,88584,defender,defeender
position,88796,defender,defenedr
position,89566,defender,defenfder
position,89568,defender,defener
position,90411,defender,defendr
position,90952,defender,defendr
position,91348,defender,udefender
position,91360,defender,sdefender
position,91530,defender,dfender
position,91592,defender,defener
position,91899,defender,deefnder
position,92340,defender,dfeender
position,92503,defender,defendler
position,92755,defender,vdefender
position,93167,defender,defendr
position,93313,defender,defendre
position,93830,defender,dqefender
position,94003,defender,defendxer
position,94224,defender,defnder
position,94844,defender,edfender
position,95106,defender,dfender
position,95973,defender,defneder
position,96507,defender,defedner
position,96972,defender,defendejr
position,99088,defender,deqfender
position,99464,defender,dfender
position,99622,defender,deefnder
position,99693,defender,defneder
position,100397,defender,defneder
position,100720,defender,defeqnder
position,101137,defender,defneder
position,101205,defender,edfender
position,101430,defender,efender
position,102459,defender,defneder
position,103268,defender,defendre
position,103737,defender,defennder
position,104044,defender,deflender
position,104211,defender,defendr
position,104432,defender,edfender
position,104577,defender,defehnder
position,104802,defender,defeder
position,105196,defender,defnder
position,105384,defender,deffender
position,105634,defender,defenedr
position,105715,defender,defeder
position,106074,defender,devfender
position,106651,defender,deefnder
position,106706,defender,deefnder
position,106913,defender,dyefender
position,107429,defender,defenfder
position,107932,defender,defeder
position,108489,defender,efender
position,108654,defender,deender
position,108988,defender,dehfender
position,109413,defender,efender
position,109624,defender,dfender
position,110090,defender,defendre
position,110620,defender,udefender
position,110678,defender,delfender
position,112121,defender,defendre
position,112930,defender,deefnder
position,113102,defender,defendre
position,113163,defender,edfender
position,113353,defender,defenedr
position,114212,defender,defendre
position,114605,defender,deffender
position,114663,defender,defeder
position,115051,defender,efender
position,115366,defender,deender
position,115393,defender,dejfender
position,115914,defender,dfender
position,116007,defender,defnender
position,116197,defender,defendre
position,117367,defender,defendber
position,117586,defender,defenkder
position,117796,defender,edfender
position,119927,defender,efender
position,120215,defender,efender
position,120712,defender,defefnder
position,121503,defender,drefender
position,122003,defender,defendre
position,122263,defender,derfender
position,122303,defender,deender
position,122998,defender,efender
position,123124,defender,delfender
position,123951,defender,defqender
position,124647,defender,edfender
position,124891,defender,defener
position,125568,defender,defendre
position,125736,defender,defendeur
position,125890,defender,defener
position,126171,defender,efender
position,127025,defender,defenfder
position,127740,defender,defendxer
position,127772,defender,drefender
position,128400,defender,defehnder
position,128541,defender,defmender
position,128737,defender,defeznder
position,128867,defender,efender
position,129709,defender,defendre
position,129857,defender,defendepr
position,129963,defender,defnder
position,130328,defender,dfender
position,130354,defender,deender
position,131685,defender,midfield
position,132666,defender,efender
position,133366,defender,defendqer
position,133393,defender,defeder
position,133857,defender,efender
position,134187,defender,defenhder
position,134814,defender,midfield
position,135031,defender,dfender
position,135070,defender,defneder
position,135264,defender,deender
position,135656,defender,defenwder
position,135976,defender,defeder
position,136292,defender,edfender
position,136339,defender,defnder
position,136341,defender,defedner
position,137797,defender,defendre
position,139053,defender,defenpder
position,139220,defender,defedner
position,139363,defender,efender
position,140553,defender,defmender
position,141888,defender,defneder
position,142063,defender,defeder
position,142683,defender,defeder
position,143145,defender,defengder
position,143163,defender,defnder
position,143960,defender,deqfender
position,144074,defender,efender
position,144226,defender,deender
position,146396,defender,duefender
position,146666,defender,deender
position,146782,defender,dfender
position,147713,defender,defnender
position,148089,defender,edfender
position,150997,defender,dfender
position,151084,defender,decfender
position,152446,defender,efender
position,152503,defender,defenedr
position,153479,defender,dfeender
position,153494,defender,deefnder
position,153527,defender,defneder
position,153611,defender,defnder
position,153821,defender,defneder
position,153965,defender,defnder
position,154259,defender,dfeender
position,154660,defender,dwefender
position,155478,defender,defendre
position,156191,defender,defedner
position,157006,defender,mdefender
position,157115,defender,defener
position,157580,defender,ddefender
position,157717,defender,defendenr
position,158426,defender,cdefender
position,159657,defender,efender
position,160169,defender,defnder
position,160287,defender,tdefender
position,160394,defender,dfender
position,160467,defender,defendr
position,161012,defender,deender
position,161057,defender,defendre
position,161062,defender,defenedr
position,161101,defender,defeender
position,161127,defender,defneder
position,161159,defender,defendcer
position,161526,defender,debfender
position,162210,defender,defendr
position,162889,defender,efender
position,163597,defender,defenedr
position,163988,defender,defendre
position,164612,defender,dfender
position,164662,defender,edfender
position,165435,defender,deefnder
position,165779,defender,dfeender
position,166462,defender,defnder
position,166942,defender,deyfender
position,167567,defender,deefnder
position,167642,defender,dsefender
position,167793,defender,dxefender
position,168041,defender,defeder
position,170206,defender,deender
position,170421,defender,defendre
position,171137,defender,defdender
position,171347,defender,defhender
position,171823,defender,defendwer
position,171836,defender,edfender
position,172190,defender,defmender
position,172901,defender,dfender
position,173135,defender,defendwer
position,173844,defender,dnefender
position,174124,defender,defeder
position,174521,defender,defednder
position,174600,defender,defendger
position,174996,defender,efender
position,175066,defender,defevnder
position,175193,defender,defener
position,175204,defender,dfeender
position,175569,defender,defneder
position,175833,defender,edfender
position,176398,defender,deefnder
position,176650,defender,defnder
position,176662,defender,defenkder
position,177026,defender,defendder
position,177108,defender,defnder
position,177387,defender,defkender
position,177420,defender,defenedr
position,177754,defender,defendre
position,177900,defender,defnder
position,178686,defender,defnder
position,179081,defender,defenjder
position,180606,defender,dfender
position,180840,defender,dgefender
position,181174,defender,wdefender
position,181477,defender,defenrder
position,181658,defender,bdefender
position,182970,defender,defendejr
position,183021,defender,efender
position,183108,defender,dtefender
position,183574,defender,deffender
position,183629,defender,deefnder
position,183928,defender,dfender
position,184750,defender,defneder
position,185572,defender,detfender
position,185795,defender,defneder
position,186192,defender,defendre
position,186400,defender,defernder
position,186763,defender,edfender
position,187467,defender,defeder
position,187893,defender,defeder
position,188008,defender,defnder
position,188584,defender,defendre
position,188796,defender,efender
position,189566,defender,edfender
position,189568,defender,defendr
position,190411,defender,edfender
position,190952,defender,defendre
position,191348,defender,defendr
position,191360,defender,defendr
position,191530,defender,defendelr
position,191592,defender,dvefender
position,191899,defender,defendre
position,192340,defender,defenpder
position,192503,defender,defeknder
position,192755,defender,defendr
position,193167,defender,defecnder
position,193313,defender,defendre
position,193830,defender,defendekr
position,194003,defender,ddefender
position,194224,defender,defendr
position,194844,defender,dewfender
position,195106,defender,debfender
position,195973,defender,defedner
position,196507,defender,deffender
position,196972,defender,defener
position,199088,defender,defendr
position,199464,defender,defedner
position,199622,defender,defenwder
position,199693,defender,defenedr
team,20941,valencia_cf,valenlcia_cf
team,80194,valencia_cf,vlencia_cf
team,108925,valencia_cf,valencia_scf
team,114605,sv_werder_bremen,svw_erder_bremen
team,120712,sv_werder_bremen,sv_werder_bremn
team,123124,sv_werder_bremen,sv_wedrer_bremen
team,163139,valencia_cf,valenia_cf
team,176244,valencia_cf,valencai_cf
team,177885,valencia_cf,alencia_cf
stadium,60467,boleyn_ground,boleyn_grond
stadium,80606,boleyn_ground,bolyn_ground
stadium,93830,boleyn_ground,boleyn_gronud
stadium,109624,boleyn_ground,bonleyn_ground
stadium,129857,boleyn_ground,boleynground
stadium,180015,constant_vanden_stock_stadium,constant_vanden_stcok_stadium
