index,tno,fname,lname,gender,areacode,phone,city,state,zip,maritalstatus,haschild,salary,rate,singleexemp,marriedexemp,childexemp
1,0,pengyuan,zendler,f,508,744-9007,swampscott,ma,1907,m,n,90000,5.3,0,7150,0
2,90,dung,pike,f,774,133-6113,bridgewater,ma,2325,s,n,55000,5.3,3575,0,0
3,100,uinam,hekken,f,339,769-6182,belmont,ma,2478,m,y,35000,5.3,0,7150,1000
4,102,baoquan,guha,f,339,730-7750,east walpole,ma,2032,s,y,40000,5.3,3575,0,1000
5,114,refael,hasida,f,939,677-3999,luquillo,pr,773,s,y,30000,0.0,0,0,0
6,120,kayo,haralick,f,339,730-9081,dorchester,ma,2125,m,y,40000,5.3,0,7150,1000
7,153,john,sherratt,m,978,184-9558,ocean bluff,ma,2065,s,n,60000,5.3,3575,0,0
8,162,taylor,sanada,f,787,500-5910,moca,pr,676,m,y,85000,0.0,0,0,0
9,206,suzan,duclos,f,252,664-5371,pawtucket,ri,2861,s,y,90000,0.0,0,0,0
10,220,anthong,huuskonen,m,939,661-2631,luquillo,pr,773,s,n,15000,0.0,0,0,0
11,243,sonoko,dam,f,939,206-1159,cabo rojo,pr,623,s,n,45000,0.0,0,0,0
12,279,imari,kleinjohann,f,252,143-3552,cumberland,ri,2864,s,y,30000,0.0,0,0,0
13,281,bilhanan,sione,f,774,767-4605,needham heights,ma,2494,m,n,15000,5.3,0,7150,0
14,293,xiannong,pinzani,m,339,361-4214,south dartmouth,ma,2748,s,n,30000,5.3,3575,0,0
15,296,humphrey,ramamoorthy,f,252,466-2957,clayville,ri,2815,m,n,90000,0.0,0,0,0
16,308,ljiljana,smeets,f,508,693-9220,agawam,ma,1001,m,y,45000,5.3,0,7150,1000
17,353,nitsan,ertl,m,351,912-9267,west warren,ma,1092,s,y,75000,5.3,3575,0,1000
18,357,ludwik,hamburg,m,978,529-7308,ashfield,ma,1330,m,y,5000,5.3,0,7150,1000
19,373,lein,ang,f,857,188-6322,holyoke,ma,1041,s,y,90000,5.3,355,0,1000
20,386,fernand,panagopoulou,f,508,205-7989,chicopee,ma,1013,m,y,90000,5.3,0,7150,1000
21,421,avadis,dattasharma,m,508,449-5112,accord,ma,2018,s,y,85000,5.3,3575,0,1000
22,430,toshifumi,leguy,f,939,334-4361,canovanas,pr,729,m,y,45000,0.0,0,0,0
23,432,houssem,sewry,m,252,266-7110,harrisville,ri,2830,s,n,55000,0.0,0,0,0
24,433,saydean,banare,m,508,137-3292,east weymouth,ma,2189,s,y,5000,5.3,3575,0,1000
25,486,staphane,spitz,f,774,393-2358,stow,ma,1775,m,n,50000,5.3,0,7150,0
26,495,hongwei,clo,m,413,475-1491,east falmouth,ma,2536,m,y,80000,5.3,0,7150,1000
27,502,paramsothy,orgass,f,774,823-8510,mill river,am,1244,m,y,10000,5.3,0,7150,1000
28,504,toshihiro,gerla,f,351,318-2767,boston,ma,2284,s,y,20000,5.3,3575,0,1000
29,549,gennaro,trumbly,m,787,595-5613,coto laurel,pr,780,s,y,15000,0.0,0,0,0
30,577,mel,kiesler,m,787,296-3383,boqueron,pr,622,s,y,100000,0.0,0,0,0
31,583,cathryn,melton,f,252,486-2392,admsville,ri,2801,m,y,90000,0.0,0,0,0
32,614,minghui,kubota,m,508,612-5997,charlton depot,ma,1509,m,y,80000,5.3,0,7150,1000
33,616,shao,reece,m,508,565-6451,boston,ma,2118,m,y,5000,5.3,0,7150,1000
34,625,sylvian,hinnebusch,m,939,925-8319,adjuntas,r,601,s,y,45000,0.0,0,0,0
35,672,bette,szymczak,m,781,777-2635,boston,ma,2114,s,y,20000,5.3,3575,0,1000
36,684,darwyn,seegmuller,fm,774,223-3659,north attleboro,ma,2760,m,y,95000,5.3,0,7150,1000
37,746,lenhart,birch,m,413,257-5349,sandwich,ma,2563,s,n,50000,5.3,3575,0,0
38,754,parosh,takaki,m,781,792-2993,south egremont,ma,1258,m,n,95000,5.3,0,7150,0
39,768,soheil,aluja,f,939,903-6883,quebradillas,pr,678,m,n,15000,0.0,0,0,0
40,793,mayford,bhagavan,f,210,996-9079,san juan,pr,917,s,y,30000,0.0,0,0,0
41,817,tammy,hohberg,f,787,336-2031,aguadilla,pr,603,s,n,75000,0.0,0,0,0
42,827,berend,hodas,f,210,261-9512,san juan,pr,930,m,n,15000,0.0,0,0,0
43,835,willy,oates,m,413,145-2185,lakeville,ma,2347,m,y,60000,5.3,0,7150,1000
44,875,soufiane,tryon,f,787,212-3685,juncos,pr,777,s,y,70000,0.0,0,0,0
45,881,glauco,belanche,m,508,791-9297,green harbor,ma,2041,m,y,100000,5.3,0,7150,1000
46,918,erdogan,shepherdson,f,857,384-5820,marstons mills,ma,2648,m,y,100000,5.3,0,7150,1000
47,941,paul,ying,m,939,493-8231,ponce,pr,730,s,y,60000,0.0,0,0,0
48,946,gherin,raja,m,413,925-1387,worcester,ma,1653,m,y,95000,5.3,0,7150,1000
49,951,mybrid,biryukov,f,339,793-3760,boylston,ma,1505,s,n,20000,5.3,3575,0,0
50,972,brig,obtulowicz,f,210,291-3171,san juan,pr,902,m,n,45000,0.0,0,0,0
51,977,thang,sever,m,617,134-5111,lynn,ma,1910,m,y,45000,5.3,0,7150,1000
52,1022,tuong,hancart,m,504,786-4546,albion,ri,2802,s,n,65000,0.0,0,0,0
53,1045,nipun,palaniappan,m,939,288-7408,ponce,pr,731,s,n,20000,0.0,0,0,0
54,1060,foong,marefat,m,787,552-5728,humacao,pr,791,s,y,35000,0.0,0,0,0
55,1070,nagui,milicia,m,252,515-4778,north kingstown,ri,2852,m,n,40000,0.0,0,0,0
56,1071,brij,schrock,f,351,145-7396,easthampton,ma,1027,s,n,100000,5.3,3575,0,0
57,1100,jianqiang,twardowski,f,787,433-8689,san sebastian,pr,685,s,n,90000,0.0,0,0,0
58,1153,serge,olveszky,f,252,510-4370,ashaway,ri,2804,s,n,5000,0.0,0,0,0
59,1175,moss,lindberg,m,339,668-5118,berkshire,ma,1224,m,y,5000,5.3,0,7150,1000
60,1184,ramadan,roelofsen,f,252,216-3801,newport,ri,2840,m,y,55000,0.0,0,0,0
61,1191,jerzy,uchiyama,m,339,404-2765,monroe bridge,ma,1350,m,n,20000,5.3,0,7150,0
62,1235,lukas,villoldo,m,252,325-3194,carolina,ri,2812,m,y,50000,0.0,0,0,0
63,1241,clarence,lyle,m,857,908-2582,saugus,ma,1906,m,n,100000,5.3,0,7150,0
64,1266,chengdian,schulman,f,252,302-7791,glendale,ri,2826,s,y,100000,0.0,0,0,0
65,1287,nagabhushana,tepfenhart,m,252,962-7041,portsmouth,ri,2871,m,n,90000,0.0,0,0,0
66,1303,kazutoshi,madeira,m,787,975-9903,rincon,pr,677,s,n,60000,0.0,0,0,0
67,1307,jerald,worona,m,787,260-4365,cayey,pr,737,m,y,95000,0.0,0,0,0
68,1308,wolfgang,steckler,m,516,535-5922,block island,rzi,2807,s,n,15000,0.0,0,0,0
69,1329,kensaku,guth,m,210,936-8782,san juan,pr,906,m,n,30000,0.0,0,0,0
70,1353,shangzhi,akiyama,f,939,167-3517,coamo,pr,769,s,y,95000,0.0,0,0,0
71,1358,pranav,graf,f,857,564-8209,holyoke,ma,1040,m,n,85000,5.3,0,7150,0
72,1392,corin,gauyacq,f,252,671-4284,bradford,ri,2808,m,n,75000,0.0,0,0,0
73,1402,sangjyu,oehlmann,f,774,865-2287,centerville,ma,2636,m,y,70000,5.3,0,7150,1000
74,1427,masahichi,bregier,f,781,228-2356,west newbury,ma,1985,m,y,60000,5.3,0,7150,1000
75,1431,jitender,rahm,f,252,272-5479,pawtucket,ri,2862,s,y,65000,0.0,0,0,0
76,1450,mina,lucco,f,339,583-2291,pembroke,ma,2359,m,n,15000,5.3,0,7150,0
77,1482,letha,goldsworthy,f,617,911-3118,pboston,ma,2284,m,n,35000,5.3,0,7150,0
78,1588,jarogniew,kroll,f,787,770-9070,mercedita,pr,715,m,y,55000,0.0,0,0,0
79,1626,kwang,rubinfield,m,857,806-1703,cherry valley,ma,1611,m,y,20000,5.3,0,7150,1000
80,1695,hiroshige,tomii,m,252,584-7563,middletown,ri,2842,m,n,25000,0.0,0,0,0
81,1723,kieran,philipp,f,787,928-9561,luqiullo,pr,773,m,y,5000,0.0,0,0,0
82,1748,monica,cranor,f,252,593-2151,newport,ri,2840,m,y,75000,0.0,0,0,0
83,1756,uttam,nori,m,939,141-3235,san antonio,pr,690,m,y,10000,0.0,0,0,0
84,1776,walt,katiyar,m,774,656-1108,amesbury,ma,1913,s,y,50000,5.3,3575,0,1000
85,1782,deven,akiyama,f,939,873-1427,coto laurel,pr,780,m,y,30000,0.0,0,0,0
86,1796,carrie,eastaughffe,f,252,638-2020,oakland,ri,2858,s,n,5000,0.0,0,0,0
87,1807,singaravel,ravat,m,210,860-5038,san juan,pr,906,s,n,50000,0.0,0,0,***
88,1809,daishi,iacobetz,f,252,320-4802,hope valley,ri,2832,s,y,55000,0.0,0,0,0
89,1845,yunfei,sidhu,f,252,752-7755,portsmouth,ri,2871,m,n,60000,0.0,0,0,0
90,1862,leroy,geraci,m,252,781-6491,oakland,ri,2858,s,y,25000,0.0,0,0,0
91,1878,anany,otterloo,f,252,324-5128,ashaway,ri,2804,s,n,100000,0.0,0,0,0
92,1893,yishay,martello,m,252,507-4286,adamsville,ri,2801,s,n,65000,0.0,0,0,0
93,1895,chengfeng,grandage,f,978,329-7599,forestdale,ma,2644,m,n,30000,5.3,0,7150,0
94,1925,toshio,wiggert,m,339,907-2074,leicester,ma,1524,m,n,55000,5.3,0,7150,0
95,1937,tetsuzo,maslov,m,351,960-2722,wales,ma,1081,s,y,80000,5.3,3575,0,1000
96,1943,toyohisa,wolford,f,774,726-6768,woronoco,ma,1097,s,y,15000,5.3,3575,0,1000
97,1945,lampros,batenin,f,210,119-4870,san juan,pr,955,m,n,70000,0.0,0,0,0
98,1971,narvardin,zochling,f,787,533-5771,quebradillas,pr,678,s,y,65000,0.0,0,0,0
99,1976,morteza,ursu,f,210,288-2631,san juan,pr,922,m,y,45000,0.0,0,0,0
100,1978,tonny,shepherd,m,351,642-5685,stow,ma,1775,s,n,20000,5.3,3575,0,0
101,1994,allesandro,mcmorris,f,617,446-9631,taunton,a,2780,s,y,95000,5.3,3575,0,1000
102,1996,bede,ramras,f,252,359-2057,adamsville,ri,2801,m,y,80000,0.0,0,0,0
103,2003,pierangelo,favero,f,787,489-9118,toa baja,pr,951,s,y,90000,0.0,0,0,0
104,2057,oris,kraiman,m,339,990-7479,boston,ma,2204,m,n,10000,5.3,0,7150,0
105,2090,monish,peschl,m,939,684-8971,luquillo,pr,773,s,y,55000,0.0,0,0,0
106,2105,brailey,tarr,m,787,816-2496,carolina,pr,987,s,y,10000,0.0,0,0,0
107,2108,alfredo,tierney,f,210,490-7399,san juan,pr,901,m,y,90000,0.0,0,0,0
108,2137,rachelle,charissis,f,252,933-3845,adamsville,ri,2801,m,y,70000,0.0,0,0,0
109,2191,domenico,skeen,f,939,771-1146,catano,pr,963,s,y,45000,0.0,0,0,0
110,2195,hisashi,egg,m,339,853-7912,rochester,ma,2770,s,y,70000,5.3,3575,0,1000
111,2201,yujiun,llaberia,f,939,433-1852,barceloneta,pr,617,s,n,85000,0.0,0,0,0
112,2240,samudra,graeb,f,413,702-2835,sutrton,ma,1590,s,y,100000,5.3,3575,0,1000
113,2332,seinosuke,cheikes,f,857,396-9489,yarmouth port,ma,2675,s,n,25000,5.3,3575,0,0
114,2349,yanni,pietak,m,781,413-7298,dalton,ma,1227,m,y,15000,5.3,0,7150,1000
115,2354,simonas,jesus,f,939,614-5971,humacao,pr,791,m,n,45000,0.0,0,0,0
116,2384,yingsha,blackard,f,252,859-5454,newport,ri,2841,m,y,25000,0.0,0,0,0
117,2390,kunwadee,diehl,m,339,919-9854,springfield,ma,1139,s,y,60000,5.3,355,0,1000
118,2401,mamoun,leslie,m,339,653-8726,harvard,ma,1451,s,n,10000,5.3,3575,0,0
119,2402,aylmer,messner,f,939,531-6123,fort buchanan,pr,934,m,y,75000,0.0,0,0,0
120,2406,haldon,fargier,f,339,419-7474,nahant,ma,1908,s,y,100000,5.3,3575,0,1000
121,2431,mitsuhiko,huleihel,m,252,168-2831,mapleville,ri,2839,m,y,90000,0.0,0,x0,0
122,2478,miquel,ampratwum,f,787,411-1613,toa baja,pr,950,s,n,90000,0.0,0,0,0
123,2571,kees,waschkowski,f,774,325-2448,worcester,ma,1601,m,n,10000,5.3,0,7150,0
124,2574,anshu,trudel,f,413,282-5759,southborough,ma,1772,s,n,20000,5.3,3575,0,0
125,2577,duanning,vinze,m,252,550-4106,carolgina,ri,2812,m,n,15000,0.0,0,0,0
126,2587,thom,nykanen,m,939,820-2069,ponce,pr,717,s,n,40000,0.0,0,0,0
127,2589,muralidharan,basnet,m,978,584-3617,eastham,ma,2642,m,n,15000,5.3,0,150,0
128,2595,evangelos,welker,m,508,533-1435,south hadley,ma,1075,m,n,100000,5.3,0,7150,0
129,2628,hirosi,pelecq,f,857,776-1114,manchester,ma,1944,m,y,40000,5.3,0,7150,1000
130,2652,jun''ichi,raju,m,939,770-2931,penuelas,pr,624,s,n,65000,0.0,0,0,0
131,2674,ibibia,lehot,m,939,757-4087,mayaguez,pr,682,m,y,80000,0.0,0,0,0
132,2725,honghui,gennip,m,413,244-9672,devens,ma,1434,s,n,80000,5.3,3575,0,0
133,2729,pak,ebbinghaus,m,252,577-1329,east greenwich,ri,2818,m,y,10000,0.0,0,0,0
134,2760,kazumitsu,abramov,f,508,511-9850,boston,ma,2207,s,n,45000,5.3,3575,0,0
135,2791,yul,sikic,m,939,591-4757,jayuya,pr,664,s,y,25000,0.0,0,0,0
136,2808,lisa,christ,m,406,627-3372,adamsville,i,2801,m,y,40000,0.0,0,0,0
137,2825,shigeichi,lodderstedt,m,774,506-5635,west boylston,ma,1583,s,n,5000,5.3,3575,0,0
138,2835,jyhjong,dussa,f,787,329-2677,guayaniglla,pr,656,m,y,80000,0.0,0,0,0
139,2837,marisela,rusmann,m,939,340-4942,arecibo,pr,613,s,n,5000,0.0,0,0,0
140,2857,theodor,bofill,m,339,931-6005,wrentham,ma,2093,s,y,90000,5.3,3575,0,1000
141,2863,narutoshi,bitton,m,939,144-6920,aguas buenas,pr,703,m,n,25000,0.0,0,0,0
142,2884,shingo,forier,f,617,160-1264,hanover,ma,2340,m,y,65000,5.3,0,7150,1000
143,2899,gerti,herbst,wf,252,948-1288,oakland,ri,2858,m,n,85000,0.0,0,0,0
144,2908,donn,grad,m,787,169-7022,barceloneta,pr,617,m,n,55000,0.0,0,0,0
145,2925,dick,bertelsen,m,413,775-1383,east boston,ma,2228,s,y,35000,5.3,3575,0,1000
146,2931,jogg,fanti,m,252,734-5038,greenville,ri,2828,m,n,40000,0.0,0,0,0
147,2932,hironori,kirchherr,f,252,431-8436,north kingstown,ri,2852,m,n,5000,0.0,0,0,0
148,2948,xiaorong,montenyohl,f,252,589-8148,mapleville,ri,2839,s,y,55000,0.0,0,0,0
149,2960,zhenyi,geertgens,f,787,897-8757,barceloneta,pr,617,s,n,80000,0.0,0,0,0
150,2963,casey,pampoukis,m,781,106-7633,brockton,ma,2305,m,n,70000,5.3,0,7150,0
151,2989,xiaolei,alsio,f,781,336-5698,haverhill,ma,1831,s,y,35000,5.3,3575,0,1000
152,3006,lofti,toyoshima,f,787,796-6187,san juan,pr,908,m,n,5000,0.0,0,0,0
153,3021,dongmo,orejas,f,304,503-5782,norwell,ar,2061,s,y,35000,5.3,3575,0,1000
154,3033,yuqun,mosciatti,f,252,173-3941,greenville,ri,2828,s,y,100000,0.0,0,0,0
155,3034,conrado,philipose,f,339,531-8719,newton lower falls,ma,2462,m,y,55000,5.3,0,7150,1000***
156,3072,michio,kayashima,f,252,554-9302,middletown,ri,2842,s,n,65000,0.0,0,0,0
157,3080,raul,krone,m,503,707-2236,oakland,or,1907,m,y,30000,9.0,0,318,159
158,3081,emilie,sybre,f,787,504-8421,atillo,pr,1907,m,y,35000,0.0,0,0,0
159,3082,debatosh,gille,f,203,540-5039,stamford,ct,1907,m,y,20000,5.0,0,24500,0
160,3083,greta,raalte,f,267,900-1811,south mountain,pa,1907,s,y,20000,3.07,0,0,0
161,3084,letizia,kalb,m,304,243-4205,brohard,wv,1907,m,y,90000,6.5,0,4000,2000
162,3085,cristobal,fraenkel,f,503,390-5899,richland,or,1907,m,n,50000,9.0,0,318,0
163,3086,anatoli,maasen,m,605,453-1603,erwin,sd,1907,s,n,70000,0.0,0,0,0
164,3098,tulika,gessel,m,252,896-2555,portsmouth,ri,2871,s,y,100000,0.0,0,0,0
165,3103,rabab,heuser,m,617,654-9541,bridgewater,ma,2324,s,y,70000,5.3,3575,0,1000
166,3107,subhasis,borgstrom,m,939,269-2081,catauno,pr,963,m,y,5000,0.0,0,0,0
167,3133,anup,samarati,f,252,625-4143,forestdale,ri,2824,m,y,15000,0.0,0,0,0
168,3143,tokuyasu,perez,f,978,461-6774,worcester,ma,1608,s,y,35000,5.3,3575,0,1000
169,3166,dirk,seliger,***,351,245-1827,rutland,ma,1543,s,n,15000,5.3,3575,0,0
170,3219,klichiro,rall,m,252,420-2170,chepachet,ri,2814,s,n,55000,0.0,0,0,0
171,3222,susanna,morrill,m,617,580-7754,westborough,ma,1581,m,n,95000,5.3,0,7150,0
172,3241,ludmila,tapken,m,774,623-9656,sharon,ma,2067,m,n,5000,5.3,0,7150,0
173,3258,zheru,louie,m,413,465-7930,marstons mills,ma,2648,m,n,25000,5.3,0,7150,0
174,3286,brett,malitz,m,252,584-1731,pascoag,ri,2859,s,y,20000,0.0,0,0,0
175,3315,guri,fussichen,f,252,946-9195,hopkinton,ri,2833,m,y,55000,0.0,0,0,0
176,3331,nazife,ludovice,m,939,741-4017,cabo rojo,pr,623,m,y,55000,0.0,0,0,0
177,3354,ori,nergos,f,413,656-4960,centerville,ma,2632,s,y,70000,5.3,3575,0,1000
178,3361,kouji,tennenhouse,m,774,496-5424,ayer,ma,1432,s,y,20000,5.3,3575,0,1000
179,3391,bran,capon,m,787,569-3321,bayamon,pr,961,m,n,15000,0.0,0,0,0
180,3399,yuki,kreveld,f,980,857-7831,ensenada,pr,647,s,n,80000,0.0,0,t0,0
181,3499,mikiya,poletto,f,939,319-6001,luquillo,pr,773,s,y,20000,0.0,0,0,0
182,3514,giovanni,hashii,f,210,264-1336,san juan,pr,939,s,n,70000,0.0,0,0,0
183,3531,neil,chweh,f,617,324-6249,holliston,ma,1746,m,y,75000,5.3,0,7150,1000
184,3561,hongguang,bolsens,m,857,484-3742,east walpole,ma,2032,s,y,100000,5.3,3575,0,1000
185,3577,kamaljit,machida,m,787,162-6894,hormigueros,pr,660,m,n,25000,0.0,0,0,0
186,3582,meikel,miculan,f,939,700-9785,cidra,pr,739,m,y,25000,0.0,0,0,0
187,3584,bernard,lunn,f,857,380-9856,worcester,ma,1608,s,y,40000,5.3,3575,0,1000
188,3608,tadao,bencivenga,m,252,107-8913,coventry,ri,2816,s,n,40000,0.0,0,0,0
189,3616,anne,lubin,f,210,644-1935,san juan,pr,908,s,y,50000,0.0,0,0,0
190,3659,girome,thery,m,252,986-8254,pascoag,ri,2859,s,y,85000,0.0,0,0,0
191,3676,nicolau,marechal,m,857,538-2705,rockport,ma,1966,m,y,80000,5.3,0,7150,1000
192,3745,yuqun,drewnowski,f,774,426-1676,ashley falls,ma,1222,s,y,60000,5.3,3575,0,1000
193,3755,bethina,fontet,f,939,659-5376,puerto real,pr,740,s,n,35000,0.0,0,0,0
194,3759,shaodi,dutra,f,787,242-8549,ensenada,pr,647,m,y,95000,0.0,0,0,0
195,3770,ayako,merckt,m,252,797-8415,lincoln,ri,2865,s,y,20000,0.0,0,0,0
196,3771,nur,redmiles,m,978,824-7120,fall river,ma,2722,m,y,25000,5.3,0,7150,1000
197,3785,reino,dehene,m,787,798-8314,guaynabo,pr,965,s,y,80000,0.0,0,0,0
198,3802,wojtek,fechter,m,508,156-6386,gilbertville,ma,1031,s,y,60000,5.3,3575,0,1000
199,3812,chiradeep,isakowitz,f,413,132-2182,silver beach,ma,2565,s,n,95000,5.3,3575,0,0
200,3820,sitaram,neuhaus,f,413,231-8073,boston,ma,2109,m,n,75000,5.3,0,7150,0
201,3828,shannon,boday,m,252,174-7527,charlestown,ri,2813,s,y,5000,0.0,0,0,0
202,3857,kemal,klimov,f,939,422-4070,san juan,pr,936,m,n,85000,0.0,0,0,0
203,3873,srikant,muntz,f,939,990-6545,vega alta,pr,692,s,y,35000,0.0,0,0,0
204,3890,arani,hansdah,f,939,545-8916,patillas,pr,723,s,y,20000,0.0,0,0,0
205,3903,vladimir,oberman,m,939,967-9063,guaynabo,pr,971,m,y,90000,0.0,0,0,0
206,3905,xiangzhen,zartmann,m,787,680-6105,rio grande,pr,745,s,y,100000,0.0,0,0,0
207,3906,roselyn,junping,f,781,473-3597,lowell,ma,1852,s,n,70000,5.3,3575,0,0
208,3931,iskender,masullo,f,787,979-1328,aguirre,pr,704,m,n,55000,0.0,0,0,0
209,3935,rushed,uchiyama,m,774,293-3626,monterey,ma,1245,s,y,45000,5.3,3575,0,1000
210,3964,yasmin,beke,m,339,113-5416,worcester,ma,1605,s,n,20000,5.3,3575,0,0
211,3980,celia,wellman,m,252,825-3277,foster,ri,2825,m,y,90000,0.0,0,0,0
212,4008,zhongde,tawera,f,857,597-6126,springfield,ma,1133,s,n,80000,5.3,3557,0,x0
213,4101,limsoon,dolken,m,939,481-6109,caguas,pr,726,m,n,15000,0.0,0,0,0
214,4121,sumeet,zviran,m,252,502-6392,carolibna,ri,2812,s,n,25000,0.0,0,0,0
215,4152,uzi,nascimento,m,939,558-9564,ponce,pr,734,s,n,40000,0.0,0,0,0
216,4165,sahibsingh,jevtic,f,339,994-2573,danvers,ma,1923,s,y,10000,5.3,3575,0,1000
217,4200,ruslan,winzen,m,252,775-2039,newport,ri,2841,s,y,65000,0.0,0,0,0
218,4208,dattatraya,kovalyov,m,939,697-7355,guaynabo,pr,969,m,y,10000,0.0,0,0,0
219,4254,munehiko,zallocco,m,787,315-9831,carolina,pr,984,s,y,60000,0.0,0,0,0
220,4260,dilian,martyna,m,939,220-1380,ensenada,pr,647,s,y,95000,0.0,0,0,0
221,4268,abdoulaye,houssain,m,351,593-1766,wales,ma,1081,m,y,80000,5.3,0,7150,1000
222,4410,vijayshankar,guttman,f,939,427-1937,trujillo alto,pr,976,m,n,60000,0.0,0,0,0
223,4411,sonja,fullerton,f,339,672-1352,swampscott,ma,1907,m,y,100000,5.3,0,7150,1000
224,4419,yanqiang,tizhoosh,f,857,261-3427,holbrook,ma,2343,m,n,90000,5.3,0,7150,0
225,4435,yida,schmezko,m,939,849-2264,ponce,pr,734,s,y,15000,0.0,0,0,0
226,4440,okuhiko,laval,m,210,593-8732,san juan,pr,926,m,y,35000,0.0,0,0,0
227,4442,dayun,pols,f,781,465-3827,hamilton,ma,1936,m,n,95000,5.3,0,7150,0
228,4502,josiah,tyugu,m,413,320-8545,newton center,ma,2459,m,y,55000,5.3,0,7150,1000
229,4516,stefanos,gire,m,252,343-1060,prudence island,ri,2872,s,n,60000,0.0,***,0,0
230,4549,valentino,diz,f,339,759-1156,brant rock,ma,2020,m,n,100000,5.3,0,7150,h0
231,4567,stijn,skuppin,m,252,220-5863,greenville,ri,2828,s,n,35000,0.0,0,0,0
232,4581,chengfu,meysembourg,m,252,238-5725,foster,ri,2825,m,n,60000,0.0,0,0,0
233,4595,yatsuka,paragot,m,978,628-2817,duxbury,ma,2331,m,n,20000,5.3,0,7150,0
234,4622,houria,tiskin,m,617,990-2563,rochester,ma,2770,s,n,60000,5.3,3575,0,0
235,4639,llorenc,zaumen,m,351,239-4973,plymouth,ma,2361,s,n,15000,5.3,3575,0,0
236,4656,rowena,mcgranaghan,m,252,708-5108,bradford,ri,2808,s,y,30000,0.0,0,0,0
237,4664,yasuyoshi,kinley,m,339,262-9792,nantucket,ma,2554,s,n,30000,5.3,3575,0,0
238,4680,arlene,syed,m,252,486-9458,prudence island,ri,2872,s,n,50000,0.0,0,0,0
239,4692,heekyoung,hallam,f,252,526-4302,fiskeville,ri,2823,m,y,5000,0.0,0,0,0
240,4698,dang,asser,f,210,458-9685,san juan,pr,922,s,y,75000,0.0,0,0,0
241,4783,gennaro,kamo,m,787,988-4556,ponce,pr,717,m,n,70000,0.0,0,0,0
242,4790,luai,fasbender,m,939,225-6520,fort buchanan,pr,934,s,y,50000,0.0,0,0,0
243,4839,chuchang,cecil,f,508,810-5001,worcester,ma,1609,m,n,20000,5.3,0,7150,0
244,4848,huaxiong,manber,f,774,500-9318,three rivers,ma,1080,s,y,65000,5.3,3575,0,1000
245,4854,olli,sutter,f,617,395-1852,mill river,ma,1244,s,n,60000,5.3,3575,0,0
246,4857,kyoichi,nicolson,m,939,932-1519,patillas,pr,723,m,y,20000,0.0,0,0,0
247,4865,cory,erez,m,252,652-6655,clayivlle,ri,2815,m,y,15000,0.0,0,0,0
248,4869,benn,vitiello,f,787,994-5559,caguas,pr,726,s,n,5000,0.0,0,0,0
249,4876,lyn,mccrossin,m,781,975-7984,hanover,ma,2339,s,n,30000,5.3,3575,0,0
250,4924,floris,lueh,f,252,334-4225,newport,ri,2841,m,y,55000,0.0,0,0,0
251,4931,tian,basagni,f,210,556-7695,san juan,pr,955,s,n,35000,0.0,0,0,***
252,4961,gardiner,bharadwaj,***,978,311-3062,milford,ma,1757,s,y,60000,5.3,3575,0,1000
253,4982,bett,groenboom,m,210,151-7751,san juan,pr,906,m,n,40000,0.0,0,0,f0
254,5003,rhonda,brune,m,939,397-9546,barranquitas,pr,794,m,y,35000,0.0,0,0,0
255,5031,levent,policriti,f,252,298-7525,bradfowrd,ri,2808,s,y,65000,0.0,0,0,0
256,5084,toru,gavoille,f,939,819-2748,penuelas,pr,624,s,y,15000,0.0,0,0,0
257,5112,georghios,wester,f,781,896-2073,reading,ma,1867,s,y,75000,5.3,x3575,0,1000
258,5122,yunn,cools,m,339,969-4164,falmouth,ma,2540,s,n,80000,5.3,3575,0,0
259,5131,lilly,tretiakoff,m,774,139-2152,lakeville,ma,2348,m,y,95000,5.3,0,7150,1000
260,5134,alyn,giloi,m,339,137-9194,west wareham,ma,2576,s,y,80000,5.3,3575,0,1000
261,5154,vinay,abella,f,339,759-7118,centervillpe,ma,2632,s,y,30000,5.3,3575,0,1000
262,5155,fereidoon,rayside,m,252,625-3056,bradford,ri,2808,s,n,45000,0.0,x0,0,0
263,5164,akshay,guck,m,210,569-1006,san juan,pr,931,s,n,35000,0.0,0,0,0
264,5175,olympia,rosin,m,252,463-7991,bristol,ri,2809,m,n,70000,0.0,0,0,0
265,5185,marek,casaubieilh,f,781,252-8444,nantucket,ma,2554,s,n,80000,5.3,3575,0,0
266,5190,mahadev,schiefer,f,617,323-8286,springfield,ma,1133,s,n,30000,5.3,3575,0,0
267,5218,elisabeth,slysz,f,252,237-3033,newport,ri,2841,m,n,25000,0.0,0,0,0
268,5224,hilan,rubsam,f,939,579-3554,ponce,pr,728,m,y,85000,0.0,0,0,0
269,5262,alun,nota,f,617,415-5828,green harbor,ma,2041,m,y,35000,5.3,0,7150,1000
270,5281,yibin,america,f,617,890-4383,deerfield,ma,1342,m,n,5000,5.3,0,7150,0
271,5307,horace,chandhok,f,210,794-3082,san juan,pr,902,s,y,35000,0.0,0,0,0
272,5314,fereidoon,salustowicz,m,781,404-7354,heath,ma,1346,m,y,80000,5.3,0,7150,1000
273,5322,avner,taghva,f,406,825-1188,joliet,mt,1907,s,y,55000,6.9,1900,0,1900
274,5323,hafedh,lupu,f,973,505-9351,landisville,nj,1907,s,y,5000,1.4,1000,0,1500
275,5324,yoshifumi,pokrovskii,m,712,475-4668,des moines,ia,1907,s,n,15000,2.479763,40,0,0
276,5325,carma,czaja,f,857,876-4704,boylston,ma,1907,m,n,100000,5.3,0,7150,0
277,5326,asser,wijk,f,504,260-8812,metairie,la,1907,m,y,80000,6.0,0,9000,1000
278,5327,hemang,kreveld,f,980,704-1016,creston,nc,1907,m,y,15000,6.047202599999999,0,6600,3300
279,5328,hamilton,bentzien,f,210,669-2776,san juan,pr,1907,s,n,25000,0.0,0,0,0
280,5337,loic,brookson,f,857,528-9156,reading,ma,1867,s,y,20000,5.3,3575,0,1000
281,5349,guoping,deminet,f,787,390-9973,carolina,pr,979,s,y,75000,0.0,0,0,0
282,5356,manikya,putzolu,m,252,660-8168,harmony,ri,2829,m,y,55000,0.0,0,0,0
283,5367,yehia,nanard,f,939,372-5218,catano,pr,962,m,n,90000,0.0,0,0,0
284,5381,bostjan,franzblau,f,617,276-1107,southbridge,ma,1550,s,y,35000,5.3,0,0,1000
285,5386,martina,bogliolo,f,508,435-5052,raynham,ma,2767,m,n,10000,5.3,0,7150,0
286,5392,meir,jousselin,m,939,288-5852,carolia,pr,984,m,n,40000,0.0,0,0,0
287,5406,gift,wachs,m,857,149-3318,shutesbury,a,1072,m,n,5000,5.3,0,7150,0
288,5439,soummya,kornyak,m,508,146-2681,jamaica plain,ma,2130,m,n,85000,5.3,0,7150,0
289,5446,imre,noot,f,787,708-5419,quebradillas,pr,678,s,n,45000,0.0,0,0,0
290,5494,mitchell,duran,m,787,241-9918,las marias,pr,670,s,n,35000,0.0,0,0,0
291,5496,gurudatta,polupanov,f,787,634-7838,guaynabo,pr,966,m,y,20000,0.0,0,0,0
292,5498,hoi,kandogan,f,978,302-3883,petersham,ma,1366,m,n,45000,5.3,0,7150,0
293,5501,friedemann,berges,***,978,173-4404,braintree,ma,2184,s,n,10000,5.3,3575,0,0
294,5544,ingemar,ang,m,252,400-6962,cumberland,ri,2864,s,n,45000,0.0,0,0,0
295,5568,ronit,spenke,m,939,801-8889,arolina,pr,979,m,n,80000,0.0,0,0,0
296,5569,toshitsugu,flowers,f,787,962-5869,moca,pr,676,s,y,40000,0.0,0,0,0
297,5571,dhabaleswar,pettorossi,f,787,380-5930,ceiba,pr,735,s,n,70000,0.0,0,0,0
298,5600,ugis,reggia,m,978,728-5414,lynn,ma,1903,m,n,85000,5.3,0,7150,0
299,5650,eunsam,serre,m,787,503-7681,mayaguez,pr,682,m,n,35000,0.0,0,0,0
300,5653,huifen,vrajitoru,***,774,504-1285,south yarmouth,ma,2664,m,y,20000,5.3,0,0,1000
301,5670,gaid,koutny,f,351,162-7087,gardner,ma,1440,s,y,70000,5.3,3575,0,1000
302,5680,nihar,monnard,m,351,901-8704,cambridge,ma,2142,s,n,35000,5.3,3575,0,0
303,5684,krishnan,widera,m,857,644-9133,cummington,ma,1026,s,y,100000,5.3,3575,0,1000
304,5690,davood,chvatal,m,939,393-2454,trujillo alto,pr,976,m,n,45000,0.0,0,0,y0
305,5709,douadi,almasi,f,351,236-5644,hubbardston,ma,1452,m,n,10000,5.3,0,7150,0
306,5712,satoshi,widmer,m,787,402-6973,guayama,pr,785,s,y,25000,0.0,0,0,0
307,5717,harumi,clint,m,939,530-7177,lares,pr,669,s,y,20000,0.0,0,0,0
308,5738,vagan,gudeman,m,210,224-9733,san juan,pr,936,m,n,25000,0.0,0,0,***
309,5762,benn,anson,f,351,793-9975,wendell,ma,1379,s,n,5000,5.3,3575,0,0
310,5772,parto,chelegatski,f,787,242-2287,san juan,pr,911,s,n,100000,0.0,0,0,0
311,5773,yih,garratt,f,252,273-2066,adamsville,ri,2801,m,n,95000,0.0,0,0,0
312,5794,kati,smallbone,tm,939,540-2733,ciales,pzr,638,s,n,70000,0.0,0,0,0
313,5821,diomidis,arent,f,351,621-1324,gill,ma,1354,m,y,20000,5.3,0,7150,1000
314,5824,gesualdo,easwarakumar,m,781,737-3080,andover,ma,1810,m,n,50000,5.3,0,7150,0
315,5828,kien,mccluskey,f,774,108-8565,wakefield,ma,1880,m,y,10000,5.3,a0,7150,1000
316,5840,sanping,kroon,f,252,808-8916,jamestown,ri,2835,m,y,60000,0.0,0,0,0
317,5848,surapol,proskurowski,f,617,770-2697,carver,ma,2330,m,n,40000,5.3,0,7150,0
318,5855,kazuya,blumrich,m,339,313-6835,littleton,ma,1460,m,n,20000,5.3,0,7150,0
319,5864,gwang,roelofsen,m,252,338-5778,middletown,ri,2842,m,n,80000,0.0,0,0,0
320,5874,nadia,chenoweth,f,787,809-3252,caguas,pr,725,m,n,70000,0.0,0,0,0
321,5901,manuel,chvalosky,f,252,815-8029,jamestown,ri,2835,s,y,10000,0.0,0,0,0
322,5929,changyuan,souquieres,f,939,365-4390,orocovis,pr,720,s,n,75000,0.0,0,0,0
323,5944,bernold,reddi,m,939,213-9173,mayaguez,pr,682,m,y,100000,0.0,0,0,0
324,5959,venkata,colombet,f,413,493-5725,lynn,ma,1910,m,n,20000,5.3,0,7150,0
325,5963,hubertus,tulley,m,857,743-6360,westport,ma,2790,s,y,25000,5.3,3575,0,1000
326,5997,epaminondas,uellner,f,787,322-9797,utuado,pr,641,m,y,25000,0.0,0,0,0
327,6051,tyler,weiland,f,252,883-8087,carolian,ri,2812,s,y,85000,0.0,0,0,0
328,6088,shyue,mcmahan,m,787,432-3281,fort buchanan,pr,934,s,y,65000,0.0,0,0,0
329,6145,minsuk,pacholski,f,774,880-2299,jamaica plain,ma,2130,s,n,10000,5.3,3575,0,0
330,6254,duane,denti,f,508,226-8208,east longmeadow,ma,1028,m,n,20000,5.3,0,7150,0
331,6289,wiebe,fahringer,f,339,743-2294,lynn,ma,1904,s,y,40000,5.3,3575,0,1000
332,6299,patrizia,walinsky,m,939,594-4845,yauco,pr,698,m,n,60000,0.0,0,0,0
333,6331,chander,swoboda,f,939,547-8500,morovis,pr,687,m,n,35000,0.0,0,0,0
334,6347,steven,kamoun,m,351,730-8648,boston,ma,2113,m,y,85000,5.3,0,7150,1000
335,6374,qiong,assadi,m,781,934-6520,north easton,ma,2356,m,n,85000,5.3,0,7150,0
336,6377,phobe,ying,f,774,197-2822,rochdale,ma,1542,s,y,60000,5.3,3575,0,1000
337,6386,kirsty,insfran,f,252,450-4105,potsmouth,ri,2871,m,n,90000,0.0,0,0,0
338,6390,parimala,brockman,f,351,554-4967,bellingham,ma,2019,m,y,40000,5.3,0,7150,1000
339,6399,chienhua,zisman,***,252,387-3187,harrisville,ri,2830,s,y,60000,0.0,0,0,0
340,6423,jamie,ahrenberg,m,978,398-8462,acton,ma,1720,m,n,70000,5.3,0,7150,0
341,6455,alean,jumpertz,m,939,132-6147,la plata,pr,786,s,n,15000,0.0,0,0,0
342,6461,aarron,rodier,m,252,560-2733,fiskeville,ri,2823,s,y,90000,0.0,0,0,0
343,6493,edison,smotroff,m,787,992-4395,boqueron,pr,622,m,n,45000,0.0,0,0,0
344,6514,chittur,meilijson,m,252,693-6318,foster,ri,2825,s,y,30000,0.0,0,0,0
345,6534,chyuan,powers,m,210,888-3672,san juan,pr,907,s,n,25000,0.0,0,0,0
346,6552,bevin,orphanoudakis,f,939,806-7536,loiza,pr,772,s,y,5000,0.0,0,0,0
347,6647,eddi,konomi,f,210,640-7942,san juan,pr,913,m,y,55000,0.0,0,0,0
348,6648,hidetsune,mutzel,m,781,710-9116,lowell,ma,1850,m,n,20000,5.3,0,7150,0
349,6672,sajjad,hiraishi,f,252,968-4420,exeter,ri,2822,s,y,20000,0.0,0,0,0
350,6701,loyce,eyrolle,f,787,305-7097,caguas,pr,726,s,n,95000,0.0,0,0,0
351,6787,subhodev,seiler,f,617,295-6611,amherst,ma,1003,m,y,75000,5.3,0,7150,0
352,6790,nobukazu,nyrup,f,210,636-4985,san juan,pr,930,s,n,10000,0.0,0,0,***
353,6805,octavio,krackhardt,f,939,724-4078,saint just,pr,978,s,n,50000,0.0,0,0,0
354,6807,kuorong,seibert,m,252,307-5019,portsmouth,ri,2871,m,n,70000,0.0,0,0,0
355,6822,iakovos,wiering,m,787,390-6886,anasco,pr,610,s,y,25000,0.0,0,0,0
356,6825,dayne,hegner,m,774,485-4952,framingham,ma,1705,m,n,35000,5.3,0,7150,0
357,6827,prasan,bierman,m,939,452-6596,rio blanco,pr,744,m,n,75000,0.0,0,0,0
358,6847,arjen,lapez,m,781,351-2259,becket,ma,1223,m,y,20000,5.3,0,7150,1000
359,6889,sakae,koschke,m,787,444-1681,aguada,pr,602,s,y,35000,0.0,0,0,0
360,6893,mikey,budzinski,f,252,405-5945,greenville,ri,2828,m,y,10000,0.0,0,0,0
361,6910,xiaobo,nierstrasz,f,939,137-7950,gurabo,pr,778,m,y,45000,0.0,0,0,0
362,6923,piet,hohler,f,787,682-6347,patillas,pr,723,m,y,45000,0.0,0,0,0
363,6945,billie,ramsak,m,252,644-8220,acrolina,ri,2812,m,y,20000,0.0,0,0,0
364,6949,jackson,erde,m,781,762-4042,east longmeadow,ma,1028,m,y,30000,5.3,0,7150,1000
365,6959,corin,board,f,787,982-8249,trujillo alto,pr,977,m,y,55000,0.0,0,0,0
366,6974,kayoko,lennartson,f,351,664-6177,gill,ma,1354,m,y,40000,5.3,0,7150,1000
367,6983,saroja,demeyer,f,339,777-2599,newburyport,ma,1950,s,n,70000,5.3,3575,0,0
368,6992,harngdar,n''dong,f,252,720-4205,west greenwich,ri,2817,s,n,5000,0.0,0,0,0
369,7020,jian,devroye,m,508,648-5186,north chatham,ma,2650,s,n,30000,5.3,3575,0,0
370,7046,thodoros,yuguchi,m,252,869-9545,hope,ri,2831,s,n,45000,0.0,0,0,0
371,7057,kincho,unni,m,210,605-2450,san juan,pr,975,s,y,30000,0.0,0,0,0
372,7085,cohavit,wolpe,f,413,454-9798,gproton,ma,1471,m,y,50000,5.3,0,7150,1000
373,7134,terrye,plus,f,939,985-2961,castaner,pr,631,s,y,75000,0.0,0,0,0
374,7135,debabrata,dickey,m,939,698-2092,bayamon,pr,959,m,n,65000,0.0,0,0,0
375,7173,shouhan,kapp,f,252,346-4002,harmony,ri,2829,s,y,35000,0.0,0,0,0
376,7175,sumant,kornacker,f,781,218-6854,east mansfield,ma,2031,s,n,65000,5.3,3575,0,0
377,7181,moheb,riguzzi,m,857,854-9272,fayville,ma,1745,m,y,100000,5.3,0,7150,1000
378,7193,gesine,tomii,m,339,401-8697,west townsend,ma,1474,s,y,25000,5.3,3575,0,1000
379,7205,dian,ruano,m,939,573-5567,puerto real,pr,740,m,n,15000,0.0,0,0,0
380,7210,folco,lenowitz,m,774,503-4640,chicopee,ma,1014,s,n,95000,5.3,3575,0,0
381,7240,mana,vaananen,f,508,408-7723,groveland,ma,1834,m,n,45000,5.3,0,7150,0
382,7275,xuan,mitsuhashi,m,939,840-5731,bayamon,pr,959,s,y,85000,0.0,0,0,0
383,7305,shichao,aimeur,f,252,558-1023,newport,ri,2840,s,y,70000,0.0,0,0,0
384,7308,cornelis,skeel,f,351,510-2234,boston,ma,2109,s,n,65000,5.3,3575,0,0
385,7312,setsuo,leifert,m,617,757-7901,buzzards bay,ma,2542,s,n,20000,5.3,3575,0,0
386,7362,natalia,tomer,m,413,147-9589,boston,rma,2205,s,n,85000,5.3,3575,0,0
387,7409,jianxiu,burston,m,252,795-2341,bradford,ri,2808,s,y,50000,0.0,0,0,0
388,7439,shichao,carrier,f,787,456-2298,muanabo,pr,707,m,y,70000,0.0,0,0,0
389,7462,refael,konuma,f,978,851-4454,springfield,ma,1108,s,n,55000,5.3,3575,0,0
390,7475,saddek,brune,m,339,159-2009,brockton,ma,2303,m,y,15000,5.3,0,7150,1000
391,7492,hafeda,shanblatt,m,781,250-6706,white horse beach,ma,2381,m,y,75000,5.3,0,7150,1000
392,7503,changguan,felgentreu,m,939,992-3762,cwatano,pr,963,m,y,95000,0.0,0,0,0
393,7522,wijnand,rahman,f,210,100-4102,san juan,pr,935,s,y,45000,0.0,0,0,0
394,7528,devindra,dusse,f,939,172-1935,toa baja,pr,951,m,n,20000,0.0,0,0,0
395,7567,eckhard,lonchamp,m,252,271-1941,charlestonw,ri,2813,s,n,95000,0.0,0,0,0
396,7640,lihong,roizen,m,939,943-6611,ponce,pr,733,m,n,30000,0.0,0,0,0
397,7648,mounia,clint,f,781,860-1255,colrain,ma,1340,s,n,65000,5.3,3575,0,0
398,7649,vijayshankar,butterfield,f,339,836-2831,hopedale,ma,1747,s,n,100000,5.3,3575,0,0
399,7651,juichirou,ducasse,f,781,842-5274,marlborough,ma,1752,s,n,90000,5.3,3575,0,0
400,7663,yulu,heidecker,m,617,889-1004,northampton,ma,1063,s,n,100000,5.3,3575,0,0
401,7686,toby,mackaness,f,939,240-7464,mercedita,pr,715,s,n,80000,0.0,0,0,0
402,7690,marcelino,decatur,f,939,210-6303,ponce,pr,734,s,y,60000,0.0,0,0,0
403,7700,manoranjan,grospietsch,f,787,654-4370,patillas,pr,723,m,n,100000,0.0,0,0,0
404,7723,zhenzhou,santucci,f,508,123-2300,lynn,ma,1910,s,n,85000,5.3,3575,0,0
405,7744,manjai,rahier,m,781,891-6576,winchendon springs,ma,1477,m,y,45000,5.3,0,7150,1000
406,7750,shiro,mikitiuk,f,939,154-8241,guanica,pr,653,s,n,45000,0.0,0,0,0
407,7764,vijaj,stuempfle,f,252,332-7889,cllayville,ri,2815,m,y,25000,0.0,0,0,0
408,7798,cass,mckeague,m,252,110-5814,exeter,ri,2822,m,n,55000,0.0,0,0,0
409,7809,seizaburo,haselbock,m,978,185-1217,south harwich,ma,2661,m,y,65000,5.3,0,7150,1000
410,7820,haldon,vaidyanathan,f,939,419-9009,mayaguez,pr,680,s,n,60000,0.0,0,0,0
411,7824,hongzhu,schaft,m,939,443-2521,mercedita,pr,715,s,n,75000,0.0,0,0,0
412,7825,tareq,estier,f,978,767-3390,north dartmouth,ma,2747,s,y,50000,5.3,3575,0,1000
413,7851,katashi,vogler,m,252,175-4060,cumberland,ri,2864,s,n,45000,0.0,0,0,0
414,7908,sonu,guckenheimer,m,939,957-7339,bayamon,pr,961,s,n,100000,0.0,0,0,o0
415,7922,barnaby,garrett,f,252,416-9607,harmony,ri,2829,m,y,65000,0.0,0,0,0
416,7932,sajjan,wilfing,f,351,671-7913,swansea,ma,2777,m,y,100000,5.3,0,7150,1000
417,7944,delgado,jambor,f,252,575-7281,jamestown,ri,2835,s,n,35000,0.0,0,0,0
418,7949,youshou,gerberich,f,939,216-5787,caeyy,pr,737,m,n,95000,0.0,0,0,0
419,7966,dinah,eisinger,m,939,644-8272,guaynabo,pr,971,m,y,20000,0.0,0,0,0
420,8007,akshar,haverkamp,m,774,595-5275,north carver,ma,2355,s,n,25000,5.3,3575,0,0
421,8047,nazife,balfanz,m,508,562-1422,quincy,ma,2169,s,n,55000,5.3,3575,0,0
422,8059,istvan,white,m,787,779-2731,mayaguez,pr,680,s,y,50000,0.0,0,0,0
423,8097,hussein,greca,f,787,317-9561,caatno,pr,963,s,n,50000,0.0,0,0,***
424,8098,qinglan,jockusch,m,252,614-3827,mapleville,ri,2839,m,y,50000,0.0,0,0,0
425,8107,fergal,sindoni,f,787,803-9281,loiza,pr,772,m,y,35000,0.0,0,0,0
426,8129,russel,gershman,f,339,389-8874,boston,ma,2207,m,y,60000,5.3,0,7150,1000
427,8130,ruizao,nasset,m,781,238-9475,needham,ma,2492,m,n,30000,5.3,0,7150,0
428,8179,toralf,caspi,f,210,841-9405,san juan,pr,919,s,n,30000,0.0,0,0,0
429,8209,eckart,etzion,m,939,140-6353,ponce,pr,728,s,n,5000,0.0,0,0,0
430,8210,kyung,ternovskaia,f,252,812-3909,little compton,ri,2837,s,n,65000,0.0,0,0,0
431,8219,rayond,giesl,m,252,490-2201,newport,ri,2841,s,n,55000,0.0,0,0,0
432,8252,bich,thompson,f,939,591-7248,aguada,pr,602,m,y,80000,0.0,0,0,c0
433,8265,takanari,zajac,m,939,646-2849,hormigueros,pr,660,s,n,5000,0.0,0,0,0
434,8316,jill,dicks,f,787,394-8785,rosario,pr,636,s,y,95000,0.0,0,0,0
435,8333,kenichi,pinckney,f,339,255-9968,south deerfield,ma,1373,s,n,50000,5.3,3575,0,0
436,8353,sovanna,indiresan,m,774,584-8486,hubbardston,ma,1452,m,n,20000,5.3,0,7150,0
437,8367,samiha,bedard,f,413,801-7684,dunstable,ma,1827,s,y,15000,5.3,3575,0,1000
438,8368,dechang,merle,f,252,860-9250,glendale,ri,2826,s,n,85000,0.0,0,0,0
439,8369,ryouji,schultze,f,781,244-6208,east taunton,ma,2718,m,n,30000,5.3,0,7150,0
440,8392,plamena,jervis,f,339,218-2839,plymouth,ma,2360,s,y,95000,5.3,3575,0,1000
441,8396,rabah,martucci,m,939,176-7088,guanica,pr,653,s,n,80000,0.0,0,0,0
442,8403,kablan,hemmingsen,f,939,558-8068,caguas,pr,725,s,y,90000,0.0,0,0,0
443,8404,shaoyu,gerschenfeld,f,210,999-9967,san juan,pr,955,m,y,70000,0.0,0,0,0
444,8405,ravindranath,schmalz,f,939,275-6991,guaynabo,pr,965,m,y,55000,0.0,0,0,0
445,8409,yuewei,plummer,f,978,776-7187,lowell,ma,1853,m,n,20000,5.3,0,7150,0
446,8425,lichun,bressan,f,787,568-9098,aguadilla,pr,605,m,y,100000,0.0,0,0,0
447,8436,jozo,streich,m,339,241-9546,hanover,ma,2340,s,n,60000,5.3,3575,0,0
448,8445,bertil,tsujishita,f,939,625-4353,guayama,pr,785,m,n,40000,0.0,0,0,0
449,8447,sankaran,tari,m,252,429-4422,coventry,ri,2816,s,y,100000,0.0,0,0,0
450,8477,donny,sohoni,f,787,462-1753,fort buchanan,pr,934,m,n,95000,0.0,0,0,0
451,8487,russel,warwick,f,978,675-9283,lanesboro,ma,1237,s,y,95000,5.3,3575,0,1000
452,8511,harvinder,kamkar,m,978,794-2500,east princeton,ma,1517,s,y,80000,5.3,3575,0,1000
453,8521,ajay,noack,m,508,335-6122,hinsdale,ma,1235,s,y,65000,5.3,3575,0,1000
454,8565,jesas,banachowski,f,210,962-4671,san juan,pr,926,m,y,70000,0.0,0,0,0
455,8575,gopal,zartmann,f,252,905-1743,pawtucket,ri,2860,m,n,70000,0.0,0,0,0
456,8582,marcelo,skronn,m,351,932-6035,lynn,ma,1905,s,y,30000,5.3,3575,0,1000
457,8586,jinjoo,lybanon,m,939,266-2974,ponce,pr,728,m,n,95000,0.0,0,0,0
458,8639,gradimir,riexinger,f,787,739-3734,dorado,pr,646,s,y,85000,0.0,0,0,0
459,8701,sonoko,rustenburg,f,252,460-5615,greene,ri,2827,m,n,15000,0.0,0,0,0
460,8714,geir,davoren,m,252,102-4605,little compton,ri,2837,m,n,50000,0.0,0,0,0
461,8754,neff,zingaretti,m,939,611-1247,villalba,pr,766,s,n,15000,0.0,0,0,0
462,8755,wade,gingras,m,351,122-1126,orange,ma,1364,m,y,5000,5.3,0,7150,1000
463,8865,timo,class,m,617,784-7433,agawam,ma,1001,s,y,10000,5.3,3575,0,1000
464,8866,hiromu,karnin,m,939,165-1479,catuano,pr,962,m,n,5000,0.0,0,0,0
465,8875,dannz,baak,m,617,551-7045,roxbury crossing,ma,2120,m,n,5000,5.3,0,7150,0
466,8972,arcot,chellappa,m,978,394-4448,granby,ma,1033,m,n,50000,5.3,0,7150,0
467,8979,ziyad,boville,m,787,175-2048,puerto real,pr,740,s,n,55000,0.0,0,0,0
468,8983,yuval,lvov,m,252,932-6134,barrington,ri,2806,m,n,100000,0.0,0,0,0
469,8988,janaina,samarati,m,939,565-8371,san juan,pr,912,s,y,95000,0.0,0,0,0
470,9009,hiroyuke,remy,f,617,272-7532,medfield,ma,2052,m,y,50000,5.3,0,7150,1000
471,9013,jadwiga,masden,f,252,319-9853,central falls,ri,2863,m,n,100000,0.0,0,0,0
472,9023,ferroudja,gagvani,f,787,359-4385,san juan,pr,918,m,n,60000,0.0,0,0,0
473,9038,teruko,hokimoto,f,939,997-5172,dorado,pr,646,s,n,10000,0.0,0,0,0
474,9065,tapas,gruenberg,m,787,127-1293,ponce,pr,716,m,y,70000,0.0,0,0,0
475,9088,duangkaew,carriere,m,781,286-8040,weymouth,ma,2188,m,y,45000,5.3,0,7150,1000
476,9145,vijaj,poulakidas,f,339,225-2068,fall river,ma,2723,s,n,25000,5.3,3575,0,0
477,9181,danny,felger,m,978,998-2795,dennis port,ma,2639,m,n,90000,5.3,0,7150,0
478,9184,aria,mackie,f,787,628-1756,roosevelt roads,pr,742,m,y,40000,0.0,0,0,0
479,9191,ladjel,stille,m,252,832-3700,adamsville,ri,2801,s,n,50000,0.0,0,0,0
480,9192,parviz,buy,f,939,958-7066,mayaguez,pr,682,m,n,20000,0.0,0,0,0
481,9206,patrik,nagase,m,339,454-6773,sagamore beach,ma,2562,m,y,70000,5.3,0,7150,1000
482,9209,nevzat,pinzani,f,252,642-8963,pascoag,ri,2859,m,n,35000,0.0,0,0,0
483,9225,lothar,gurd,m,939,380-3382,barranquitas,pr,794,m,y,65000,0.0,0,0,0
484,9292,dhaval,matzel,m,210,187-2079,san juan,pr,913,s,n,45000,0.0,0,0,0
485,9379,kenta,anjum,m,617,907-3198,boston,ma,2210,m,y,10000,5.3,0,7150,1000
486,9381,koki,scherf,m,252,142-8788,hope valley,ri,2832,s,y,20000,0.0,0,0,0
487,9407,morten,cosoroaba,f,351,272-9689,west chop,ma,2573,s,n,20000,5.3,3575,0,0
488,9417,niklaus,kanamori,m,339,466-3702,east brookfield,ma,1515,s,n,50000,5.3,3575,0,0
489,9425,anish,d''auria,f,939,565-9364,arecibo,pr,613,s,y,70000,0.0,0,0,0
490,9459,kyungsook,bidulock,m,252,641-1417,braodford,ri,2808,s,y,25000,0.0,0,0,0
491,9480,simukai,kuroshev,f,939,679-6369,ponce,pr,717,m,y,25000,0.0,0,0,0
492,9503,nabil,kishida,m,210,691-4749,san juan,pr,907,m,y,85000,0.0,0,0,0
493,9516,shashank,terekhov,m,939,113-7630,catanno,pr,962,s,n,40000,0.0,0,0,h0
494,9531,pavel,rodier,f,939,367-6123,trujillo alto,pr,976,s,n,45000,0.0,0,0,***
495,9535,lanju,eilenberg,f,413,541-4372,lowell,ma,1854,m,y,80000,5.3,0,7150,1000
496,9543,hyunki,mathieson,m,210,680-8962,san juan,pr,916,m,y,80000,0.0,0,0,0
497,9548,takis,schaeffer,m,939,127-7415,bayamon,pr,956,s,y,25000,0.0,0,0,0
498,9559,kiyonori,koide,m,351,315-2428,boston,ma,2109,m,y,60000,5.3,0,7150,1000
499,9576,kirk,cui,m,210,784-4607,san juan,pr,937,m,n,5000,0.0,0,0,0
500,9589,sachin,castel,m,939,477-7902,arroyo,pr,714,m,n,35000,0.0,0,0,0
501,9593,theodoulos,landram,m,939,289-1920,culebra,pr,775,m,n,75000,0.0,0,0,0
502,9686,bethina,vietze,f,978,307-3028,assonet,ma,2702,s,n,55000,5.3,3575,0,0
503,9717,fumiyo,shiran,f,210,400-9373,san juan,pr,939,s,n,75000,0.0,0,0,***
504,9720,weidon,maramtz,f,787,551-3197,ensenada,pr,647,m,n,30000,0.0,0,0,0
505,9759,grover,waumans,f,516,576-3228,holtsville,ny,544,s,n,60000,4.3012195,0,0,0
506,9764,geereddy,dinkloh,f,252,700-7690,adamsville,ri,2801,m,n,65000,0.0,0,0,0
507,9812,saleh,brodnik,f,508,855-5883,cambridge,ma,2141,m,y,45000,5.3,0,7150,1000
508,9818,scott,debackere,f,939,840-4404,san german,pr,683,s,y,75000,0.0,0,0,0
509,9820,reima,monkeberg,m,939,162-4166,guaynabo,pr,971,s,y,55000,0.0,0,0,0
510,9830,sieu,lauck,f,781,813-5878,shirley,ma,1464,m,n,50000,5.3,0,7c150,0
511,9838,amotz,artosi,m,252,601-5064,clayvilel,ri,2815,s,n,35000,0.0,0,0,0
512,9902,kenrick,rowen,m,210,422-7417,san juan,rp,930,m,y,95000,0.0,0,0,0
513,9995,fereidoon,waumans,m,252,349-6783,north scituate,ri,2857,s,n,20000,0.0,0,0,0
514,10014,navid,nudd,m,787,911-5737,ponce,pr,734,s,y,70000,0.0,0,0,0
515,10056,ufuk,elphick,m,210,593-2715,san juan,pr,924,s,n,90000,0.0,0,0,0
516,10066,junnosuke,pitchumani,f,774,634-1303,agawam,ma,1001,s,n,5000,5.3,3575,0,0
517,10100,prakash,abe,f,351,474-9142,sudbury,ma,1776,m,y,40000,5.3,0,7150,1000
518,10101,sudebkumar,kontovasilis,m,781,735-9286,melrose,ma,2176,s,n,95000,5.3,3575,0,0
519,10105,borislav,surya,m,339,624-3199,fall river,ma,2720,m,y,100000,5.3,0,7150,1000
520,10149,jiawei,kotlyar,f,252,938-3004,pascoag,ri,2859,m,n,15000,0.0,0,0,0
521,10169,aladin,hammerl,m,252,395-3012,north kingstown,ri,2854,m,y,85000,0.0,0,0,0
522,10202,vitali,benaini,m,252,352-2353,greene,ri,2827,s,y,45000,0.0,0,0,0
523,10234,gerd,lamont,m,978,385-5731,north chelmsford,ma,1863,s,y,15000,5.3,3575,0,1000
524,10247,karthikeyan,geske,f,857,700-4119,cotuit,ma,2635,m,n,80000,5.3,0,7150,0
525,10260,jeng,camps,m,252,220-1312,harrisville,ri,2830,m,y,25000,0.0,0,0,0
526,10266,siba,cermak,f,413,495-5682,mashpee,ma,2649,m,n,40000,5.3,0,7150,0
527,10318,ajoy,lamping,f,252,790-5996,north scituate,ri,2857,m,n,5000,0.0,0,0,0
528,10319,falk,sarstedt,m,508,278-6984,russell,ma,1071,s,y,95000,5.3,3575,0,1000
529,10329,doina,evershed,f,252,672-9369,east greenwich,ri,2818,s,y,20000,0.0,0,0,0
530,10356,avikam,donath,f,787,259-3186,barceloneta,pr,617,m,y,35000,0.0,0,0,0
531,10374,yonghuai,feber,m,210,101-5353,san juan,pr,939,m,y,70000,0.0,0,0,0
532,10386,cormac,sureshchandran,f,787,373-2510,palmer,pr,721,s,y,15000,0.0,0,0,0
533,10393,miki,raum,m,252,518-1788,middletown,ri,2842,s,y,20000,0.0,0,0,0
534,10404,melissa,alpuente,f,787,447-7458,las marias,pr,670,m,y,80000,0.0,0,0,0
535,10410,terje,borrmann,m,210,231-1325,san juan,pr,922,s,y,20000,0.0,0,0,0
536,10416,peiyuan,ruocco,f,939,387-1792,humacao,pr,791,m,y,40000,0.0,0,0,0
537,10418,graca,nemytykh,f,339,147-9184,new bedford,ma,2742,m,n,35000,5.3,o0,7150,0
538,10436,tefko,maiorov,f,210,616-9075,san juan,pr,920,m,n,55000,0.0,0,0,0
539,10440,amichai,kreutz,m,210,571-6578,san juan,pr,928,m,n,35000,0.0,0,0,0
540,10460,zhong,wheeler,m,413,113-5282,ashby,ma,1431,s,n,75000,5.3,3575,0,0
541,10499,aran,heckmann,f,787,540-5520,sabana grande,pr,637,m,n,50000,0.0,0,0,0
542,10505,haesun,racz,m,787,738-8065,caroilna,pr,987,s,y,20000,0.0,0,0,0
543,10530,dokyeong,degimbe,m,980,855-2695,las piedras,per,771,s,n,70000,0.0,0,0,0
544,10537,xiangmin,narasayya,m,252,929-6951,pascoag,ri,2859,m,y,5000,0.0,0,0,0
545,10541,adham,hallnas,f,210,994-2855,san juan,pr,914,m,y,35000,0.0,a0,0,0
546,10543,uchang,chesneaux,f,252,615-7880,pawtucket,ri,2862,m,n,100000,0.0,0,0,0
547,10575,olumide,vaisey,m,339,404-9450,holliston,ma,1746,m,n,25000,5.3,0,7150,0
548,10622,simonas,pintz,f,939,624-8721,maunabo,pr,707,m,n,85000,0.0,0,0,0
549,10640,verena,cheshire,m,252,935-4672,kenyon,ri,2836,m,n,50000,0.0,0,0,0
550,10664,willard,stach,m,939,129-8600,caguas,pr,725,s,n,85000,0.0,0,0,0
551,10687,dipen,dienes,f,978,635-8699,fairhaven,ma,2719,m,y,70000,5.3,0,7150,1000
552,10714,teruaki,worsch,m,774,376-8228,west brookfield,ma,1585,m,n,15000,5.3,0,7150,0
553,10730,gus,leunen,m,787,350-1728,vega alta,pr,692,s,n,35000,0.0,0,0,0
554,10746,eliseu,ruano,***,781,457-3745,sagamore beach,ma,2562,s,y,70000,5.3,3575,0,1000
555,10776,xiaolang,hruby,f,351,538-1078,deerfield,ma,1342,m,y,70000,5.3,0,7150,1000
556,10803,przemyslaw,pezzoli,f,781,249-5738,north chelmsford,ma,1863,m,y,20000,5.3,0,7150,1000***
557,10815,dieter,aschim,m,413,739-4126,west medford,ma,2156,s,n,90000,5.3,3575,0,0
558,10828,koppolu,parikh,m,210,320-5931,san juan,pr,933,m,n,90000,0.0,0,0,0
559,10838,youcef,gavrin,m,978,198-5943,falmouth,ma,2540,m,n,85000,5.3,0,7150,0
560,10844,starr,lycklama,m,774,480-4836,wayland,ma,1778,s,n,85000,5.3,3575,0,0
561,10853,gada,gupta,***,781,332-9584,framingham,ma,1705,s,n,10000,5.3,3575,0,0
562,10868,zuliang,chander,m,939,495-3922,ponce,pr,734,m,n,50000,0.0,0,0,0
563,10976,wenci,wilhite,f,252,918-3713,caerolina,ri,2812,m,n,65000,0.0,0,0,0
564,10979,asiri,cousineau,m,787,817-7204,carolina,pr,986,s,y,70000,0.0,0,0,0
565,10989,angel,baudin,f,339,909-5515,lynn,ma,1902,m,y,80000,5.3,0,7150,1000
566,10994,surya,cheriton,f,617,341-3578,linwood,ma,1525,m,y,15000,5.3,0,7150,1000
567,10997,tarcisio,turkedjiev,f,857,898-9294,northfield,ma,1360,s,n,5000,5.3,3575,0,0
568,11015,shailendra,bergevin,m,978,993-5542,sagamore beach,ma,2562,s,n,10000,5.3,3575,0,0
569,11055,hanan,leibl,m,252,159-3390,north kingstown,ri,2852,m,y,15000,0.0,0,0,0
570,11066,daria,sawada,f,252,298-4591,jamestown,ri,2835,m,y,15000,0.0,0,0,0
571,11127,yukinobu,jacobsson,f,413,190-2754,dedham,ma,2026,s,n,85000,5.3,3575,0,0
572,11165,dhruba,lothe,m,781,676-3198,somerset,ma,2726,s,n,20000,5.3,3575,0,0
573,11174,yildiray,iverson,f,939,132-9606,toa alta,pr,953,m,y,80000,0.0,0,0,0
574,11180,gora,wortmann,m,857,895-7915,paxton,ma,1612,s,n,40000,5.3,3575,0,0
575,11192,willett,lynn,f,252,392-4136,clayville,ri,2815,m,y,95000,0.0,0,0,0
576,11199,aron,trogemann,f,787,235-3165,cavtano,pr,962,m,y,90000,0.0,0,0,0
577,11207,naoki,sirovich,f,978,485-3823,millville,ma,1529,s,n,85000,5.3,3575,0,0
578,11216,fracisco,rusmann,f,351,948-1689,chatham,ma,2633,s,n,45000,5.3,3575,0,0
579,11239,sandhya,kazakov,f,351,741-1383,harvard,ma,1451,m,y,65000,5.3,0,7150,1000
580,11242,yasuichi,pinkal,m,939,894-5063,caguas,pr,727,s,y,5000,0.0,***,0,0
581,11244,berardina,beeferman,f,339,638-9514,attleboro falls,ma,2763,m,y,20000,5.3,0,7150,1000
582,11259,athanassios,perl,f,210,744-4067,exeter,ri,2822,m,n,100000,0.0,0,0,0
583,11314,ronaldo,havelund,m,351,566-1909,halifax,ma,2338,m,y,60000,5.3,0,7150,1000
584,11316,vasudha,campr,m,939,519-8027,naranjito,pr,719,m,n,50000,0.0,0,***,0
585,11324,masaru,streit,f,252,670-1798,bradford,ri,2808,s,y,40000,0.0,0,0,0
586,11327,marcian,grnarov,f,210,913-4097,san juan,pr,920,s,y,50000,0.0,0,0,0
587,11332,brad,speek,f,774,459-4121,chathma,ma,2633,s,y,70000,5.3,3575,0,1000
588,11351,kuniaki,zastre,f,413,217-5670,barre,ma,1005,m,y,65000,5.3,0,7150,1000
589,11382,ehab,inenaga,m,339,713-3209,holliston,ma,1746,s,y,40000,5.3,0,0,1000
590,11384,xinxin,staveren,f,413,440-6025,north pembroke,ma,2358,m,y,100000,5.3,0,7150,1000
591,11423,gajendra,spinelli,f,339,300-5920,burlington,ma,1803,m,y,55000,5.3,0,7150,1000
592,11440,benard,toulouse,f,210,589-1261,san juan,pr,939,s,y,75000,0.0,0,0,0
593,11485,tsipora,andreotta,m,774,393-8228,north adams,ma,1247,m,y,60000,5.3,0,7150,1000
594,11494,panos,hebisch,***,787,124-1286,carolina,pr,983,s,y,40000,0.0,0,0,0
595,11501,yukihiro,rheingans,f,508,703-9262,east taunton,ma,2718,m,n,55000,5.3,0,7150,0
596,11521,chandrasekaran,raskhodnikova,m,787,991-6734,salinas,pr,751,m,y,45000,0.0,0,0,0
597,11561,javan,spicer,f,781,659-9616,hopedale,ma,1747,s,y,95000,5.3,3575,0,1000
598,11611,tadaaki,macnair,m,787,216-9914,toa baja,r,950,s,n,60000,0.0,0,0,0
599,11645,carl,tretkoff,m,939,472-3330,craolina,pr,987,m,n,45000,0.0,0,0,0
600,11667,make,breuker,m,508,558-2876,natick,ma,1760,m,y,40000,5.3,0,7150,1000
601,11705,gernot,redon,m,939,443-8397,guaynabo,pr,966,s,y,95000,0.0,0,0,0
602,11709,farzin,biron,m,781,323-8240,west falmouth,ma,2574,m,n,30000,5.3,0,7150,0
603,11728,irek,diener,m,787,175-3862,bayamon,pr,957,m,n,70000,0.0,0,0,0
604,11732,geir,chinal,m,252,708-5077,portsmouth,ri,2871,s,n,5000,0.0,0,0,0
605,11755,akimou,kitakami,f,787,435-6657,toa alta,pr,953,s,y,5000,0.0,0,0,0
606,11766,aurore,pero,m,939,372-3131,aguadilla,pr,605,s,y,100000,0.0,m0,0,0
607,11781,jeane,minor,f,252,501-3125,glendale,ri,2826,m,y,50000,0.0,0,0,0
608,11793,yongcheng,bara,m,939,947-4707,jayuya,pr,664,s,n,60000,0.0,0,0,0
609,11794,amitabha,chown,f,508,581-5811,gill,ma,1354,s,n,55000,5.3,3575,0,0
610,11805,shangzhi,daneels,f,781,827-2130,framingham,ma,1705,m,n,100000,5.3,0,7m150,0
611,11817,zhidong,lovis,f,939,215-2065,bayamon,pr,957,m,n,85000,0.0,0,0,***
612,11821,azuma,scollo,f,413,682-9097,hampden,ma,1036,m,n,80000,5.3,0,750,0
613,11825,kangwoo,dinsenmeyer,f,787,224-7259,anovanas,pr,729,s,y,75000,0.0,0,0,0
614,11839,sujeet,seuren,f,787,829-3249,loiza,pr,772,s,y,25000,0.0,0,0,0
615,11851,munish,chesneaux,m,252,652-2501,greenville,ri,2828,m,y,55000,0.0,0,0,0
616,11866,tamitha,lavin,f,351,960-4426,chicoepe,ma,1014,m,n,75000,5.3,0,7150,0
617,11876,gurmeet,henders,m,774,681-2761,cambridge,ma,2140,s,n,80000,5.3,3575,0,0
618,11918,kristin,sollner,f,252,670-1291,pawtucket,ri,2860,s,y,60000,0.0,0,0,0
619,11972,jinhwan,siprelle,m,787,377-8598,ponce,pr,731,s,n,70000,0.0,0,0,0
620,11994,guoliang,radi,f,617,839-1393,barnstable,ma,2630,m,n,45000,5.3,0,7150,0
621,12033,liwu,vandervoorde,f,787,426-5243,guaynabo,pr,970,m,n,25000,0.0,0,0,0
622,12063,yvette,mehrmann,m,978,935-5105,elmwood,ma,2337,s,y,100000,5.3,3575,0,1000
623,12064,spyridon,jingmin,f,787,304-6651,arecibo,pr,613,m,n,100000,0.0,0,0,0
624,12069,adib,nitta,m,508,953-5288,onset,ma,2558,m,n,100000,5.3,0,7150,0
625,12094,montgomery,houtekamer,m,252,749-6221,acrolina,ri,2812,m,n,25000,0.0,0,0,0
626,12100,joanthan,gerace,f,774,441-6153,oakham,ma,1068,m,y,20000,5.3,0,7150,1000
627,12112,ryosuke,kurbel,f,939,118-3430,ponce,pr,730,s,y,15000,0.0,0,0,0
628,12142,lurdes,lundelius,m,252,825-5720,clayvile,ri,2815,s,y,5000,0.0,0,0,0
629,12143,zhimin,szymczak,m,252,276-2493,clavyille,ri,2815,m,y,10000,0.0,0,0,0
630,12160,vaclav,chweh,m,252,615-7712,hope valley,ri,2832,m,n,80000,0.0,0,0,0
631,12179,loretta,cusworth,f,252,405-7157,oakland,ri,2858,s,n,30000,0.0,0,0,0
632,12185,igal,fosse,m,978,407-5778,roslindale,ma,2131,m,n,55000,5.3,0,7150,0
633,12201,motoyasu,devgan,f,939,638-9521,arecibo,pr,614,m,n,60000,0.0,0,0,0
634,12220,kamil,skronn,m,781,253-6672,brockton,ma,2302,m,n,60000,5.3,0,7150,0
635,12231,fang,melkman,f,252,736-1985,greenville,ri,2828,s,n,20000,0.0,0,0,0
636,12239,gerbert,lichtenecker,m,939,584-6045,juana diaz,pr,795,m,n,75000,0.0,0,0,0
637,12244,huihuang,sekaran,m,781,613-7938,mendon,ma,1756,m,n,60000,5.3,0,7150,0
638,12308,kaoru,kuhnemann,m,939,221-6054,jayuya,pr,664,m,y,90000,0.0,0,0,0
639,12349,joonhee,kapp,m,252,981-5329,forestdale,ri,2824,m,y,85000,0.0,0,0,0
640,12358,hae,murty,m,774,644-7678,,ma,1730,s,n,40000,5.3,3575,0,0
641,12386,michel,pillow,f,781,593-5812,marshfield,ma,2050,m,y,35000,5.3,0,7150,1000
642,12496,zahir,shirai,m,857,426-2346,boston,ma,2127,s,n,100000,5.3,3575,0,0
643,12500,phaiboon,rebeuf,f,787,907-4409,penuelas,pr,624,m,y,30000,0.0,0,0,0
644,12524,gwang,chakroborty,m,787,958-9144,loiza,pr,772,m,y,15000,0.0,0,0,0
645,12525,golgen,kerntopf,f,508,391-3976,medway,ma,2053,m,y,15000,5.3,0,7150,1000
646,12533,guhan,can,m,339,187-9699,boston,ma,2112,m,y,55000,5.3,0,7150,1000
647,12560,hosahalli,xiaowen,f,252,983-5676,east greenwich,ri,2818,s,n,45000,0.0,0,0,0
648,12593,ravi,ranganath,f,787,623-1859,luquillo,pr,773,s,n,35000,0.0,0,0,0
649,12609,iztok,rheingans,m,252,387-7312,mapleville,ri,2839,m,y,75000,0.0,0,0,0
650,12626,jackie,lazard,f,781,209-2198,westborough,ma,1580,s,y,95000,5.3,3575,0,1000
651,12656,vanio,neiman,f,939,824-6638,ponce,pr,733,m,n,85000,0.0,0,0,0
652,12670,haichen,chappelet,m,351,372-8807,north amherst,ma,1059,m,n,5000,5.3,0,7150,0
653,12693,colm,raveh,m,781,177-9629,hyde park,am,2136,m,n,50000,5.3,0,7150,0
654,12714,osni,ratto,f,939,385-7656,naranjito,pr,719,s,n,100000,0.0,0,0,0
655,12722,zhigen,wooldridge,m,978,803-5363,west barnstable,ma,2668,s,n,30000,5.3,3575,0,0
656,12764,shilpa,skowron,f,787,259-9113,aguadilla,pr,603,s,n,10000,0.0,0,0,0
657,12779,rajanarayanan,huxford,f,787,478-7176,rosario,pr,636,s,n,100000,0.0,0,0,0
658,12783,zeynep,forte,m,787,373-5897,ponce,pr,728,m,y,45000,0.0,0,0,0
659,12803,jieyu,gupte,m,508,577-1343,gohen,ma,1032,m,n,50000,5.3,0,7150,0
660,12814,edson,dziadosz,f,781,638-2130,devens,ma,1434,m,y,30000,5.3,0,71n50,1000
661,12841,paraic,milne,f,939,480-8918,coto laurel,pr,780,m,y,90000,0.0,0,0,0
662,12900,adas,swiler,m,939,829-4353,humacao,pr,791,m,n,85000,0.0,0,0,0
663,12939,zhidong,maclachlan,f,508,498-7187,grafton,ma,1519,s,y,35000,5.3,3575,0,1000
664,12982,janjao,gove,m,787,523-8465,ponce,pr,717,m,y,95000,0.0,0,0,0
665,12989,mingsheng,milojicic,m,210,130-8242,san juan,pr,928,m,n,90000,0.0,0,0,***
666,13063,khue,pokorny,f,978,817-9541,drury,ma,1343,s,y,50000,5.3,3575,0,1000
667,13064,gurdeep,kriebel,m,252,146-2193,east greenwich,ri,2818,s,y,5000,0.0,0,0,0
668,13068,glauco,brunt,m,774,132-8670,lynn,ma,1904,m,n,40000,5.3,0,7150,0
669,13121,weizhen,manthey,f,939,330-2652,dorado,pr,646,s,n,95000,0.0,0,0,0
670,13127,junguk,hedger,m,252,696-3825,pascoag,ri,2859,m,n,100000,0.0,0,0,0
671,13191,teruji,cho,f,210,587-9344,san juan,pr,906,m,y,80000,0.0,0,0,0
672,13211,abdelali,ebcioglu,f,252,658-7598,little compton,ri,2837,s,y,20000,0.0,0,0,0
673,13222,joohack,gradenigo,f,339,559-9985,barnstable,ma,2630,m,y,15000,5.3,0,7150,1000
674,13247,reinder,bodek,m,787,991-6031,arecibo,pr,612,s,y,15000,0.0,0,0,0
675,13270,fusatake,telerman,m,978,534-4837,boston,ma,2116,s,n,45000,5.3,3575,0,0
676,13281,heonshik,sowizrai,f,781,985-5204,gloucester,ma,1930,m,y,5000,5.3,0,7150,1000
677,13304,shreekant,pfalzgraf,f,252,859-8234,jamestown,ri,2835,s,n,95000,0.0,0,0,0
678,13321,konstantin,wild,f,210,159-6920,san juan,pr,918,m,n,35000,0.0,0,0,***
679,13327,xiaoyang,mcgavran,f,857,997-1442,holden,ma,1520,s,n,30000,5.3,3575,0,***
680,13332,cord,shimohata,m,787,149-3516,caorlina,pr,987,s,n,100000,0.0,0,0,r0
681,13333,xiaoqiu,gabalda,m,857,393-6894,south lee,ma,1260,s,y,95000,5.3,3575,0,1000
682,13345,camelia,cleve,m,787,842-6943,luquillo,pr,773,m,y,40000,0.0,0,0,0
683,13409,souichi,padget,f,339,590-3552,wayland,ma,1778,s,n,15000,5.3,3575,0,0
684,13414,pierluigi,soicher,f,252,987-4142,pawtucket,ri,2862,s,y,95000,0.0,0,0,0
685,13416,heike,garnham,m,617,425-9564,tewksbury,ma,1876,m,y,95000,5.3,0,7150,1000
686,13472,giansalvatore,sanidas,m,939,833-7774,penuelas,pr,624,m,n,55000,0.0,0,0,0
687,13484,jaeheon,moliner,f,939,275-9206,pone,pr,717,m,n,95000,0.0,0,0,0
688,13496,narcis,bodwin,f,781,869-6249,harvard,ma,1451,s,y,20000,5.3,3575,0,1000
689,13510,florentino,ventsov,wf,508,165-1192,boston,ma,2204,s,n,90000,5.3,3575,0,0
690,13524,reiko,dubernard,m,857,191-1681,falmouth,ma,2541,m,n,25000,5.3,0,7150,0
691,13542,gao,kain,***,617,298-8211,humarock,ma,2047,m,y,15000,5.3,0,7150,1000
692,13566,amilcar,ruther,f,857,226-9009,siasconset,ma,2564,s,n,55000,5.3,3575,0,0
693,13604,leann,lieblein,f,939,915-5641,aguadilla,pr,605,s,y,65000,0.0,0,0,0
694,13668,matilde,houtekamer,m,617,592-9470,worcester,ma,1654,m,n,40000,5.3,0,7150,0
695,13723,maksim,affisco,m,787,202-1167,san juan,pr,917,s,y,60000,0.0,0,0,0
696,13725,tamir,mitzlaff,f,781,442-1913,new bedford,ma,2740,m,y,90000,5.3,0,7150,1000
697,13747,daigo,giraffa,m,252,519-3938,little compton,ri,2837,s,y,35000,0.0,0,0,0
698,13792,constantino,hauskrecht,m,939,972-7382,roosevelt roads,pr,742,m,n,25000,0.0,0,0,0
699,13813,murari,kriebel,m,774,473-2340,south easton,ma,2375,s,y,90000,5.3,3575,0,1000
700,13845,edjard,nakakoji,m,252,177-5712,pascoag,ri,2859,m,n,70000,0.0,0,0,0
701,13863,birger,zaccaria,m,781,168-3007,westfield,ma,1086,m,y,80000,5.3,0,7150,1000
702,13870,yoshiak,milidiu,m,787,673-6706,orocovis,pr,720,m,n,20000,0.0,0,0,0
703,13881,mahadevan,bhar,f,252,870-4491,oakland,ri,2858,m,n,100000,0.0,0,0,0
704,13955,vinod,pfalzgraf,f,939,172-7450,rincon,pr,677,s,y,50000,0.0,0,0,0
705,13961,sivanarayana,fujisaki,m,787,721-3097,utuado,pr,641,s,y,100000,0.0,0,0,0
706,14032,lok,sherwood,f,252,716-5741,pawtucket,ri,2862,s,n,15000,0.0,0,0,0
707,14114,bertram,plantinga,m,781,763-7737,west newbury,ma,1985,m,y,50000,5.3,0,7150,1000
708,14137,marco,androutsos,nm,252,836-6808,exeter,ri,2822,s,y,65000,0.0,0,0,0
709,14175,aristotle,ledru,m,339,627-6325,wakefield,ma,1880,s,n,90000,5.3,3575,0,0
710,14194,viviana,belcastro,f,787,878-8463,moca,pr,676,m,y,100000,0.0,0,0,0
711,14223,shigeo,birke,f,210,894-2705,san juan,pr,910,s,y,50000,0.0,0,0,0
712,14231,jerry,minea,f,413,295-1678,milton,ma,2186,s,n,30000,5.3,3575,0,0
713,14244,monish,heinze,m,413,249-8468,fall river,ma,2722,m,y,100000,5.3,0,7150,1000
714,14265,aleta,rauh,m,787,442-1170,toa alta,pr,953,m,n,65000,0.0,0,0,0
715,14277,aleksei,schittenkopf,m,508,447-2541,roxbury crossing,ma,2120,m,y,5000,5.3,0,7150,1000
716,14288,emeka,doornbos,m,939,868-8579,vega alta,pr,692,s,n,35000,0.0,0,0,0
717,14290,yusaku,deogon,m,978,468-6029,baldwinville,ma,1436,s,y,90000,5.3,3575,0,1000
718,14323,gioia,demleitner,f,210,164-2147,san juan,pr,923,s,n,95000,0.0,0,0,a0
719,14332,suhayya,helland,f,210,482-3142,san juan,pr,923,m,y,30000,0.0,0,0,0
720,14350,donanld,magalhaes,f,787,624-2449,cayey,pr,736,m,n,15000,0.0,0,0,0
721,14393,fereidoon,ehrenfeucht,m,252,497-1194,calyville,ri,2815,m,n,10000,0.0,0,0,0
722,14401,sangmin,hubbers,m,939,861-5609,adjuntas,pr,601,s,n,5000,0.0,0,0,0
723,14404,gomer,bamford,f,939,753-2055,sabana grande,pr,637,m,y,50000,0.0,0,0,0
724,14422,gunhild,haddley,f,787,974-5601,rincon,pr,677,s,n,100000,0.0,0,0,0
725,14430,uisok,tompits,m,939,817-6602,,pr,659,s,n,90000,0.0,0,0,0
726,14443,marit,dinsenmeyer,m,939,497-5127,utuado,pr,641,s,n,25000,0.0,0,0,0
727,14452,simeon,gestri,m,857,169-5762,oakham,ma,1068,m,n,60000,5.3,0,7150,0
728,14458,kotesh,protzel,m,781,205-8400,south harwich,ma,2661,m,n,5000,5.3,0,7150,0
729,14494,mones,awdeh,f,939,406-4812,moca,pr,676,s,y,55000,0.0,0,0,0
730,14616,asuman,pietro,m,787,291-3223,naguabo,pr,718,m,y,25000,0.0,0,0,0
731,14653,sasan,bari,m,252,929-5204,pascoag,ri,2859,s,y,35000,0.0,0,0,0
732,14669,hidehisa,spier,m,787,805-9940,ponce,pr,730,s,y,60000,0.0,0,0,0
733,14679,shengdong,belyaev,m,508,339-1458,chilmark,ma,2535,s,y,5000,5.3,3575,0,1000
734,14684,herward,shklar,um,978,220-4803,clinton,ma,1510,m,y,30000,5.3,0,7150,0100
735,14689,algirdas,haraguchi,m,413,172-8064,quincy,ma,2269,s,n,15000,5.3,3575,0,0
736,14721,tomohiko,matuschka,m,351,834-6320,roxbury crossing,ma,2120,s,y,15000,5.3,3575,***,1000
737,14724,aylmer,pollatschek,f,413,673-4857,west wareham,ma,2576,m,n,50000,5.3,0,7150,0
738,14736,naranker,ashworth,m,787,592-3853,sabana hoyos,pr,688,m,y,90000,0.0,0,0,0
739,14743,oliviero,ardizzone,m,617,645-2629,webster,ma,1570,m,n,25000,5.3,0,7150,0
740,14756,elmar,beidas,f,508,461-6526,buzzards bay,ma,2532,s,y,25000,5.3,3575,0,1000
741,14762,toshikazu,joslin,f,252,726-8110,carolna,ri,2812,s,y,90000,0.0,0,0,0
742,14813,vasudha,lipper,m,787,561-6473,carolina,pr,981,m,n,25000,0.0,0,0,0
743,14861,tjalling,khatib,m,252,878-3293,charlestjown,ri,2813,m,y,85000,0.0,0,0,0
744,14862,valtteri,oates,f,787,798-1573,toa baja,pr,951,m,y,20000,0.0,0,0,0
745,14863,kimon,haggerty,m,617,113-6837,east templeton,ma,1438,s,n,5000,5.3,3575,0,0
746,14871,pirjo,merges,f,252,848-6434,barrington,ri,2806,m,y,85000,0.0,0,0,0
747,14881,denzil,jurdjevic,m,857,697-4302,marstons mills,ma,2648,s,y,30000,5.3,3575,0,1000
748,14890,object,marovac,m,351,677-9656,west tisbury,ma,2575,s,n,10000,5.3,3575,0,0
749,14891,helene,dillet,m,210,522-9513,san juan,pr,936,m,n,5000,0.0,0,0,s0
750,14938,alin,aimeur,f,508,728-9238,framingham,ma,1703,m,y,55000,5.3,0,7150,1000
751,14943,yekta,bofill,f,939,181-4959,lares,pr,669,m,y,95000,0.0,0,0,0
752,14944,jawahar,whitlock,f,939,899-6631,aguadilla,pr,603,s,n,60000,0.0,0,0,0
753,14955,erez,chalamaiah,m,939,965-7684,rio grande,pr,745,s,n,60000,0.0,0,0,0
754,14962,themis,wesselkamper,f,787,391-3822,aguadilla,pr,605,m,n,5000,0.0,0,0,0
755,14981,keiji,palomar,m,939,920-9986,maunabo,pr,707,m,y,40000,0.0,0,0,0
756,15013,sadeph,balboni,m,939,852-3436,juana diaz,pr,795,s,n,80000,0.0,0,0,0
757,15017,regine,rino,f,781,984-6557,sandisfield,ma,1255,s,n,60000,5.3,3575,0,0
758,15043,yugo,normoyle,m,339,161-9083,south weymouth,ma,2190,s,y,45000,5.3,3575,0,1000
759,15055,parto,rivero,m,939,277-3430,arecibo,pr,612,s,y,95000,0.0,0,0,0
760,15092,jieh,klimov,f,508,119-1896,north attleboro,ma,2761,s,n,30000,5.3,3575,0,0
761,15110,ismo,kabayashi,m,339,246-9683,springfield,ma,1138,s,n,20000,5.3,3575,0,0
762,15136,satinder,kiesler,f,978,118-9196,arlington,ma,2474,m,n,70000,5.3,0,7150,0
763,15176,bingchiang,arbib,m,252,294-3279,west greenwich,ri,2817,s,n,65000,0.0,0,0,0
764,15182,wesley,ugol''nikov,m,339,919-9485,cambridge,ma,2239,s,n,100000,5.3,3575,0,0
765,15188,zosimo,bass,m,939,999-8011,loiza,pr,772,s,y,65000,0.0,0,0,0
766,15227,mathias,grom,m,339,653-8794,boston,ma,2284,s,y,95000,5.3,3575,0,1000
767,15228,munehiko,lamsweerde,m,252,497-9721,hope valley,ri,2832,s,n,5000,0.0,0,0,0
768,15231,ashwini,moffat,f,339,862-2088,warwick,ma,1378,s,n,50000,5.3,3575,0,0
769,15232,jonas,loeppner,m,857,494-8353,boston,ma,2297,s,n,55000,5.3,3575,0,0
770,15291,herhard,idomoto,f,939,720-3818,carolina,pr,985,m,y,5000,0.0,0,o0,0
771,15300,fikret,cullinane,m,252,601-1360,fiskeville,ri,2823,s,y,20000,0.0,0,0,0
772,15320,amane,bard,f,939,312-1496,la plata,pr,786,m,y,75000,0.0,0,0,0
773,15333,petri,suwunboriruksa,f,787,204-7741,carolina,pr,988,m,y,55000,0.0,0,0,0
774,15335,chrisa,ulman,m,978,367-7999,dover,ma,2030,m,n,75000,5.3,0,7150,0
775,15367,seung,dippoldsmann,f,252,998-2723,hope valley,ri,2832,m,n,60000,0.0,0,0,0
776,15389,diane,autin,m,351,488-7844,southfield,ma,1259,m,n,30000,5.3,0,7150,0
777,15419,athushi,schlenzig,m,787,799-7185,caomo,pr,769,s,y,25000,0.0,0,0,0
778,15485,ludomir,lakshmikantham,m,787,798-2986,jayuya,pr,664,s,n,55000,0.0,0,0,0
779,15511,narendar,giovini,f,787,291-2684,corozal,pr,783,s,y,70000,0.0,0,0,0
780,15528,yutaka,bekesi,m,978,824-8707,royalston,ma,1368,m,y,60000,5.3,0,7150,1000
781,15535,bijendra,stiles,f,210,417-5746,san juan,pr,939,s,n,20000,0.0,0,0,0
782,15593,sivaprakasam,cosoroaba,m,787,806-2083,san juan,pr,936,m,n,5000,0.0,0,0,0
783,15618,amitavo,menczer,m,787,673-2091,castnaer,pr,631,s,y,5000,0.0,0,0,0
784,15626,ryuzo,kabalevsky,f,252,579-4832,harrisville,ri,2830,s,n,95000,0.0,0,0,0
785,15627,hermann,eastaughffe,f,252,200-8578,pawtucket,ri,2860,m,y,5000,0.0,0,0,0
786,15642,vineet,lewart,m,351,409-5216,woburn,ma,1815,s,y,10000,5.3,3575,0,1000
787,15643,michiko,nissenbaum,***,339,545-3823,monson,ma,1057,m,n,65000,5.3,0,7150,0
788,15649,hirozumi,kulasinghe,m,508,325-6206,springfield,ma,1104,s,y,25000,5.3,3575,0,1000
789,15651,grant,lalanne,f,210,253-9540,san juan,pr,925,s,y,85000,0.0,0,0,0
790,15668,miyi,rassart,f,339,600-5955,north attleboro,ma,2760,m,n,55000,5.3,0,7150,0
791,15741,jahuda,breugel,f,252,315-5234,newport,ri,2841,s,y,75000,0.0,0,0,0
792,15743,sander,spinning,m,978,355-8301,boston,ma,2116,s,n,25000,5.3,3575,0,0
793,15800,changming,basler,f,413,967-1568,nutting lake,ma,1865,s,y,25000,5.3,3575,0,1000
794,15812,kyongho,machida,f,857,677-4791,southfield,ma,1259,s,y,5000,5.3,3575,0,1000
795,15857,adly,codenie,m,252,596-1594,hope,ri,2831,m,n,15000,0.0,0,0,0
796,15883,major,doucet,m,939,632-2201,guayama,pr,784,s,n,45000,0.0,0,0,0
797,15890,junjie,quackenbush,m,787,583-7771,salinas,pr,751,m,n,5000,0.0,0,0,0
798,15919,gunar,sridhar,m,210,444-4233,san juan,pr,908,m,n,30000,0.0,0,0,0
799,15934,jerri,hofer,f,252,342-5550,charestown,ri,2813,s,y,45000,0.0,0,0,0
800,15982,joelle,beidas,f,787,200-8619,ceiab,pr,735,m,n,10000,0.0,0,0,0
801,16001,newman,klusik,f,252,293-5614,manville,ri,2838,s,n,95000,0.0,0,0,0
802,16041,evanthia,muhlen,m,252,427-7974,west greenwich,ri,2817,s,n,65000,0.0,0,0,0
803,16081,arno,pintelas,f,857,314-9040,allston,ma,2134,s,y,50000,5.3,3575,0,1000
804,16135,liangwei,karlapalem,m,774,568-9637,cehesterfield,ma,1012,m,n,75000,5.3,0,7150,0
805,16144,kangsheng,kalb,m,787,921-7721,san juan,pr,936,m,y,90000,0.0,0,0,0
806,16173,chuanyi,ayani,***,252,876-2393,harrisville,ri,2830,s,n,35000,0.0,0,0,0
807,16183,case,lubiw,m,939,352-2580,maunabo,pr,707,m,n,75000,0.0,0,0,0
808,16186,rossella,capua,f,857,547-8654,hanscom afb,ma,1731,s,y,95000,5.3,3575,0,1000
809,16210,vlado,sedobgo,m,787,943-9530,adjuntas,pr,601,m,n,60000,0.0,0,0,0
810,16239,nimmagadda,machiraju,f,939,779-3932,punta santiago,pr,741,m,n,85000,0.0,0,0,0
811,16241,alexis,yagi,f,787,773-4306,cataon,pr,963,s,y,50000,0.0,0,0,0
812,16261,kemal,witkowski,f,508,328-8143,chatfham,ma,2633,s,y,65000,5.3,3575,0,1000
813,16285,nadav,maelbrancke,m,939,690-9532,maunabo,pr,707,s,n,70000,0.0,0,0,0
814,16297,luquan,cassels,f,339,662-5683,newburyport,am,1950,m,y,45000,5.3,0,7150,1000
815,16308,kenshin,silva,m,939,546-9002,guaynabo,pr,968,s,y,90000,0.0,0,0,0
816,16334,seiichi,hermanns,f,939,822-1613,las marias,pr,670,s,y,60000,0.0,0,0,0
817,16349,michi,raje,f,252,242-1081,foster,ri,2825,m,n,30000,0.0,0,0,0
818,16372,troels,beilin,m,781,828-1079,bridgewater,ma,2325,m,y,45000,5.3,0,7150,1000
819,16397,raimund,heiner,f,617,850-9716,richmond,ma,1254,m,n,20000,5.3,0,7150,0
820,16418,sirkka,nagasamy,f,939,358-3535,penuelas,pr,624,s,y,10000,0.0,0,0,0
821,16419,soumen,malitz,f,617,216-3364,lunenburg,ma,1462,s,y,85000,5.3,3575,0,1000
822,16435,gianluca,doggaz,f,210,956-9676,san juan,pr,975,m,y,70000,0.0,0,0,0
823,16443,juliet,hjelsvold,f,939,440-4740,vega alta,pr,692,m,n,10000,0.0,0,0,0
824,16454,woei,doudou,m,252,923-8704,north kingstown,ri,2854,m,y,70000,0.0,0,0,0
825,16474,yanling,quaggetto,m,252,603-1534,charlsetown,ri,2813,s,y,35000,0.0,0,0,0
826,16480,samar,murdock,m,210,703-3914,san juan,pr,924,m,n,30000,0.0,0,0,0
827,16498,jihoon,ehrhard,m,781,390-5350,north hatfield,ma,1066,m,n,45000,5.3,0,7150,0
828,16556,nevana,rana,m,339,386-6380,blackstone,ma,1504,s,y,95000,5.3,3575,0,1000
829,16565,mirjana,bergman,f,252,900-4857,jamestown,ri,2835,s,n,30000,0.0,0,0,0
830,16584,galen,furedi,m,252,160-2880,mapleville,ri,2839,s,y,70000,0.0,0,0,0
831,16596,motoei,chabrier,m,252,326-7958,linclon,ri,2865,m,y,75000,0.0,***,0,0
832,16606,arkady,ranze,f,787,709-2607,guaynabo,pr,970,m,n,30000,0.0,0,0,***
833,16704,sakae,padubidri,m,939,851-7016,guaynabo,pr,968,s,n,80000,0.0,0,0,0
834,16705,ashutosh,pataki,m,939,478-8322,ponce,pr,728,s,y,65000,0.0,0,0,0
835,16747,yasuichi,malhis,m,787,536-4749,ponce,pr,716,s,y,75000,0.0,0,0,0
836,16777,brig,heljanko,f,787,962-6008,caolina,bpr,984,s,n,30000,0.0,0,0,***
837,16784,yahong,gestri,f,939,279-6728,penuelas,pr,624,m,y,40000,0.0,0,0,0
838,16797,pantung,manthey,f,774,596-9001,new salem,ma,1355,m,n,35000,5.3,0,7150,0
839,16834,vladik,kneisl,m,787,264-6934,guaynabo,pr,970,s,y,95000,0.0,0,0,0
840,16868,ingemar,gehringer,m,252,468-5244,mapleville,ri,2839,s,n,5000,0.0,0,0,0
841,16894,helmut,ostertag,m,787,927-8325,patillas,pr,723,m,y,40000,0.0,0,0,0
842,16905,guoqing,breunig,m,339,729-2605,boston,ma,2283,s,n,10000,5.3,3575,0,0
843,16908,takeomi,khedro,f,351,948-7262,prides crossing,ma,1965,m,n,90000,5.3,0,7150,0
844,16922,elia,laubscher,m,787,253-7062,orocovis,pr,720,s,n,10000,0.0,0,0,0
845,16950,jongmin,berezin,m,252,763-1450,lincoln,ri,2865,m,y,5000,0.0,0,0,0
846,16956,agnar,wadge,f,351,369-6986,worcester,ma,1653,m,y,25000,5.3,0,7150,1000
847,16968,yiming,laudwein,m,413,881-8260,millis,ma,2054,m,y,80000,5.3,0,7150,1000
848,16989,yasufumi,delano,f,939,893-1668,cayye,pr,736,m,n,95000,0.0,0,0,0
849,17003,jodi,gonzalez,m,339,843-5246,springfield,ma,1115,s,y,55000,5.3,3575,0,1000
850,17005,annick,aylett,f,508,636-6963,millville,ma,1529,m,n,85000,5.3,0,7150,0
851,17019,chandrashekar,niinomi,m,252,357-6145,charelstown,ri,2813,m,y,30000,0.0,0,0,0
852,17035,uma,felsner,f,787,885-6876,ponce,pr,732,s,n,35000,0.0,0,0,0
853,17049,yinong,riesenhuber,m,210,473-3325,san juan,pr,902,m,y,100000,0.0,0,0,0
854,17055,latha,marciano,m,351,909-2946,fall river,ma,2723,m,y,70000,5.3,0,7150,1000
855,17082,barry,cowie,f,617,983-6404,newton highlands,ma,2461,m,n,50000,5.3,0,7150,0
856,17096,thuy,wuytack,f,978,710-9237,chicopee,ma,1021,s,n,45000,5.3,3575,0,0
857,17108,yasufumi,codenie,f,939,390-3268,ccidra,pr,739,s,y,95000,0.0,s0,0,0
858,17140,enno,nauman,lf,787,565-9855,angeles,pr,611,s,n,80000,0.0,0,0,0
859,17147,agatha,fritzsche,m,252,351-3068,albion,ri,2802,m,n,95000,0.0,0,0,0
860,17148,irina,aso,m,774,415-7036,boston,ma,2123,s,n,85000,5.3,3575,0,0
861,17168,xiaopeng,takeoka,m,787,748-3625,casaner,pr,631,s,y,25000,0.0,0,0,0
862,17185,dainis,hirsbrunner,f,252,674-7777,fiskeville,ri,2823,s,n,70000,0.0,0,0,0
863,17212,hillel,poupard,f,787,493-1965,arecibo,pr,614,m,y,70000,0.0,0,0,0
864,17272,madjid,bracher,m,252,139-9427,exeter,ri,2822,m,n,15000,0.0,0,0,0
865,17279,mojgan,vinter,m,978,144-1658,westfield,ma,1085,m,y,85000,5.3,0,7150,1000
866,17313,hyeyoung,himmeroder,f,252,776-6912,fiskeville,ri,2823,s,y,85000,0.0,0,0,0
867,17318,loring,merzbacher,f,252,830-7162,pawtucket,ri,2860,m,y,55000,0.0,0,0,0
868,17322,libero,livingston,m,787,911-3600,roosevelt roads,pzr,742,s,n,65000,0.0,0,0,0
869,17348,candido,jesty,f,787,556-9078,culebra,pr,775,m,n,5000,0.0,0,0,0
870,17352,hovav,pitchumani,m,787,588-7745,crolina,pr,981,m,n,90000,0.0,0,0,e0
871,17360,yongfei,norigoe,m,339,505-2807,cotuit,ma,2635,s,y,55000,5.3,3575,0,1000
872,17384,walcelio,pietra,f,210,432-5542,san juan,pr,911,s,n,75000,0.0,0,0,z0
873,17418,lorcan,ramaswamy,f,939,878-2282,acyey,pr,736,m,y,65000,0.0,0,0,0
874,17472,terje,grass,m,210,929-4056,san juan,pr,910,m,n,15000,0.0,0,0,0
875,17491,wafi,prevel,m,787,433-3545,cailes,pr,638,s,n,50000,0.0,0,0,0
876,17496,gus,fayyad,m,939,416-2785,aibonito,pr,705,s,y,60000,0.0,0,0,0
877,17516,rajib,lieflander,f,787,315-9008,utuado,pr,641,s,y,80000,0.0,0,0,0
878,17567,heiki,graft,f,781,273-8864,sturbridge,ma,1566,s,y,20000,5.3,3575,0,1000
879,17628,vladan,kalorkoti,m,787,834-9740,,pr,958,m,n,75000,0.0,0,0,0
880,17637,tung,niccum,f,252,739-2036,newport,ri,2841,s,y,70000,0.0,0,0,0
881,17643,hiroshige,brennan,m,252,672-1918,central falsl,ri,2863,s,y,80000,0.0,0,0,0
882,17645,brigitte,anquetil,f,351,441-3668,sherborn,ma,1770,s,y,35000,5.3,3575,0,1000
883,17647,yardena,gool,m,252,273-4030,kenyon,ri,2836,s,y,80000,0.0,0,0,0
884,17664,tilo,hoopen,f,351,865-8600,boston,ma,2207,m,n,55000,5.3,0,7150,0
885,17666,basem,carla,f,939,235-9782,aguas buenas,pr,703,s,n,95000,0.0,0,0,0
886,17680,ernest,luckhardt,m,978,503-3366,boston,ma,2222,s,y,90000,5.3,3575,0,1000
887,17728,line,gracia,f,252,257-2406,newport,ri,2840,m,y,45000,0.0,0,0,0
888,17751,juei,hiyoshi,m,857,348-1317,boston,ma,2199,s,n,55000,5.3,3575,0,0
889,17758,duong,avritzer,f,413,861-5416,hingham,ma,2043,m,y,20000,5.3,0,7150,1000
890,17787,rokia,wohlfarth,f,978,885-1658,bernardston,ma,1337,s,n,60000,5.3,3575,0,0
891,17792,tapan,blaine,m,252,351-8532,north kingstown,ri,2852,m,n,95000,0.0,0,0,0
892,17795,vishu,murtha,m,978,682-9931,somerville,ma,2145,s,n,95000,5.3,3575,0,0
893,17801,teofilo,albuquerque,f,252,836-4297,pawtucket,ri,2861,s,n,10000,0.0,0,0,0
894,17818,bozhidar,landram,f,787,300-8425,cbarolina,pr,981,m,y,35000,0.0,0,0,0
895,17894,arunabha,hodge,f,617,306-1119,groveland,ma,1834,m,n,65000,5.3,0,7150,0
896,17948,ung,metze,f,252,372-4909,portsmouth,ri,2871,m,n,5000,0.0,0,0,0
897,17951,jianhui,schattler,f,787,881-6429,carolinga,pr,979,m,n,85000,0.0,0,0,i0
898,17966,mohamad,praeger,f,781,967-1581,avon,ma,2322,s,y,95000,5.3,3575,0,1000
899,18033,konstantinos,grant,m,252,324-8266,bradford,ri,2808,m,y,20000,0.0,0,0,0
900,18034,abdelillah,thomson,m,508,801-4641,north attleboro,ma,2761,m,n,85000,5.3,0,7150,0
901,18113,katsumi,castangia,f,252,497-9538,greenville,ri,2828,m,y,50000,0.0,0,0,0
902,18127,gurushankar,speirs,f,787,569-2990,angeles,pr,611,m,y,70000,0.0,0,0,0
903,18159,raghunandan,sandak,f,508,574-1172,,ma,1614,m,n,95000,5.3,0,7150,0
904,18190,svetozara,brunt,f,939,510-4312,san juan,pr,917,m,n,85000,0.0,0,0,0
905,18218,moss,crvenkovic,m,939,883-2401,aguadilla,pr,605,s,y,65000,0.0,0,0,0
906,18252,barradas,prangrle,f,252,703-4866,bradford,ri,2808,m,y,40000,0.0,0,0,0
907,18280,janyce,carro,m,203,670-8471,central fazlls,i,2863,m,y,15000,0.0,0,0,0
908,18350,alastair,aboutabl,m,339,996-6738,jamaica plain,ma,2130,s,y,95000,5.3,3575,0,1000
909,18368,joelle,brakmo,f,413,252-7207,buzzards bay,ma,2542,s,n,90000,5.3,3575,0,0
910,18373,bulent,rapps,f,617,244-7292,woburn,ma,1807,s,y,80000,5.3,3575,q0,1000
911,18378,tibor,zuberek,m,939,580-8977,naguabo,pr,718,s,y,15000,0.0,0,0,0
912,18379,victoria,can,f,939,536-9060,juana diaz,pr,795,m,n,100000,0.0,0,0,0
913,18400,sanping,romijn,f,787,927-7359,hormigueros,pr,660,s,y,90000,0.0,0,0,0
914,18430,aki,antonakopoulos,m,252,222-7743,middletown,ri,2842,m,y,20000,0.0,0,0,0
915,18437,felicja,olivi,m,210,908-7508,san juan,pr,927,s,n,95000,0.0,0,0,0
916,18450,jingwen,mancey,m,781,710-4049,rehoboth,ma,2769,s,n,80000,5.3,3575,0,0
917,18451,kewal,bodwin,m,781,247-3048,caeyy,r,736,m,n,20000,0.0,0,0,0
918,18456,mihir,salmon,m,508,828-7429,wrentham,ma,2093,s,n,65000,5.3,3575,0,0
919,18460,renny,sloman,m,252,140-6201,manville,ri,2838,m,n,35000,0.0,0,0,0
920,18495,sosuke,reisfelder,f,252,867-9025,forestdale,ri,2824,m,y,75000,0.0,0,0,0
921,18501,ulrike,sylor,m,787,286-7226,roosevelt roads,pr,742,s,y,30000,0.0,0,0,0
922,18539,xubo,jungen,m,210,588-7866,san juan,pr,927,s,n,60000,0.0,0,0,a0
923,18564,evangelos,sutre,m,774,906-6824,monument beach,ma,2553,m,n,60000,5.3,0,7150,0
924,18583,evelina,ochimizu,m,939,868-3689,cbiales,pr,638,s,n,30000,0.0,0,0,0
925,18584,kunihito,carrington,m,252,154-4520,newport,ri,2840,s,y,25000,0.0,0,0,0
926,18587,houria,guha,m,252,735-7050,portsmouth,ri,2871,m,y,65000,0.0,0,0,0
927,18603,sungkil,ruamviboonsuk,m,939,574-7776,adjuntas,pr,601,m,n,20000,0.0,0,0,0
928,18606,asawaree,cannell,f,210,417-1646,san juan,pr,922,m,n,45000,0.0,0,0,0
929,18639,hongwei,hembry,m,939,674-2984,bayamon,pr,960,s,n,10000,0.0,0,0,0
930,18650,louann,gove,m,774,223-1723,forestdale,ma,2644,s,y,15000,5.3,3575,0,1000
931,18665,aamer,dilger,f,252,308-2105,little compton,ri,2837,s,y,10000,0.0,0,0,0
932,18677,manindra,beaucoudrey,m,252,265-3424,coventry,ri,2816,s,n,35000,0.0,0,0,0
933,18696,anirvan,komosinski,m,210,245-6203,san juan,pr,915,m,n,60000,0.0,0,0,0
934,18698,goetz,bouaziz,m,508,757-8713,manomet,ma,2345,s,n,40000,5.3,3575,0,0
935,18717,rephael,donald,f,939,839-7584,san antonio,pr,690,s,y,85000,0.0,0,0,0
936,18734,traugot,andrzejak,m,939,448-8004,gurabo,pr,778,m,n,80000,0.0,0,0,0
937,18748,rusong,banach,m,857,194-1995,uxbridge,ma,1569,m,y,20000,5.3,0,7150,1000
938,18771,rochel,hoogendoorn,m,252,713-3256,coventry,ri,2816,s,y,55000,0.0,e0,0,0
939,18772,clelia,olveszky,f,787,873-6553,vcarolina,pr,987,m,y,35000,0.0,0,0,0
940,18796,mariano,tatsiopoulos,m,939,686-6613,ponce,pr,730,s,y,40000,0.0,0,0,0
941,18800,hon,garigliano,f,978,962-7222,dighton,ma,2715,s,n,90000,5.3,3575,0,0
942,18802,joergen,starr,m,252,784-7705,north kingstown,ri,2854,s,n,85000,0.0,0,0,0
943,18847,carroll,luttermann,f,413,439-1372,springfield,ma,1115,m,y,45000,5.3,0,7150,100j0
944,18901,mosur,lessing,m,252,918-9698,adamsville,ri,2801,m,y,30000,0.0,0,0,0
945,18908,sunghyun,sembok,f,339,927-9886,lawrence,ma,1843,s,y,45000,5.3,3575,0,1000
946,18981,tokinori,syrzycki,f,252,877-9162,carloina,ri,2812,s,n,75000,0.0,0,0,0
947,18982,hosam,kerr,f,787,231-4154,guayama,pr,785,m,n,80000,0.0,0,0,0
948,18984,jefferson,cotofrei,f,252,715-1125,manville,ri,2838,s,y,40000,0.0,0,0,0
949,18985,lazaros,cazalens,m,939,833-8570,cials,pr,638,s,n,65000,0.0,0,0,0
950,19028,tridas,ardizzone,f,939,738-9112,gurabo,pr,778,m,y,40000,0.0,0,0,0
951,19048,basil,pinho,m,210,100-7731,san juan,pr,919,m,y,50000,0.0,0,0,0
952,19058,zhilian,cappelli,m,939,335-4968,aguadmilla,pr,605,m,n,80000,0.0,0,0,0
953,19066,grigoris,hadfield,f,787,803-3143,moca,pr,676,s,n,15000,0.0,0,0,0
954,19088,douadi,bartell,f,252,977-9038,cumberland,ri,2864,m,n,20000,0.0,0,0,0
955,19099,colleen,oxman,m,787,728-5444,salinas,pr,751,s,y,50000,0.0,0,0,0
956,19128,jarno,thoben,f,339,824-6350,attleboro falls,ma,2763,s,y,80000,5.3,3575,0,1000
957,19139,leen,goldsman,m,978,211-4838,dorchester,ma,2121,m,n,15000,5.3,0,7150,0
958,19150,sophie,slyke,f,508,257-7462,wayland,ma,1778,m,n,100000,5.3,0,7150,0
959,19168,suzan,kopecky,f,339,571-8343,whitinsville,ma,1588,s,n,5000,5.3,3575,0,0
960,19202,hakjong,murillo,f,252,660-2600,forestdale,ri,2824,s,y,55000,0.0,0,0,0
961,19233,yuyan,schach,m,939,772-2750,lares,pr,669,s,n,80000,0.0,0,0,0
962,19235,sungwon,streett,f,857,928-8485,south yarmouth,ma,2664,s,n,90000,5.3,3575,0,0
963,19256,thodoros,glenstrup,m,787,410-2141,lares,pr,669,s,y,75000,0.0,0,0,0
964,19262,onn,cater,m,939,497-6985,jayuya,pr,664,s,y,55000,0.0,0,0,0
965,19294,pramod,borgstrom,m,781,529-2712,south dennis,ma,2660,s,n,85000,5.3,3575,0,0
966,19337,abbas,belleghem,f,939,863-4000,fajardo,pr,738,s,n,10000,0.0,0,0,0
967,19338,galina,priest,m,939,209-2597,mayaguez,pr,682,m,n,10000,0.0,0,0,0
968,19350,guna,rodite,m,781,231-9710,ludlow,ma,1056,s,y,80000,5.3,3575,0,0100
969,19362,dany,dam,m,252,546-4708,middletown***,ri,2842,s,y,55000,0.0,0,0,0
970,19421,savi,kara,f,939,122-9250,juncos,pr,777,s,y,5000,0.0,0,0,0
971,19425,aarno,roccetti,m,413,545-5987,franklin,a,2038,s,y,80000,5.3,3575,0,1000
972,19449,zvezdan,glockner,m,252,443-4042,harrisville,ri,2830,m,n,90000,0.0,0,0,0
973,19466,sumitaka,mikitiuk,m,939,757-1607,fajardo,pr,738,m,y,95000,0.0,0,0,0
974,19479,yulan,heijes,m,939,606-1620,ponce,pr,730,m,n,10000,0.0,0,0,0
975,19494,kyuchul,bassiouni,f,339,645-1680,pittsfield,ma,1203,m,y,100000,5.3,0,7150,1000
976,19531,kouhei,onizuka,m,787,845-3352,mercedita,pr,715,m,y,20000,0.0,0,0,0
977,19592,shyamsundar,buhler,m,508,440-6646,maynard,ma,1754,s,y,60000,5.3,3575,0,1000
978,19610,iztok,keim,m,857,671-9439,groton,ma,1470,s,n,5000,5.3,3575,0,0
979,19644,marisela,bergler,m,787,495-9430,camuy,pr,627,m,n,35000,0.0,0,0,0
980,19658,evaggelia,vingron,***,252,722-6221,central alls,ri,2863,s,y,55000,0.0,0,0,0
981,19668,junsheng,lanneluc,f,939,490-4036,punta santiago,pr,741,m,y,75000,0.0,0,0,0
982,19698,brajesh,rein,f,252,512-3813,harmony,ri,2829,m,n,80000,0.0,0,0,0
983,19712,conrado,ranka,kf,787,374-6509,gurabo,pr,778,s,y,100000,0.0,0,0,0
984,19714,moses,beke,m,939,348-9325,corozal,pr,783,m,y,90000,0.0,0,0,0
985,19733,ellis,schwaller,qf,939,502-6059,carolna,pr,987,s,y,30000,0.0,0,***,0
986,19734,zoe,ruhleder,m,774,800-4975,sharon,ma,2067,m,n,45000,5.3,0,7150,0
987,19740,akiharu,ebcioglu,f,252,246-4896,cumberland,ri,2864,m,n,80000,0.0,0,0,0
988,19741,kazuhide,kriegman,f,252,690-4171,fiskeville,ri,2823,s,n,95000,0.0,0,0,0
989,19764,rachel,nekvinda,m,787,852-3504,aguirre,pr,704,s,n,5000,0.0,0,0,0
990,19824,heiki,krinik,f,939,581-5429,aguadilla,pr,604,m,n,65000,0.0,0,0,0
991,19834,mohammad,loganantharaj,f,252,358-9479,pascoag,ri,2859,s,y,65000,0.0,0,0,0
992,19843,baktha,felgentreu,f,252,375-6309,cumberland,ri,2864,m,y,90000,0.0,0,0,0
993,19855,mia,sweldens,m,939,807-8284,caguas,pr,725,m,n,100000,0.0,0,0,0
994,19864,miyako,zador,f,978,401-1980,southborough,ma,1772,s,y,65000,5.3,3575,0,1000
995,19887,james,desanctis,m,787,432-8120,juncos,pr,777,m,n,65000,0.0,0,0,0
996,19895,chuan,bakhtiari,m,939,329-4077,toa baja,pr,950,s,y,90000,0.0,0,0,0
997,19923,marc,dullea,m,939,420-6016,sabana grande,pr,637,m,y,90000,0.0,0,0,0
998,19933,hoa,nauman,f,508,255-7090,andover,ma,1810,m,n,35000,5.3,0,7150,0
999,19952,harjit,limaye,***,939,279-4152,bayamon,pr,959,m,n,25000,0.0,0,0,b0
1000,19986,heidi,manolakos,f,939,107-9225,manati,pr,674,m,y,5000,0.0,0,0,0
